y_0,y_1,y_2,u_0,u_1,u_2,y
0.0561034802089327,0.0232908500665409,0.00534267146849245,0.0109186886160024,0.291053064829068,1.04383467342944,3.75803720980618e-05
0.113394082952133,0.0561034802089327,0.0232908500665409,0.363312759468603,0.0109186886160024,0.291053064829068,4.36899864444916e-05
0.179998683106591,0.113394082952133,0.0561034802089327,1.1333036783407,0.363312759468603,0.0109186886160024,7.0227004355198e-05
0.28705849075991,0.179998683106591,0.113394082952133,1.90239250498913,1.1333036783407,0.363312759468603,0.00014016963426711
0.500744582331921,0.28705849075991,0.179998683106591,2.22056773085115,1.90239250498913,1.1333036783407,0.000207636126204225
0.8172821299236,0.500744582331921,0.28705849075991,1.87813593417079,2.22056773085115,1.90239250498913,0.000243821874433302
1.18898420120195,0.8172821299236,0.500744582331921,1.15758456356417,1.87813593417079,2.22056773085115,0.000211121632139414
1.51083534003139,1.18898420120195,0.8172821299236,0.683900235316515,1.15758456356417,1.87813593417079,0.00015071134122047
1.74059207464345,1.51083534003139,1.18898420120195,0.817397041420572,0.683900235316515,1.15758456356417,7.52001802387916e-05
1.85523339966907,1.74059207464345,1.51083534003139,1.19902252513845,0.817397041420572,0.683900235316515,1.45683927819365e-05
1.87744265298085,1.85523339966907,1.74059207464345,1.09346672608052,1.19902252513845,0.817397041420572,-7.41285978586195e-05
1.76443493606025,1.87744265298085,1.85523339966907,0.277773681139967,1.09346672608052,1.19902252513845,-0.00015016755905106
1.53550718760525,1.76443493606025,1.87744265298085,-0.574189161816613,0.277773681139967,1.09346672608052,-0.00025413935831323
1.14807629733778,1.53550718760525,1.76443493606025,-0.607061535456403,-0.574189161816613,0.277773681139967,-0.000329888016987143
0.645167936514834,1.14807629733778,1.53550718760525,0.144337945061122,-0.607061535456403,-0.574189161816613,-0.000336863358032331
0.131625793467079,0.645167936514834,1.14807629733778,0.650218239228596,0.144337945061122,-0.607061535456403,-0.000276574955489392
-0.290007762004775,0.131625793467079,0.645167936514834,0.0177160883019202,0.650218239228596,0.144337945061122,-0.000249872300532534
-0.670933599273886,-0.290007762004775,0.131625793467079,-1.39394433063824,0.0177160883019202,0.650218239228596,-0.000234622674051526
-1.02861165468427,-0.670933599273886,-0.290007762004775,-2.23155908572973,-1.39394433063824,0.0177160883019202,-0.000210667817384464
-1.34977096106519,-1.02861165468427,-0.670933599273886,-1.57892113379633,-2.23155908572973,-1.39394433063824,-0.000212943203585834
-1.67439905286978,-1.34977096106519,-1.02861165468427,0.0351711088390173,-1.57892113379633,-2.23155908572973,-3.58803167045162e-05
-1.72909795167937,-1.67439905286978,-1.34977096106519,1.18859735521516,0.0351711088390173,-1.57892113379633,0.000168128315788828
-1.47278935195058,-1.72909795167937,-1.67439905286978,1.03148095181771,1.18859735521516,0.0351711088390173,0.000288024842449343
-1.03370064931932,-1.47278935195058,-1.72909795167937,0.0297930191308158,1.03148095181771,1.18859735521516,0.000351114931917175
-0.498432237681901,-1.03370064931932,-1.47278935195058,-0.728073898198535,0.0297930191308158,1.03148095181771,0.000327855587071009
0.00137772021344942,-0.498432237681901,-1.03370064931932,-0.728919585571828,-0.728073898198535,0.0297930191308158,0.000308345718255898
0.471445233277709,0.00137772021344942,-0.498432237681901,-0.380141076161293,-0.728919585571828,-0.728073898198535,0.00023579160462947
0.830905302373337,0.471445233277709,0.00137772021344942,-0.299761457973503,-0.380141076161293,-0.728919585571828,0.000152739606249553
1.06375409061743,0.830905302373337,0.471445233277709,-0.558243735714489,-0.299761457973503,-0.380141076161293,3.35466382955516e-05
1.11489533857914,1.06375409061743,0.830905302373337,-0.744756556092071,-0.558243735714489,-0.299761457973503,-7.08159947278759e-05
1.00693762567431,1.11489533857914,1.06375409061743,-0.609567536131405,-0.744756556092071,-0.558243735714489,-0.000175283616492744
0.739720898451029,1.00693762567431,1.11489533857914,-0.393179382809098,-0.609567536131405,-0.744756556092071,-0.000230002493288649
0.389086225687233,0.739720898451029,1.00693762567431,-0.472184333557484,-0.393179382809098,-0.609567536131405,-0.000263774481397478
-0.0130332367838679,0.389086225687233,0.739720898451029,-0.834298559603611,-0.472184333557484,-0.393179382809098,-0.000301710877319333
-0.472986053927363,-0.0130332367838679,0.389086225687233,-1.04260745953965,-0.834298559603611,-0.472184333557484,-0.000300967482342421
-0.931805578771558,-0.472986053927363,-0.0130332367838679,-0.707448799223649,-1.04260745953965,-0.834298559603611,-0.000274157868354842
-1.34975432829046,-0.931805578771558,-0.472986053927363,0.0844319082499964,-0.707448799223649,-1.04260745953965,-0.000165018438504121
-1.60132197591709,-1.34975432829046,-0.931805578771558,0.823519762975737,0.0844319082499964,-0.707448799223649,-4.64419363186319e-05
-1.67212187426064,-1.60132197591709,-1.34975432829046,1.0261370036097,0.823519762975737,0.0844319082499964,0.000118797379643656
-1.49101740125706,-1.67212187426064,-1.60132197591709,0.651930419870765,1.0261370036097,0.823519762975737,0.000247318650147028
-1.11398455816585,-1.49101740125706,-1.67212187426064,0.144093323777244,0.651930419870765,1.0261370036097,0.000297794383352266
-0.66000236577902,-1.11398455816585,-1.49101740125706,0.0568307464804341,0.144093323777244,0.651930419870765,0.000320871840348891
-0.170839004412089,-0.66000236577902,-1.11398455816585,0.549778928633983,0.0568307464804341,0.144093323777244,0.000320393340067702
0.317594891864645,-0.170839004412089,-0.66000236577902,1.19242876830707,0.549778928633983,0.0568307464804341,0.000350341673481559
0.851684484895979,0.317594891864645,-0.170839004412089,1.34549033902737,1.19242876830707,0.549778928633983,0.000346069320048137
1.37926095180142,0.851684484895979,0.317594891864645,0.845393493063512,1.34549033902737,1.19242876830707,0.000238071984016011
1.74219741834189,1.37926095180142,0.851684484895979,0.270678556732864,0.845393493063512,1.34549033902737,0.000136865832803972
1.95084692388242,1.74219741834189,1.37926095180142,0.355689830969424,0.270678556732864,0.845393493063512,-2.42409763312177e-05
1.91389199056044,1.95084692388242,1.74219741834189,1.07100395090451,0.355689830969424,0.270678556732864,-9.41297527825317e-05
1.77039287195385,1.91389199056044,1.95084692388242,1.46735851152252,1.07100395090451,0.355689830969424,-0.000162672537981182
1.52240150756848,1.77039287195385,1.91389199056044,0.677136345747723,1.46735851152252,1.07100395090451,-0.000218015515144389
1.19004076783447,1.52240150756848,1.77039287195385,-0.938392069657424,0.677136345747723,1.46735851152252,-0.000317070200274932
0.706672938525642,1.19004076783447,1.52240150756848,-1.92557865073146,-0.938392069657424,0.677136345747723,-0.000428779824499635
0.0530057921331592,0.706672938525642,1.19004076783447,-1.24839583795215,-1.92557865073146,-0.938392069657424,-0.000457361873803721
-0.644234175411656,0.0530057921331592,0.706672938525642,0.44106121913801,-1.24839583795215,-1.92557865073146,-0.000383711441375132
-1.22919538065148,-0.644234175411656,0.0530057921331592,1.33406864864412,0.44106121913801,-1.24839583795215,-0.000207902706103748
-1.54613932451521,-1.22919538065148,-0.644234175411656,0.374655892475358,1.33406864864412,0.44106121913801,-6.80773581833805e-05
-1.64992203516303,-1.54613932451521,-1.22919538065148,-1.55148677558586,0.374655892475358,1.33406864864412,-1.65178917001577e-05
-1.67510326458459,-1.64992203516303,-1.54613932451521,-2.52999114831527,-1.55148677558586,0.374655892475358,7.48977077677862e-06
-1.66368524346734,-1.67510326458459,-1.64992203516303,-1.63396692108996,-2.52999114831527,-1.55148677558586,9.34658685066345e-05
-1.52119820452346,-1.66368524346734,-1.67510326458459,0.199750459412893,-1.63396692108996,-2.52999114831527,0.000184538576563757
-1.23987245678679,-1.52119820452346,-1.66368524346734,1.30544003839064,0.199750459412893,-1.63396692108996,0.000296680912270965
-0.787587731077997,-1.23987245678679,-1.52119820452346,1.0018148509236,1.30544003839064,0.199750459412893,0.000411212509435167
-0.160701641190141,-0.787587731077997,-1.23987245678679,-0.0218605821083604,1.0018148509236,1.30544003839064,0.000393457341204588
0.43911701341308,-0.160701641190141,-0.787587731077997,-0.779285709548435,-0.0218605821083604,1.0018148509236,0.000313685554856473
0.917325011531582,0.43911701341308,-0.160701641190141,-0.979494681713151,-0.779285709548435,-0.0218605821083604,0.000185794606734056
1.20056555471872,0.917325011531582,0.43911701341308,-0.849052553972518,-0.979494681713151,-0.779285709548435,6.83974771143076e-05
1.30483628093101,1.20056555471872,0.917325011531582,-0.428544857844313,-0.849052553972518,-0.979494681713151,-5.73319255101804e-05
1.21743478952652,1.30483628093101,1.20056555471872,0.429407536198236,-0.428544857844313,-0.849052553972518,-0.000108701433438227
1.05172140530361,1.21743478952652,1.30483628093101,1.40020049067125,0.429407536198236,-0.428544857844313,-0.00011750246171971
0.872591011432945,1.05172140530361,1.21743478952652,1.59556743395078,1.40020049067125,0.429407536198236,-0.000108406355286517
0.70732746855604,0.872591011432945,1.05172140530361,0.560364442390339,1.59556743395078,1.40020049067125,-0.000134431058850003
0.502389732207216,0.70732746855604,0.872591011432945,-0.837072366409025,0.560364442390339,1.59556743395078,-0.000168638153541037
0.245303893976129,0.502389732207216,0.70732746855604,-1.05066989147931,-0.837072366409025,0.560364442390339,-0.000211260459267054
-0.0767588843176252,0.245303893976129,0.502389732207216,0.396812266342301,-1.05066989147931,-0.837072366409025,-0.000196006609361868
-0.375567442218295,-0.0767588843176252,0.245303893976129,2.13856052228052,0.396812266342301,-1.05066989147931,-7.19765083964697e-05
-0.485294337381141,-0.375567442218295,-0.0767588843176252,2.32064277167418,2.13856052228052,0.396812266342301,7.54900295297037e-05
-0.370211142313954,-0.485294337381141,-0.375567442218295,0.680105894593754,2.32064277167418,2.13856052228052,0.000107107276270208
-0.206928022080582,-0.370211142313954,-0.485294337381141,-1.10280051356283,0.680105894593754,2.32064277167418,0.000106854034488989
-0.0440309643973076,-0.206928022080582,-0.370211142313954,-1.27381895077417,-1.10280051356283,0.680105894593754,3.57921845279168e-05
0.0105335784909189,-0.0440309643973076,-0.206928022080582,0.0581093930914069,-1.27381895077417,-1.10280051356283,7.8524823528674e-05
0.13024326253881,0.0105335784909189,-0.0440309643973076,1.15578463963585,0.0581093930914069,-1.27381895077417,8.56302457342703e-05
0.260785035205763,0.13024326253881,0.0105335784909189,0.698924559208069,1.15578463963585,0.0581093930914069,9.18292578489942e-05
0.400777090577162,0.260785035205763,0.13024326253881,-0.819326643347841,0.698924559208069,1.15578463963585,6.80696731663479e-05
0.504548085554454,0.400777090577162,0.260785035205763,-1.87912995773181,-0.819326643347841,0.698924559208069,-6.45790484298017e-05
0.406098485335714,0.504548085554454,0.400777090577162,-1.75515374458837,-1.87912995773181,-0.819326643347841,-0.000157043419703282
0.166688610729432,0.406098485335714,0.504548085554454,-1.1297064844794,-1.75515374458837,-1.87912995773181,-0.000195945617937863
-0.132026966840061,0.166688610729432,0.406098485335714,-0.954914724086851,-1.1297064844794,-1.75515374458837,-0.000225447718722448
-0.475717967530143,-0.132026966840061,0.166688610729432,-1.20628542672123,-0.954914724086851,-1.1297064844794,-0.000263346812564551
-0.877185456541563,-0.475717967530143,-0.132026966840061,-1.10760044687995,-1.20628542672123,-0.954914724086851,-0.000225795731910443
-1.22140699709035,-0.877185456541563,-0.475717967530143,-0.373045019974386,-1.10760044687995,-1.20628542672123,-0.000170899749031173
-1.48194059705336,-1.22140699709035,-0.877185456541563,0.268638668794355,-0.373045019974386,-1.10760044687995,-8.53368336114276e-05
-1.61203506820542,-1.48194059705336,-1.22140699709035,-0.036111053318684,0.268638668794355,-0.373045019974386,4.3034273275891e-05
-1.54643009100726,-1.61203506820542,-1.48194059705336,-1.1397597970836,-0.036111053318684,0.268638668794355,9.15219465413322e-05
-1.40690652620855,-1.54643009100726,-1.61203506820542,-1.97861651252267,-1.1397597970836,-0.036111053318684,8.77186320384434e-05
-1.27318104610478,-1.40690652620855,-1.54643009100726,-1.74445688105785,-1.97861651252267,-1.1397597970836,9.00734414126737e-05
-1.13586570137586,-1.27318104610478,-1.40690652620855,-0.703161553669909,-1.74445688105785,-1.97861651252267,0.000107960284020272
-0.971282186137931,-1.13586570137586,-1.27318104610478,0.235671793984141,-0.703161553669909,-1.74445688105785,0.000159583574935391
-0.727999890472882,-0.971282186137931,-1.13586570137586,0.539543896012621,0.235671793984141,-0.703161553669909,0.000196865358903037
-0.427882184310171,-0.727999890472882,-0.971282186137931,0.435535341366564,0.539543896012621,0.235671793984141,0.000224119566714879
-0.0862159275169728,-0.427882184310171,-0.727999890472882,0.383151965640069,0.435535341366564,0.539543896012621,0.000243579292940248
0.28511633262925,-0.0862159275169728,-0.427882184310171,0.462167179163026,0.383151965640069,0.435535341366564,0.000230878445872856
0.637086379385424,0.28511633262925,-0.0862159275169728,0.403910315906502,0.462167179163026,0.383151965640069,0.000160698665305452
0.882068610305165,0.637086379385424,0.28511633262925,0.0618648266087934,0.403910315906502,0.462167179163026,0.00010644084925895
1.0443357745214,0.882068610305165,0.637086379385424,-0.350912527051303,0.0618648266087934,0.403910315906502,6.01872975368369e-06
1.05351122000228,1.0443357745214,0.882068610305165,-0.486652951054812,-0.350912527051303,0.0618648266087934,-0.000102203656231049
0.897703580504809,1.05351122000228,1.0443357745214,-0.200510952757201,-0.486652951054812,-0.350912527051303,-0.000178243092635798
0.625975185020305,0.897703580504809,1.05351122000228,0.339384703027489,-0.200510952757201,-0.486652951054812,-0.000198435837259354
0.323463312791496,0.625975185020305,0.897703580504809,0.757556835770462,0.339384703027489,-0.200510952757201,-0.000192718457160051
0.0296674839043105,0.323463312791496,0.625975185020305,0.673605005239202,0.757556835770462,0.339384703027489,-0.000140219870647328
-0.184095192127663,0.0296674839043105,0.323463312791496,-0.0128710187815802,0.673605005239202,0.757556835770462,-0.000154799371058692
-0.420084054853111,-0.184095192127663,0.0296674839043105,-0.883289457946188,-0.0128710187815802,0.673605005239202,-0.00015224986611377
-0.652186243050425,-0.420084054853111,-0.184095192127663,-1.16916289983222,-0.883289457946188,-0.0128710187815802,-0.000144816224527069
-0.872955978073307,-0.652186243050425,-0.420084054853111,-0.445900001008983,-1.16916289983222,-0.883289457946188,-0.000136717718163781
-1.08137968550333,-0.872955978073307,-0.652186243050425,0.759169215761851,-0.445900001008983,-1.16916289983222,2.63444902297912e-06
-1.07736351525284,-1.08137968550333,-0.872955978073307,1.29191117408458,0.759169215761851,-0.445900001008983,0.000106560672057997
-0.914913683330127,-1.07736351525284,-1.08137968550333,0.553867961280774,1.29191117408458,0.759169215761851,0.000155022685385603
-0.678584381921514,-0.914913683330127,-1.07736351525284,-0.715972509308533,0.553867961280774,1.29191117408458,0.000186972137719263
-0.39354871388262,-0.678584381921514,-0.914913683330127,-1.13289668987348,-0.715972509308533,0.553867961280774,0.000170726755643808
-0.133278839233633,-0.39354871388262,-0.678584381921514,-0.227636472393915,-1.13289668987348,-0.715972509308533,0.000128064455509147
0.0619531245945579,-0.133278839233633,-0.39354871388262,0.945761432262964,-0.227636472393915,-1.13289668987348,0.000150179241266733
0.290898682377668,0.0619531245945579,-0.133278839233633,1.01655450556331,0.945761432262964,-0.227636472393915,0.000180252124154476
0.565689810352814,0.290898682377668,0.0619531245945579,-0.0310859147324829,1.01655450556331,0.945761432262964,0.000126775607125187
0.758956947952863,0.565689810352814,0.290898682377668,-0.79244599596625,-0.0310859147324829,1.01655450556331,3.31151662292563e-05
0.809440424493885,0.758956947952863,0.565689810352814,-0.175768112049553,-0.79244599596625,-0.0310859147324829,-8.30147071104745e-06
0.796784981395825,0.809440424493885,0.758956947952863,1.16198556475248,-0.175768112049553,-0.79244599596625,-3.82075275536025e-05
0.738538291417302,0.796784981395825,0.809440424493885,1.54439125485908,1.16198556475248,-0.175768112049553,-4.65144225751386e-06
0.731447251183246,0.738538291417302,0.796784981395825,0.390175117609486,1.54439125485908,1.16198556475248,-7.77796980112476e-05
0.612873497612608,0.731447251183246,0.738538291417302,-0.89492187393186,0.390175117609486,1.54439125485908,-0.000121275220508986
0.427991600683954,0.612873497612608,0.731447251183246,-0.479488054930559,-0.89492187393186,0.390175117609486,-0.000163649207899616
0.178511320537929,0.427991600683954,0.612873497612608,1.65403268817961,-0.479488054930559,-0.89492187393186,-0.000101949230310033
0.0230915487904221,0.178511320537929,0.427991600683954,3.49222032238687,1.65403268817961,-0.479488054930559,3.69612605532536e-05
0.0794383270958338,0.0230915487904221,0.178511320537929,3.13061406235501,3.49222032238687,1.65403268817961,0.000168497794672951
0.336310190751787,0.0794383270958338,0.0230915487904221,0.808587023613369,3.13061406235501,3.49222032238687,0.000191493769492959
0.628239005272091,0.336310190751787,0.0794383270958338,-1.453354825444,0.808587023613369,3.13061406235501,9.21160031823875e-05
0.768668198757531,0.628239005272091,0.336310190751787,-2.04627475548105,-1.453354825444,0.808587023613369,-4.2924775118707e-05
0.703230149534652,0.768668198757531,0.628239005272091,-1.20693058938241,-2.04627475548105,-1.453354825444,-0.000125561499111389
0.511813897809931,0.703230149534652,0.768668198757531,-0.261441264838515,-1.20693058938241,-2.04627475548105,-0.00016628539568313
0.258314796704187,0.511813897809931,0.703230149534652,0.0677334671025484,-0.261441264838515,-1.20693058938241,-0.000166313408849817
0.00477299002862929,0.258314796704187,0.511813897809931,0.179321391571897,0.0677334671025484,-0.261441264838515,-0.00016011108039992
-0.239313478249036,0.00477299002862929,0.258314796704187,0.60359328504535,0.179321391571897,0.0677334671025484,-0.000109860288069891
-0.406793515557934,-0.239313478249036,0.00477299002862929,1.08221596906149,0.60359328504535,0.179321391571897,-1.82029278160928e-05
-0.434543552293964,-0.406793515557934,-0.239313478249036,0.941673329265414,1.08221596906149,0.60359328504535,3.55101772690082e-05
-0.380408924410269,-0.434543552293964,-0.406793515557934,0.104218823705529,0.941673329265414,1.08221596906149,8.61887992472801e-05
-0.249015646938064,-0.380408924410269,-0.434543552293964,-0.714625541140393,0.104218823705529,0.941673329265414,7.4340052745443e-05
-0.135685570837849,-0.249015646938064,-0.380408924410269,-0.852312325813578,-0.714625541140393,0.104218823705529,2.80550822820293e-05
-0.0929161014522486,-0.135685570837849,-0.249015646938064,-0.404150101189683,-0.852312325813578,-0.714625541140393,2.13924425290715e-05
-0.0603037067840493,-0.0929161014522486,-0.135685570837849,0.0873770119601824,-0.404150101189683,-0.852312325813578,4.75005817941924e-05
0.0121100775856462,-0.0603037067840493,-0.0929161014522486,0.370345237008577,0.0873770119601824,-0.404150101189683,7.484484753193e-05
0.12620970427743,0.0121100775856462,-0.0603037067840493,0.563214282628815,0.370345237008577,0.0873770119601824,7.23773669670377e-05
0.236547701136201,0.12620970427743,0.0121100775856462,0.598693235915074,0.563214282628815,0.370345237008577,9.08004685254243e-05
0.374971385649289,0.236547701136201,0.12620970427743,0.0744654370710039,0.598693235915074,0.563214282628815,5.72078394321628e-05
0.462183710055035,0.374971385649289,0.236547701136201,-1.06547418623336,0.0744654370710039,0.598693235915074,2.66340782087204e-06
0.466244027473142,0.462183710055035,0.374971385649289,-1.99776952344912,-1.06547418623336,0.0744654370710039,-0.000100376301504869
0.31322215745702,0.466244027473142,0.462183710055035,-1.68463759171011,-1.99776952344912,-1.06547418623336,-0.000198334766732872
0.010864365431744,0.31322215745702,0.466244027473142,-0.188311643262265,-1.68463759171011,-1.99776952344912,-0.000199914055450296
-0.293901023897003,0.010864365431744,0.31322215745702,1.06696931676318,-0.188311643262265,-1.68463759171011,-0.000124902898245881
-0.484313250423313,-0.293901023897003,0.010864365431744,0.724010001156547,1.06696931676318,-0.188311643262265,-7.77162665425083e-05
-0.602790303858373,-0.484313250423313,-0.293901023897003,-0.901302880766713,0.724010001156547,1.06696931676318,-5.82918889907511e-05
-0.691655242358865,-0.602790303858373,-0.484313250423313,-2.01857571781303,-0.901302880766713,0.724010001156547,-0.000105915672148173
-0.853121783495986,-0.691655242358865,-0.602790303858373,-1.31573313453441,-2.01857571781303,-0.901302880766713,-9.62145330502094e-05
-0.999799112201476,-0.853121783495986,-0.691655242358865,0.532525108939862,-1.31573313453441,-2.01857571781303,-6.23032250747003e-06
-1.00929712703768,-0.999799112201476,-0.853121783495986,1.57928551217335,0.532525108939862,-1.31573313453441,0.000104594266203082
-0.84984504554628,-1.00929712703768,-0.999799112201476,0.753406807926175,1.57928551217335,0.532525108939862,0.00019903517386659
-0.546419495417076,-0.84984504554628,-1.00929712703768,-0.997626664272958,0.753406807926175,1.57928551217335,0.000181035077807824
-0.270434768650433,-0.546419495417076,-0.84984504554628,-1.79673375303946,-0.997626664272958,0.753406807926175,0.000106760268124126
-0.107680656107403,-0.270434768650433,-0.546419495417076,-0.831792995524059,-1.79673375303946,-0.997626664272958,8.54596223039157e-05
0.0226010042024499,-0.107680656107403,-0.270434768650433,0.947117911677338,-0.831792995524059,-1.79673375303946,0.000103652275264923
0.180617037416177,0.0226010042024499,-0.107680656107403,1.98482116368027,0.947117911677338,-0.831792995524059,0.000187202116867555
0.466003304538805,0.180617037416177,0.0226010042024499,1.65641701935029,1.98482116368027,0.947117911677338,0.000201470303504251
0.773141166093118,0.466003304538805,0.180617037416177,0.591935874625594,1.65641701935029,1.98482116368027,0.000169547496141841
1.03161328079758,0.773141166093118,0.466003304538805,-0.208070808859262,0.591935874625594,1.65641701935029,9.16938211022621e-05
1.1713988652795,1.03161328079758,0.773141166093118,-0.266746787031409,-0.208070808859262,0.591935874625594,8.8118642698026e-06
1.18483239419696,1.1713988652795,1.03161328079758,0.260977232948557,-0.266746787031409,-0.208070808859262,-5.58685173669131e-05
1.09966184224055,1.18483239419696,1.1713988652795,0.968683102617287,0.260977232948557,-0.266746787031409,-9.80056329893437e-05
0.950254013825832,1.09966184224055,1.18483239419696,1.45219448920933,0.968683102617287,0.260977232948557,-8.75538359885815e-05
0.816779762342201,0.950254013825832,1.09966184224055,1.37355925620838,1.45219448920933,0.968683102617287,-7.36740131067003e-05
0.704465051716678,0.816779762342201,0.950254013825832,0.630336985189508,1.37355925620838,1.45219448920933,-8.76824247760267e-05
0.570794768934593,0.704465051716678,0.816779762342201,-0.419928523494707,0.630336985189508,1.37355925620838,-0.000117273377542097
0.392013609780926,0.570794768934593,0.704465051716678,-1.08866787511869,-0.419928523494707,0.630336985189508,-0.000183805974331332
0.111804700998293,0.392013609780926,0.570794768934593,-0.913019232001394,-1.08866787511869,-0.419928523494707,-0.000213442304606239
-0.213584261353675,0.111804700998293,0.392013609780926,-0.095728246359961,-0.913019232001394,-1.08866787511869,-0.000206080378285446
-0.527750099166889,-0.213584261353675,0.111804700998293,0.689260637244885,-0.095728246359961,-0.913019232001394,-0.000139637879032547
-0.740625539428145,-0.527750099166889,-0.213584261353675,0.914843186515267,0.689260637244885,-0.095728246359961,-8.78053449381093e-06
-0.754011306664437,-0.740625539428145,-0.527750099166889,0.555930229499422,0.914843186515267,0.689260637244885,1.98475860179344e-05
-0.72375401801924,-0.754011306664437,-0.740625539428145,-0.105175550834522,0.555930229499422,0.914843186515267,9.29480858945463e-05
-0.582056329373949,-0.72375401801924,-0.754011306664437,-0.819398321063987,-0.105175550834522,0.555930229499422,9.63252681626334e-05
-0.435210186977124,-0.582056329373949,-0.72375401801924,-1.41566653768817,-0.819398321063987,-0.105175550834522,4.95361050465702e-05
-0.359693283944254,-0.435210186977124,-0.582056329373949,-1.68153113670526,-1.41566653768817,-0.819398321063987,8.42042254912715e-06
-0.346856500904078,-0.359693283944254,-0.435210186977124,-1.47283551994283,-1.68153113670526,-1.41566653768817,-4.27034461795046e-05
-0.411957138131717,-0.346856500904078,-0.359693283944254,-0.986233672008989,-1.47283551994283,-1.68153113670526,-5.41106517124866e-05
-0.494447855449432,-0.411957138131717,-0.346856500904078,-0.691905277963746,-0.986233672008989,-1.47283551994283,-5.92685519570483e-05
-0.584801699112175,-0.494447855449432,-0.411957138131717,-0.801807739105921,-0.691905277963746,-0.986233672008989,-6.28196318632753e-05
-0.680569100354554,-0.584801699112175,-0.494447855449432,-0.908640780751774,-0.801807739105921,-0.691905277963746,-5.83348119190425e-05
-0.769499474088813,-0.680569100354554,-0.584801699112175,-0.410860698624404,-0.908640780751774,-0.801807739105921,-3.48347117527728e-05
-0.822604366916761,-0.769499474088813,-0.680569100354554,0.650641715534482,-0.410860698624404,-0.908640780751774,6.62811990225834e-05
-0.721559868670783,-0.822604366916761,-0.769499474088813,1.41818470760906,0.650641715534482,-0.410860698624404,0.00015014195033169
-0.49267116024882,-0.721559868670783,-0.822604366916761,1.10034251618345,1.41818470760906,0.650641715534482,0.000204438329587167
-0.181008596203429,-0.49267116024882,-0.721559868670783,-0.0501446111632548,1.10034251618345,1.41818470760906,0.000210659275941869
0.140137688901564,-0.181008596203429,-0.49267116024882,-0.900345308640899,-0.0501446111632548,1.10034251618345,0.000191879456495902
0.432654476335258,0.140137688901564,-0.181008596203429,-0.659544567944148,-0.900345308640899,-0.0501446111632548,0.00010478290730156
0.592394137795418,0.432654476335258,0.140137688901564,0.260787877410492,-0.659544567944148,-0.900345308640899,4.41067674113054e-05
0.659634113053091,0.592394137795418,0.432654476335258,0.788455063854202,0.260787877410492,-0.659544567944148,6.40121384808407e-05
0.757219469229959,0.659634113053091,0.592394137795418,0.46786766382718,0.788455063854202,0.260787877410492,3.85606160365367e-05
0.816004436263221,0.757219469229959,0.659634113053091,-0.0914720736003702,0.46786766382718,0.788455063854202,-2.83803663513733e-05
0.772739077152344,0.816004436263221,0.757219469229959,-0.0988344333744519,-0.0914720736003702,0.46786766382718,-8.68223322447558e-05
0.640379989996606,0.772739077152344,0.816004436263221,0.377177356548644,-0.0988344333744519,-0.0914720736003702,-0.000124914833467055
0.449949568439839,0.640379989996606,0.772739077152344,0.541960931870205,0.377177356548644,-0.0988344333744519,-9.73958426734505e-05
0.301471354416736,0.449949568439839,0.640379989996606,-0.0342263398753114,0.541960931870205,0.377177356548644,-0.000140297238961821
0.087590731777981,0.301471354416736,0.449949568439839,-0.816762627211401,-0.0342263398753114,0.541960931870205,-0.000179234246726367
-0.185648660327628,0.087590731777981,0.301471354416736,-0.978220616204933,-0.816762627211401,-0.0342263398753114,-0.000176371792217643
-0.454524291912137,-0.185648660327628,0.087590731777981,-0.448601951608808,-0.978220616204933,-0.816762627211401,-0.000188283691443022
-0.741559400062165,-0.454524291912137,-0.185648660327628,0.031977207440918,-0.448601951608808,-0.978220616204933,-0.000137740674552098
-0.951542586145405,-0.741559400062165,-0.454524291912137,-0.0857185245577605,0.031977207440918,-0.448601951608808,-7.03168821249589e-05
-1.05873941084553,-0.951542586145405,-0.741559400062165,-0.429709157146845,-0.0857185245577605,0.031977207440918,-1.83793479738556e-05
-1.08675839694555,-1.05873941084553,-0.951542586145405,-0.211682011325051,-0.429709157146845,-0.0857185245577605,4.77509796859199e-05
-1.01396288548425,-1.08675839694555,-1.05873941084553,0.681683969045714,-0.211682011325051,-0.429709157146845,0.000128895130720201
-0.817464572206374,-1.01396288548425,-1.08675839694555,1.4225266839918,0.681683969045714,-0.211682011325051,0.00023483929583544
-0.459456280774504,-0.817464572206374,-1.01396288548425,1.1592468673626,1.4225266839918,0.681683969045714,0.000299983405952761
-0.00213696272341474,-0.459456280774504,-0.817464572206374,-0.0050922788402573,1.1592468673626,1.4225266839918,0.000291772967877364
0.442665689848742,-0.00213696272341474,-0.459456280774504,-1.12415205913631,-0.0050922788402573,1.1592468673626,0.000210128212687981
0.763002378555097,0.442665689848742,-0.00213696272341474,-1.38470729643285,-1.12415205913631,-0.0050922788402573,9.44636855986074e-05
0.907010571746125,0.763002378555097,0.442665689848742,-0.755821150271279,-1.38470729643285,-1.12415205913631,-1.11009321959226e-05
0.890087399861177,0.907010571746125,0.763002378555097,0.291482953744249,-0.755821150271279,-1.38470729643285,-5.91527139400228e-05
0.799910149176243,0.890087399861177,0.907010571746125,1.380935026901,0.291482953744249,-0.755821150271279,-5.04960014712019e-05
0.722929901272953,0.799910149176243,0.890087399861177,2.32253301328527,1.380935026901,0.291482953744249,1.7526043232468e-05
0.749648039610473,0.722929901272953,0.799910149176243,2.80428846983,2.32253301328527,1.380935026901,7.39931778000596e-05
0.862449311082418,0.749648039610473,0.722929901272953,2.42320564277551,2.80428846983,2.32253301328527,0.000108732385068984
1.02820988051087,0.862449311082418,0.749648039610473,1.21395027848918,2.42320564277551,2.80428846983,0.000109910027293434
1.1957657443733,1.02820988051087,0.862449311082418,-0.0851043854842893,1.21395027848918,2.42320564277551,3.0540616606085e-05
1.24232436622372,1.1957657443733,1.02820988051087,-0.628570514369462,-0.0851043854842893,1.21395027848918,-6.84316476252693e-05
1.13800154768079,1.24232436622372,1.1957657443733,-0.369213384898197,-0.628570514369462,-0.0851043854842893,-0.00016448174596582
0.887252078195845,1.13800154768079,1.24232436622372,-0.134184420342821,-0.369213384898197,-0.628570514369462,-0.000220701438484926
0.550796696538119,0.887252078195845,1.13800154768079,-0.647872317974703,-0.134184420342821,-0.369213384898197,-0.000273271921789648
0.134198556656234,0.550796696538119,0.887252078195845,-1.61692889610668,-0.647872317974703,-0.134184420342821,-0.000311240385194244
-0.340281824199912,0.134198556656234,0.550796696538119,-2.01182039767627,-1.61692889610668,-0.647872317974703,-0.000378453808258164
-0.917227862120809,-0.340281824199912,0.134198556656234,-1.25727968561245,-2.01182039767627,-1.61692889610668,-0.000371366124435986
-1.48336885326978,-0.917227862120809,-0.340281824199912,0.0730518244488316,-1.25727968561245,-2.01182039767627,-0.000247565603925263
-1.86077817296341,-1.48336885326978,-0.917227862120809,0.870789672044508,0.0730518244488316,-1.25727968561245,-6.63779477661475e-05
-1.96197016293243,-1.86077817296341,-1.48336885326978,0.665039958517366,0.870789672044508,0.0730518244488316,8.39376906315605e-05
-1.83400866014033,-1.96197016293243,-1.86077817296341,-0.0012959929122464,0.665039958517366,0.870789672044508,0.000213598558582198
-1.50838149140657,-1.83400866014033,-1.96197016293243,-0.310171687628736,-0.0012959929122464,0.665039958517366,0.000284935483056393
-1.07400246171975,-1.50838149140657,-1.83400866014033,-0.0356716065158036,-0.310171687628736,-0.0012959929122464,0.000319511473385506
-0.58691295537163,-1.07400246171975,-1.50838149140657,0.429718510589382,-0.0356716065158036,-0.310171687628736,0.000359957720621844
-0.0381638710708519,-0.58691295537163,-1.07400246171975,0.702624395230201,0.429718510589382,-0.0356716065158036,0.000362627636518603
0.514655452092912,-0.0381638710708519,-0.58691295537163,0.779893166062616,0.702624395230201,0.429718510589382,0.000329394480840003
1.01681142591789,0.514655452092912,-0.0381638710708519,0.792081774265839,0.779893166062616,0.702624395230201,0.000277634167167609
1.44005973058167,1.01681142591789,0.514655452092912,0.691906692040145,0.792081774265839,0.779893166062616,0.00018523382348187
1.72244536976621,1.44005973058167,1.01681142591789,0.415641524424698,0.691906692040145,0.792081774265839,7.44379028697077e-05
1.83592461662458,1.72244536976621,1.44005973058167,0.218401799911731,0.415641524424698,0.691906692040145,-7.91071181364905e-05
1.71532723489853,1.83592461662458,1.72244536976621,0.513723839515957,0.218401799911731,0.415641524424698,-0.000181752225449031
1.43824922942476,1.71532723489853,1.83592461662458,1.25471022946003,0.513723839515957,0.218401799911731,-0.000196349526787936
1.13891790006298,1.43824922942476,1.71532723489853,1.70318724627811,1.25471022946003,0.513723839515957,-0.000207352413402991
0.822812867544496,1.13891790006298,1.43824922942476,1.10939550436165,1.70318724627811,1.25471022946003,-0.000206662291466387
0.507759913531545,0.822812867544496,1.13891790006298,-0.358932418346868,1.10939550436165,1.70318724627811,-0.00021129634452842
0.185642428800935,0.507759913531545,0.822812867544496,-1.59850988990008,-0.358932418346868,1.10939550436165,-0.000283532887721074
-0.246598369472008,0.185642428800935,0.507759913531545,-1.64813321020356,-1.59850988990008,-0.358932418346868,-0.000320280844027902
-0.734860767555229,-0.246598369472008,0.185642428800935,-0.704997687171052,-1.64813321020356,-1.59850988990008,-0.00027466755599914
-1.15358652673961,-0.734860767555229,-0.246598369472008,0.0990517993966597,-0.704997687171052,-1.64813321020356,-0.000192699732013991
-1.44735380947772,-1.15358652673961,-0.734860767555229,-0.0676906270890673,0.0990517993966597,-0.704997687171052,-6.76480847718941e-05
-1.55048210051465,-1.44735380947772,-1.15358652673961,-0.886022625572865,-0.0676906270890673,0.0990517993966597,-1.96051021910759e-05
-1.58036972691808,-1.55048210051465,-1.44735380947772,-1.33926266846216,-0.886022625572865,-0.0676906270890673,5.29006594849214e-05
-1.49972362103345,-1.58036972691808,-1.55048210051465,-0.872401899974606,-1.33926266846216,-0.886022625572865,0.00014659912677116
-1.2762358835403,-1.49972362103345,-1.58036972691808,0.0781599542590437,-0.872401899974606,-1.33926266846216,0.000196299142961851
-0.976981363417065,-1.2762358835403,-1.49972362103345,0.673374163534071,0.0781599542590437,-0.872401899974606,0.000288307060759517
-0.537462424037402,-0.976981363417065,-1.2762358835403,0.565475093508437,0.673374163534071,0.0781599542590437,0.000341974899391368
-0.0161278279335184,-0.537462424037402,-0.976981363417065,0.084177160900477,0.565475093508437,0.673374163534071,0.000312729760025522
0.460623078120511,-0.0161278279335184,-0.537462424037402,-0.311107318479909,0.084177160900477,0.565475093508437,0.000276658695929572
0.882384294390383,0.460623078120511,-0.0161278279335184,-0.50513574002276,-0.311107318479909,0.084177160900477,0.000161212393794827
1.1281496951714,0.882384294390383,0.460623078120511,-0.608858876906657,-0.50513574002276,-0.311107318479909,4.15133685414016e-05
1.19143608040014,1.1281496951714,0.882384294390383,-0.599210034031427,-0.608858876906657,-0.50513574002276,-5.10979643009756e-05
1.11353815096734,1.19143608040014,1.1281496951714,-0.315956455761349,-0.599210034031427,-0.608858876906657,-0.000140567104102086
0.899246123765986,1.11353815096734,1.19143608040014,0.196119432930449,-0.315956455761349,-0.599210034031427,-0.000189910075518451
0.60973162228451,0.899246123765986,1.11353815096734,0.556867746272828,0.196119432930449,-0.315956455761349,-0.000215564831159398
0.281106906298925,0.60973162228451,0.899246123765986,0.406686993366955,0.556867746272828,0.196119432930449,-0.00018825290760249
-0.00588127243874331,0.281106906298925,0.60973162228451,-0.169770533144296,0.406686993366955,0.556867746272828,-0.000216832834225907
-0.336439036340163,-0.00588127243874331,0.281106906298925,-0.702417261472249,-0.169770533144296,0.406686993366955,-0.000182376948698686
-0.614469421195035,-0.336439036340163,-0.00588127243874331,-0.816848450247418,-0.702417261472249,-0.169770533144296,-0.000190578724251872
-0.905003265669211,-0.614469421195035,-0.336439036340163,-0.555243213601608,-0.816848450247418,-0.702417261472249,-0.000151611532738025
-1.13613232609248,-0.905003265669211,-0.614469421195035,-0.207158924385018,-0.555243213601608,-0.816848450247418,-6.76453585230346e-05
-1.23925646101195,-1.13613232609248,-0.905003265669211,0.0336503816272339,-0.207158924385018,-0.555243213601608,5.62281188795806e-06
-1.23068458521115,-1.23925646101195,-1.13613232609248,0.123591885786704,0.0336503816272339,-0.207158924385018,9.56243535101816e-05
-1.08490697462145,-1.23068458521115,-1.23925646101195,-0.0160457908429872,0.123591885786704,0.0336503816272339,0.000138804812206939
-0.873301529783334,-1.08490697462145,-1.23068458521115,-0.485849907641562,-0.0160457908429872,0.123591885786704,0.000178326034033103
-0.601446691627331,-0.873301529783334,-1.08490697462145,-1.09600015933358,-0.485849907641562,-0.0160457908429872,0.000184754839167429
-0.319791255432996,-0.601446691627331,-0.873301529783334,-1.24981762166812,-1.09600015933358,-0.485849907641562,0.000106800327405566
-0.156976073234425,-0.319791255432996,-0.601446691627331,-0.438968332132438,-1.24981762166812,-1.09600015933358,9.82105069136728e-05
-0.00725591819929861,-0.156976073234425,-0.319791255432996,1.04539369804038,-0.438968332132438,-1.24981762166812,0.000134236584882632
0.197385346076832,-0.00725591819929861,-0.156976073234425,2.08734574359357,1.04539369804038,-0.438968332132438,0.000192946508803383
0.491528835601037,0.197385346076832,-0.00725591819929861,1.69085967851268,2.08734574359357,1.04539369804038,0.000224142760082264
0.833230450266522,0.491528835601037,0.197385346076832,0.021476714091754,1.69085967851268,2.08734574359357,0.000165676520813874
1.08580133256262,0.833230450266522,0.491528835601037,-1.61675193243851,0.021476714091754,1.69085967851268,7.28006271269758e-06
1.09689965750018,1.08580133256262,0.833230450266522,-1.96151383267848,-1.61675193243851,0.021476714091754,-0.000145157905028251
0.875609036685983,1.09689965750018,1.08580133256262,-0.943330296511275,-1.96151383267848,-1.61675193243851,-0.000232722248302292
0.520828146220062,0.875609036685983,1.09689965750018,0.37808669599617,-0.943330296511275,-1.96151383267848,-0.000244255852509137
0.148464483154458,0.520828146220062,0.875609036685983,0.959664290827296,0.37808669599617,-0.943330296511275,-0.000220074280670261
-0.187034807671503,0.148464483154458,0.520828146220062,0.731112604229473,0.959664290827296,0.37808669599617,-0.000154154515588737
-0.422040599807347,-0.187034807671503,0.148464483154458,0.401034514182681,0.731112604229473,0.959664290827296,-0.000113536800439423
-0.595125414234836,-0.422040599807347,-0.187034807671503,0.486638728898246,0.401034514182681,0.731112604229473,-3.05119007016499e-05
-0.641640259204356,-0.595125414234836,-0.422040599807347,0.733938220866139,0.486638728898246,0.401034514182681,2.48000471096642e-05
-0.603833032515249,-0.641640259204356,-0.595125414234836,0.515112251485209,0.733938220866139,0.486638728898246,8.77232841089376e-05
-0.470100460413515,-0.603833032515249,-0.641640259204356,-0.36845774620423,0.515112251485209,0.733938220866139,0.000124705693081121
-0.279988869621298,-0.470100460413515,-0.603833032515249,-1.42289964326049,-0.36845774620423,0.515112251485209,4.84523511482331e-05
-0.206124129954427,-0.279988869621298,-0.470100460413515,-1.96211367536843,-1.42289964326049,-0.36845774620423,-1.27381136009695e-05
-0.225543155506027,-0.206124129954427,-0.279988869621298,-1.74284263619236,-1.96211367536843,-1.42289964326049,-8.18545948293924e-05
-0.350329016136667,-0.225543155506027,-0.206124129954427,-1.08285944285224,-1.74284263619236,-1.96211367536843,-9.04654189455834e-05
-0.488241923579005,-0.350329016136667,-0.225543155506027,-0.478060468144636,-1.08285944285224,-1.74284263619236,-8.58119367781266e-05
-0.619060680981192,-0.488241923579005,-0.350329016136667,-0.210376247890776,-0.478060468144636,-1.08285944285224,-6.53463772210915e-05
-0.718680060169668,-0.619060680981192,-0.488241923579005,-0.264590296328544,-0.210376247890776,-0.478060468144636,-4.20264407701863e-05
-0.782748614802196,-0.718680060169668,-0.619060680981192,-0.45133021986527,-0.264590296328544,-0.210376247890776,1.15464008062333e-06
-0.780988386723619,-0.782748614802196,-0.718680060169668,-0.530878008794875,-0.45133021986527,-0.264590296328544,3.73513063225072e-06
-0.775294247115638,-0.780988386723619,-0.782748614802196,-0.324339081787405,-0.530878008794875,-0.45133021986527,4.40242813792132e-05
-0.708180020333369,-0.775294247115638,-0.780988386723619,0.140298923470191,-0.324339081787405,-0.530878008794875,0.000109365840820482
-0.54145375898149,-0.708180020333369,-0.775294247115638,0.574762502807912,0.140298923470191,-0.324339081787405,0.000135949609208689
-0.334201019866912,-0.54145375898149,-0.708180020333369,0.642739505328501,0.574762502807912,0.140298923470191,0.000185371420345063
-0.0516056167341286,-0.334201019866912,-0.54145375898149,0.311581176345256,0.642739505328501,0.574762502807912,0.000186698906145975
0.233013514675449,-0.0516056167341286,-0.334201019866912,-0.0606919376228737,0.311581176345256,0.642739505328501,0.000169281933100639
0.491080783290118,0.233013514675449,-0.0516056167341286,-0.0872630629581316,-0.0606919376228737,0.311581176345256,0.000134015812454616
0.695385483962323,0.491080783290118,0.233013514675449,0.20668832312461,-0.0872630629581316,-0.0606919376228737,8.62949874024016e-05
0.826940643371068,0.695385483962323,0.491080783290118,0.409158675496175,0.20668832312461,-0.0872630629581316,4.34351607331728e-05
0.893156766302421,0.826940643371068,0.695385483962323,0.228391208503504,0.409158675496175,0.20668832312461,-6.13814207201197e-06
0.88379927888555,0.893156766302421,0.826940643371068,-0.130891543113285,0.228391208503504,0.409158675496175,-5.63411124705077e-05
0.797908264176191,0.88379927888555,0.893156766302421,-0.226726851829936,-0.130891543113285,0.228391208503504,-0.000139006796934733
0.585994897245924,0.797908264176191,0.88379927888555,0.0137300537822667,-0.226726851829936,-0.130891543113285,-0.000167893282821414
0.330044601057413,0.585994897245924,0.797908264176191,0.125026763389445,0.0137300537822667,-0.226726851829936,-0.000152197873041238
0.098021675365963,0.330044601057413,0.585994897245924,-0.339495379196765,0.125026763389445,0.0137300537822667,-0.000212953461915503
-0.226622055078088,0.098021675365963,0.330044601057413,-1.16954990620578,-0.339495379196765,0.125026763389445,-0.000220412691076909
-0.562637246494944,-0.226622055078088,0.098021675365963,-1.61071093837367,-1.16954990620578,-0.339495379196765,-0.000245981681216901
-0.937631904449084,-0.562637246494944,-0.226622055078088,-1.18306775297763,-1.61071093837367,-1.16954990620578,-0.000237692992903597
-1.2999906058411,-0.937631904449084,-0.562637246494944,-0.257590672241237,-1.18306775297763,-1.61071093837367,-0.000148260828880864
-1.52601157837503,-1.2999906058411,-0.937631904449084,0.336252173328654,-0.257590672241237,-1.18306775297763,-5.84364052636241e-05
-1.61509682933964,-1.52601157837503,-1.2999906058411,0.254770915826745,0.336252173328654,-0.257590672241237,6.81363111878699e-05
-1.5112242458946,-1.61509682933964,-1.52601157837503,0.027982425899234,0.254770915826745,0.336252173328654,0.000172455420309887
-1.24831905298953,-1.5112242458946,-1.61509682933964,0.41388727546491,0.027982425899234,0.254770915826745,0.000253658995152168
-0.861620467739179,-1.24831905298953,-1.5112242458946,1.46313043080121,0.41388727546491,0.027982425899234,0.000339460670574279
-0.344118768339709,-0.861620467739179,-1.24831905298953,2.38576168005624,1.46313043080121,0.41388727546491,0.000456997045300679
0.35256502470043,-0.344118768339709,-0.861620467739179,2.37297736089907,2.38576168005624,1.46313043080121,0.000513259076609381
1.13501927463816,0.35256502470043,-0.344118768339709,1.43213609731365,2.37297736089907,2.38576168005624,0.00046692675724726
1.84684073531506,1.13501927463816,0.35256502470043,0.32531842093753,1.43213609731365,2.37297736089907,0.000355369296039243
2.38859484869609,1.84684073531506,1.13501927463816,-0.240325441911141,0.32531842093753,1.43213609731365,0.000148552981562895
2.61506120275002,2.38859484869609,1.84684073531506,-0.227812419590703,-0.240325441911141,0.32531842093753,-6.06421563831574e-05
2.52261332379414,2.61506120275002,2.38859484869609,-0.0921454086403425,-0.227812419590703,-0.240325441911141,-0.000252470308580796
2.13772686988642,2.52261332379414,2.61506120275002,-0.161072619824603,-0.0921454086403425,-0.227812419590703,-0.000369611940786551
1.57426010022562,2.13772686988642,2.52261332379414,-0.324242101225997,-0.161072619824603,-0.0921454086403425,-0.000455180306168427
0.880345893384424,1.57426010022562,2.13772686988642,-0.273438643315687,-0.324242101225997,-0.161072619824603,-0.000496632596542286
0.123238413884625,0.880345893384424,1.57426010022562,0.116721108684946,-0.273438643315687,-0.324242101225997,-0.000432515974862324
-0.536124426676589,0.123238413884625,0.880345893384424,0.697720670259396,0.116721108684946,-0.273438643315687,-0.000330039180605974
-1.03926323372324,-0.536124426676589,0.123238413884625,1.20849531380696,0.697720670259396,0.116721108684946,-0.000187854435939945
-1.32564394956342,-1.03926323372324,-0.536124426676589,1.41051534818565,1.20849531380696,0.697720670259396,1.04862237689976e-05
-1.30965788964208,-1.32564394956342,-1.03926323372324,1.14304425427395,1.41051534818565,1.20849531380696,0.000196986410063227
-1.00935564315838,-1.30965788964208,-1.32564394956342,0.454969048196635,1.14304425427395,1.41051534818565,0.000288227174067617
-0.569958489606651,-1.00935564315838,-1.30965788964208,-0.233496601853867,0.454969048196635,1.14304425427395,0.000293992470379666
-0.121772245307005,-0.569958489606651,-1.00935564315838,-0.27211936147088,-0.233496601853867,0.454969048196635,0.000309358435221062
0.349839136593656,-0.121772245307005,-0.569958489606651,0.653580547567841,-0.27211936147088,-0.233496601853867,0.000310851239077875
0.82372627118008,0.349839136593656,-0.121772245307005,2.01569003308135,0.653580547567841,-0.27211936147088,0.000343996143722054
1.34814221798731,0.82372627118008,0.349839136593656,2.67332702153938,2.01569003308135,0.653580547567841,0.000367493286271307
1.90837913686679,1.34814221798731,0.82372627118008,1.84387839572767,2.67332702153938,2.01569003308135,0.000325715882758894
2.40492715394332,1.90837913686679,1.34814221798731,-0.0681473443152445,1.84387839572767,2.67332702153938,0.000156608623500598
2.64367418954265,2.40492715394332,1.90837913686679,-1.69333887491616,-0.0681473443152445,1.84387839572767,-9.40037545163704e-05
2.50036715303131,2.64367418954265,2.40492715394332,-1.86257375554115,-1.69333887491616,-0.0681473443152445,-0.000328004366347821
2.00033038379886,2.50036715303131,2.64367418954265,-0.612335232652808,-1.86257375554115,-1.69333887491616,-0.000434579749717553
1.33782135551301,2.00033038379886,2.50036715303131,0.931109190968768,-0.612335232652808,-1.86257375554115,-0.000445544951533243
0.658596073870679,1.33782135551301,2.00033038379886,1.61258688123325,0.931109190968768,-0.612335232652808,-0.00036198157489716
0.106761660052814,0.658596073870679,1.33782135551301,1.18173605614268,1.61258688123325,0.931109190968768,-0.000294071665772311
-0.341545316201461,0.106761660052814,0.658596073870679,0.283578616533633,1.18173605614268,1.61258688123325,-0.000197089403193932
-0.642004573864329,-0.341545316201461,0.106761660052814,-0.294536239400391,0.283578616533633,1.18173605614268,-0.000117210812145249
-0.820690353193471,-0.642004573864329,-0.341545316201461,-0.281544052584573,-0.294536239400391,0.283578616533633,-4.10689466836217e-05
-0.883299225276842,-0.820690353193471,-0.642004573864329,0.051424857908764,-0.281544052584573,-0.294536239400391,7.09483497215278e-05
-0.775139739559794,-0.883299225276842,-0.820690353193471,0.308482845190857,0.051424857908764,-0.281544052584573,0.000163740267535262
-0.525520640633633,-0.775139739559794,-0.883299225276842,0.310713351973715,0.308482845190857,0.051424857908764,0.000232618229639661
-0.170898324751889,-0.525520640633633,-0.775139739559794,0.109587079701992,0.310713351973715,0.308482845190857,0.000266853101749143
0.235914439187972,-0.170898324751889,-0.525520640633633,-0.183983888922097,0.109587079701992,0.310713351973715,0.000254026335498034
0.623173028202298,0.235914439187972,-0.170898324751889,-0.517355255104131,-0.183983888922097,0.109587079701992,0.000185108809854919
0.905368086356386,0.623173028202298,0.235914439187972,-0.885770606649504,-0.517355255104131,-0.183983888922097,0.000115890613837978
1.08204124706199,0.905368086356386,0.623173028202298,-1.25720468022315,-0.885770606649504,-0.517355255104131,-3.93873880979534e-06
1.07603671044185,1.08204124706199,0.905368086356386,-1.51188939865479,-1.25720468022315,-0.885770606649504,-0.00012303514107588
0.888471846197323,1.07603671044185,1.08204124706199,-1.46188945901946,-1.51188939865479,-1.25720468022315,-0.000218691314227456
0.555080862890914,0.888471846197323,1.07603671044185,-0.990785932001295,-1.46188945901946,-1.51188939865479,-0.000289573423160378
0.113631376760747,0.555080862890914,0.888471846197323,-0.239702033843623,-0.990785932001295,-1.46188945901946,-0.000276696266116871
-0.308187114585326,0.113631376760747,0.555080862890914,0.372110129568913,-0.239702033843623,-0.990785932001295,-0.000218988030142254
-0.642030435978168,-0.308187114585326,0.113631376760747,0.433565361886059,0.372110129568913,-0.239702033843623,-0.000154634188011215
-0.877767480112565,-0.642030435978168,-0.308187114585326,-0.0551315478140948,0.433565361886059,0.372110129568913,-8.96914561393867e-05
-1.01450049514851,-0.877767480112565,-0.642030435978168,-0.596927820896209,-0.0551315478140948,0.433565361886059,-3.31938025131715e-05
-1.06510385129294,-1.01450049514851,-0.877767480112565,-0.630973856148555,-0.596927820896209,-0.0551315478140948,2.32743116230919e-05
-1.02962258096808,-1.06510385129294,-1.01450049514851,-0.114259000495577,-0.630973856148555,-0.596927820896209,0.000108799682004208
-0.863759418569778,-1.02962258096808,-1.06510385129294,0.38142102848228,-0.114259000495577,-0.630973856148555,0.00018335904675068
-0.584231842862062,-0.863759418569778,-1.02962258096808,0.240708188049725,0.38142102848228,-0.114259000495577,0.000218456364551502
-0.251199036119595,-0.584231842862062,-0.863759418569778,-0.515340677728129,0.240708188049725,0.38142102848228,0.000199816713495732
0.0534179571465865,-0.251199036119595,-0.584231842862062,-1.18668792982782,-0.515340677728129,0.240708188049725,0.000158075886246806
0.294401808466998,0.0534179571465865,-0.251199036119595,-1.08454666670982,-1.18668792982782,-0.515340677728129,8.01685749666078e-05
0.416617362078754,0.294401808466998,0.0534179571465865,-0.246574111608154,-1.08454666670982,-1.18668792982782,4.64179338780859e-05
0.48738066913251,0.416617362078754,0.294401808466998,0.583278998833931,-0.246574111608154,-1.08454666670982,3.69838889849883e-05
0.543761944075949,0.48738066913251,0.416617362078754,0.694451646502794,0.583278998833931,-0.246574111608154,3.52838624884287e-05
0.597551559138716,0.543761944075949,0.48738066913251,0.097204781982163,0.694451646502794,0.583278998833931,-1.0974759776782e-05
0.580820734842112,0.597551559138716,0.543761944075949,-0.536254473971619,0.097204781982163,0.694451646502794,-8.97567647111156e-05
0.44398815806077,0.580820734842112,0.597551559138716,-0.576177925528385,-0.536254473971619,0.097204781982163,-9.10411724544793e-05
0.30519752472817,0.44398815806077,0.580820734842112,-0.041528595894606,-0.576177925528385,-0.536254473971619,-0.000137394040281754
0.0957427763684224,0.30519752472817,0.44398815806077,0.482145416822633,-0.041528595894606,-0.576177925528385,-0.000139901734618148
-0.117534906997207,0.0957427763684224,0.30519752472817,0.477839640007669,0.482145416822633,-0.041528595894606,-8.41110976774371e-05
-0.24576076571831,-0.117534906997207,0.0957427763684224,0.019026235495444,0.477839640007669,0.482145416822633,-6.93752330592143e-05
-0.351522063319123,-0.24576076571831,-0.117534906997207,-0.333439748268382,0.019026235495444,0.477839640007669,-6.34096393756496e-05
-0.448188920424225,-0.351522063319123,-0.24576076571831,-0.139846130354184,-0.333439748268382,0.019026235495444,-4.5788231204778e-05
-0.517992257054893,-0.448188920424225,-0.351522063319123,0.414518154102012,-0.139846130354184,-0.333439748268382,8.15195914765135e-06
-0.505564741651686,-0.517992257054893,-0.448188920424225,0.639761837456377,0.414518154102012,-0.139846130354184,7.0142061783505e-05
-0.398634427424301,-0.505564741651686,-0.517992257054893,0.0190367758475534,0.639761837456377,0.414518154102012,8.55658294272032e-05
-0.26819085626128,-0.398634427424301,-0.505564741651686,-1.18761745647444,0.0190367758475534,0.639761837456377,4.94565428803458e-05
-0.192795244322779,-0.26819085626128,-0.398634427424301,-2.04846993929239,-1.18761745647444,0.0190367758475534,-2.2377971639918e-05
-0.226910060431459,-0.192795244322779,-0.26819085626128,-1.7726952255387,-2.04846993929239,-1.18761745647444,-0.00010472262359889
-0.386557820468915,-0.226910060431459,-0.192795244322779,-0.49445651891196,-1.7726952255387,-2.04846993929239,-6.41410247184523e-05
-0.484339661401676,-0.386557820468915,-0.226910060431459,0.782962660439042,-0.49445651891196,-1.7726952255387,-5.07584224054644e-05
-0.561719965309124,-0.484339661401676,-0.386557820468915,1.11269638417676,0.782962660439042,-0.49445651891196,5.04237492771158e-05
-0.484849864578883,-0.561719965309124,-0.484339661401676,0.506429396551127,1.11269638417676,0.782962660439042,9.31452323965146e-05
-0.342851629629873,-0.484849864578883,-0.561719965309124,-0.137028932326874,0.506429396551127,1.11269638417676,0.000103896337420163
-0.18446352804109,-0.342851629629873,-0.484849864578883,-0.0387417204217086,-0.137028932326874,0.506429396551127,0.000120095074491366
-0.00138074253416418,-0.18446352804109,-0.342851629629873,0.588843062536902,-0.0387417204217086,-0.137028932326874,0.000131549290787807
0.199163790127946,-0.00138074253416418,-0.18446352804109,0.781587713479202,0.588843062536902,-0.0387417204217086,0.000128458942212366
0.394997141854656,0.199163790127946,-0.00138074253416418,-0.0552446553000551,0.781587713479202,0.588843062536902,0.000102149988151003
0.550722965327371,0.394997141854656,0.199163790127946,-1.38002147931125,-0.0552446553000551,0.781587713479202,3.41998130578184e-05
0.602859966490493,0.550722965327371,0.394997141854656,-1.98070005382348,-1.38002147931125,-0.0552446553000551,-0.000107605859141689
0.438816765618481,0.602859966490493,0.550722965327371,-1.195336458334,-1.98070005382348,-1.38002147931125,-0.000189827818962313
0.149427662780435,0.438816765618481,0.602859966490493,0.421366129898306,-1.195336458334,-1.98070005382348,-0.000171223615998187
-0.111599666560785,0.149427662780435,0.438816765618481,1.66189840527573,0.421366129898306,-1.195336458334,-0.000104102446010765
-0.270301976996551,-0.111599666560785,0.149427662780435,1.79176387057127,1.66189840527573,0.421366129898306,-8.86248706593858e-07
-0.271653047242706,-0.270301976996551,-0.111599666560785,1.04878346495192,1.79176387057127,1.66189840527573,6.38403680542159e-05
-0.174329551998166,-0.271653047242706,-0.270301976996551,0.145459548253353,1.04878346495192,1.79176387057127,8.00520594966068e-05
-0.052291624129121,-0.174329551998166,-0.271653047242706,-0.492010165503253,0.145459548253353,1.04878346495192,5.91017709626677e-05
0.0378079649011972,-0.052291624129121,-0.174329551998166,-0.901906896926437,-0.492010165503253,0.145459548253353,1.35690702771267e-05
0.0584937689909744,0.0378079649011972,-0.052291624129121,-1.19459848847018,-0.901906896926437,-0.492010165503253,-4.36610447054687e-05
-0.0080667100018114,0.0584937689909744,0.0378079649011972,-1.26576225723395,-1.19459848847018,-0.901906896926437,-8.67695265573762e-05
-0.140345295834935,-0.0080667100018114,0.0584937689909744,-0.985692167696876,-1.26576225723395,-1.19459848847018,-0.000119948468706501
-0.323204583454223,-0.140345295834935,-0.0080667100018114,-0.495439515493766,-0.985692167696876,-1.26576225723395,-0.000114455251666206
-0.4976895602919,-0.323204583454223,-0.140345295834935,-0.104097754618051,-0.495439515493766,-0.985692167696876,-0.000113616269413406
-0.670895523743858,-0.4976895602919,-0.323204583454223,0.107395488389377,-0.104097754618051,-0.495439515493766,-7.96591172543817e-05
-0.792334418217449,-0.670895523743858,-0.4976895602919,0.400848642803411,0.107395488389377,-0.104097754618051,2.94214272808244e-05
-0.747481980405355,-0.792334418217449,-0.670895523743858,0.989918497856997,0.400848642803411,0.107395488389377,0.000111315171238253
-0.577783999819608,-0.747481980405355,-0.792334418217449,1.63185226685149,0.989918497856997,0.400848642803411,0.000181734757011798
-0.300732624664864,-0.577783999819608,-0.747481980405355,1.7834278527293,1.63185226685149,0.989918497856997,0.000287996890548145
0.138313465794726,-0.300732624664864,-0.577783999819608,1.20534270903431,1.7834278527293,1.63185226685149,0.000333371594505737
0.646532478018941,0.138313465794726,-0.300732624664864,0.300013037762541,1.20534270903431,1.7834278527293,0.000285676051038397
1.08204049030206,0.646532478018941,0.138313465794726,-0.245020644361797,0.300013037762541,1.20534270903431,0.000203146864324904
1.39173423873531,1.08204049030206,0.646532478018941,-0.111892592430669,-0.245020644361797,0.300013037762541,9.95054801509673e-05
1.54342855722756,1.39173423873531,1.08204049030206,0.417786720165753,-0.111892592430669,-0.245020644361797,2.41352594060236e-05
1.58022232699456,1.54342855722756,1.39173423873531,0.83279681825232,0.417786720165753,-0.111892592430669,-4.3207102297277e-05
1.51435387505537,1.58022232699456,1.54342855722756,0.849886485675051,0.83279681825232,0.417786720165753,-0.000111577184736316
1.34425645959464,1.51435387505537,1.58022232699456,0.477254724057067,0.849886485675051,0.83279681825232,-0.000174416229749597
1.07836204789278,1.34425645959464,1.51435387505537,-0.188030408100306,0.477254724057067,0.849886485675051,-0.000228558132534909
0.729929277173612,1.07836204789278,1.34425645959464,-0.995376666879304,-0.188030408100306,0.477254724057067,-0.000287346932317222
0.291874036371133,0.729929277173612,1.07836204789278,-1.57193791718518,-0.995376666879304,-0.188030408100306,-0.000372874489655099
-0.276566430481124,0.291874036371133,0.729929277173612,-1.38216818493165,-1.57193791718518,-0.995376666879304,-0.000381655522158906
-0.858393423776975,-0.276566430481124,0.291874036371133,-0.226817259088254,-1.38216818493165,-1.57193791718518,-0.000306613157651998
-1.32581967929787,-0.858393423776975,-0.276566430481124,1.30476100680162,-0.226817259088254,-1.38216818493165,-0.000167773299485883
-1.58158706304491,-1.32581967929787,-0.858393423776975,2.10818237587549,1.30476100680162,-0.226817259088254,5.25219765085613e-05
-1.50151825256087,-1.58158706304491,-1.32581967929787,1.50468068466146,2.10818237587549,1.30476100680162,0.00022625487553687
-1.15659675579464,-1.50151825256087,-1.58158706304491,-0.0692858646768363,1.50468068466146,2.10818237587549,0.00029916163100309
-0.700530218904504,-1.15659675579464,-1.50151825256087,-1.41381747940201,-0.0692858646768363,1.50468068466146,0.000245199381861752
-0.326728162276001,-0.700530218904504,-1.15659675579464,-1.65775341320622,-1.41381747940201,-0.0692858646768363,0.000190290506337715
-0.03663370083881,-0.326728162276001,-0.700530218904504,-0.967423207413235,-1.65775341320622,-1.41381747940201,0.000135836684218226
0.170446886154667,-0.03663370083881,-0.326728162276001,-0.176501855303818,-0.967423207413235,-1.65775341320622,0.000132532561248632
0.37249039698584,0.170446886154667,-0.03663370083881,0.159898824983745,-0.176501855303818,-0.967423207413235,7.98961612756751e-05
0.494290660815251,0.37249039698584,0.170446886154667,0.20648012078002,0.159898824983745,-0.176501855303818,3.21571559794241e-05
0.543313667925479,0.494290660815251,0.37249039698584,0.385470361159355,0.20648012078002,0.159898824983745,2.77304804617051e-05
0.585588287662189,0.543313667925479,0.494290660815251,0.692504071183889,0.385470361159355,0.20648012078002,1.41841202427065e-06
0.587750631334482,0.585588287662189,0.543313667925479,0.663780010270187,0.692504071183889,0.385470361159355,-3.17253895566456e-05
0.539385844386117,0.587750631334482,0.585588287662189,0.00231870329773768,0.663780010270187,0.692504071183889,-8.14046237005196e-05
0.415285956665029,0.539385844386117,0.587750631334482,-0.950397557294381,0.00231870329773768,0.663780010270187,-0.000127048425427437
0.221602912459946,0.415285956665029,0.539385844386117,-1.5002925408316,-0.950397557294381,0.00231870329773768,-0.000222444267449521
-0.117509380672724,0.221602912459946,0.415285956665029,-1.30903266835985,-1.5002925408316,-0.950397557294381,-0.00029215919170698
-0.5629008245409,-0.117509380672724,0.221602912459946,-0.692319341935555,-1.30903266835985,-1.5002925408316,-0.00028238099083547
-0.993385576686836,-0.5629008245409,-0.117509380672724,-0.197558738646802,-0.692319341935555,-1.30903266835985,-0.000205860342308339
-1.30721597360232,-0.993385576686836,-0.5629008245409,-0.011187004540137,-0.197558738646802,-0.692319341935555,-0.000144612394247785
-1.52767497302293,-1.30721597360232,-0.993385576686836,0.109210801534628,-0.011187004540137,-0.197558738646802,-6.28708668855874e-05
-1.62352048113722,-1.52767497302293,-1.30721597360232,0.384266246735764,0.109210801534628,-0.011187004540137,6.46658293888738e-05
-1.52493858490398,-1.62352048113722,-1.52767497302293,0.686545367209957,0.384266246735764,0.109210801534628,0.000176130336828834
-1.25643104772589,-1.52493858490398,-1.62352048113722,0.764082867556167,0.686545367209957,0.384266246735764,0.000270605456716377
-0.843897885988523,-1.25643104772589,-1.52493858490398,0.677104451582939,0.764082867556167,0.686545367209957,0.000323693470576767
-0.3504329999839,-0.843897885988523,-1.25643104772589,0.802708692955375,0.677104451582939,0.764082867556167,0.000356757889063375
0.193437998538934,-0.3504329999839,-0.843897885988523,1.32496033371308,0.802708692955375,0.677104451582939,0.000392987336902219
0.792540140019177,0.193437998538934,-0.3504329999839,1.85426227079294,1.32496033371308,0.802708692955375,0.000375430225864783
1.36487678085086,0.792540140019177,0.193437998538934,1.74860292232583,1.85426227079294,1.32496033371308,0.0003523449542998
1.90202033953323,1.36487678085086,0.792540140019177,0.85399688505466,1.74860292232583,1.85426227079294,0.000227655398031786
2.24907690770534,1.90202033953323,1.36487678085086,-0.218179314906546,0.85399688505466,1.74860292232583,5.00780726901996e-05
2.32542003068329,2.24907690770534,1.90202033953323,-0.691757139102087,-0.218179314906546,0.85399688505466,-0.000175657823310972
2.05763283188216,2.32542003068329,2.24907690770534,-0.462030199099126,-0.691757139102087,-0.218179314906546,-0.000336395033821639
1.54480464068777,2.05763283188216,2.32542003068329,-0.161318204430239,-0.462030199099126,-0.691757139102087,-0.00040800763253873
0.922804328105036,1.54480464068777,2.05763283188216,-0.316345419337359,-0.161318204430239,-0.462030199099126,-0.000453769959715737
0.231040169117023,0.922804328105036,1.54480464068777,-0.599150467456562,-0.316345419337359,-0.161318204430239,-0.000450236146755306
-0.455336755440299,0.231040169117023,0.922804328105036,-0.170847432658392,-0.599150467456562,-0.316345419337359,-0.000387978701461414
-1.04680332208973,-0.455336755440299,0.231040169117023,1.16069830832005,-0.170847432658392,-0.599150467456562,-0.000253914548293531
-1.43389149351723,-1.04680332208973,-0.455336755440299,2.34805710404886,1.16069830832005,-0.170847432658392,-3.76965179902327e-05
-1.49135915858837,-1.43389149351723,-1.04680332208973,1.97172535533396,2.34805710404886,1.16069830832005,0.000173414808358575
-1.22699139582288,-1.49135915858837,-1.43389149351723,-0.206810150295945,1.97172535533396,2.34805710404886,0.000256472587738358
-0.836003539175319,-1.22699139582288,-1.49135915858837,-2.73374465947934,-0.206810150295945,1.97172535533396,0.000187254924863557
-0.550536767210622,-0.836003539175319,-1.22699139582288,-3.72104281431648,-2.73374465947934,-0.206810150295945,6.13884293751237e-05
-0.45695120847315,-0.550536767210622,-0.836003539175319,-2.64933425704291,-3.72104281431648,-2.73374465947934,-4.28585630949717e-05
-0.522288318654266,-0.45695120847315,-0.550536767210622,-0.804064488027823,-2.64933425704291,-3.72104281431648,-4.30189089919039e-05
-0.587869873277248,-0.522288318654266,-0.45695120847315,0.116831035448628,-0.804064488027823,-2.64933425704291,-2.37307780303791e-05
-0.624047018447017,-0.587869873277248,-0.522288318654266,-0.311970144686038,0.116831035448628,-0.804064488027823,-5.80724418746477e-06
-0.632900057978096,-0.624047018447017,-0.587869873277248,-1.0676048404325,-0.311970144686038,0.116831035448628,-2.07856906713186e-05
-0.664587470329582,-0.632900057978096,-0.624047018447017,-1.05107205428266,-1.0676048404325,-0.311970144686038,-4.85310934447848e-05
-0.738572251214221,-0.664587470329582,-0.632900057978096,-0.316485126301658,-1.05107205428266,-1.0676048404325,-7.32788247386526e-06
-0.749743476519378,-0.738572251214221,-0.664587470329582,0.223160603087006,-0.316485126301658,-1.05107205428266,2.39057453305332e-05
-0.713299596840966,-0.749743476519378,-0.738572251214221,0.0887627817963966,0.223160603087006,-0.316485126301658,7.38560237052479e-05
-0.600707414324818,-0.713299596840966,-0.749743476519378,-0.164533689218556,0.0887627817963966,0.223160603087006,0.000112455037180922
-0.429271728568627,-0.600707414324818,-0.713299596840966,0.228110302783923,-0.164533689218556,0.0887627817963966,0.00010404618304577
-0.270655190013147,-0.429271728568627,-0.600707414324818,1.10049141114148,0.228110302783923,-0.164533689218556,0.000162291648056111
-0.0232444854820592,-0.270655190013147,-0.429271728568627,1.41817172641578,1.10049141114148,0.228110302783923,0.000220649417289333
0.313131590796701,-0.0232444854820592,-0.270655190013147,0.536499012060097,1.41817172641578,1.10049141114148,0.000212624782419648
0.637274255248704,0.313131590796701,-0.0232444854820592,-0.897186179505885,0.536499012060097,1.41817172641578,0.000123024189590308
0.824822424150044,0.637274255248704,0.313131590796701,-1.55674179081179,-0.897186179505885,0.536499012060097,-1.40622827475806e-05
0.803384726501602,0.824822424150044,0.637274255248704,-0.871790146828783,-1.55674179081179,-0.897186179505885,-9.39608408649187e-05
0.660143111081654,0.803384726501602,0.824822424150044,0.41849239891355,-0.871790146828783,-1.55674179081179,-0.000112361943560837
0.48884934487837,0.660143111081654,0.803384726501602,1.20496627608879,0.41849239891355,-0.871790146828783,-0.000102329468721671
0.332849906497122,0.48884934487837,0.660143111081654,1.23769211859734,1.20496627608879,0.41849239891355,-8.20761236647902e-05
0.207726329133081,0.332849906497122,0.48884934487837,1.16093788476547,1.23769211859734,1.20496627608879,-1.84344300726735e-05
0.179623371362067,0.207726329133081,0.332849906497122,1.43645013426725,1.16093788476547,1.23769211859734,2.29302840567801e-05
0.214580177836941,0.179623371362067,0.207726329133081,1.63633861824075,1.43645013426725,1.16093788476547,8.76929998228762e-05
0.348266582088139,0.214580177836941,0.179623371362067,1.04921400490473,1.63633861824075,1.43645013426725,0.000111073947063191
0.517596820748675,0.348266582088139,0.214580177836941,-0.214371496906465,1.04921400490473,1.63633861824075,6.81925791172813e-05
0.621555183642157,0.517596820748675,0.348266582088139,-1.13195556562402,-0.214371496906465,1.04921400490473,-1.13904463380614e-05
0.604190652643932,0.621555183642157,0.517596820748675,-0.928571120211485,-1.13195556562402,-0.214371496906465,-8.17453921566281e-05
0.479571269527871,0.604190652643932,0.621555183642157,-0.0750368665536466,-0.928571120211485,-1.13195556562402,-0.000115095148016431
0.304110782189608,0.479571269527871,0.604190652643932,0.178692808872946,-0.0750368665536466,-0.928571120211485,-0.000114811970339944
0.129081994136467,0.304110782189608,0.479571269527871,-0.739598623368042,0.178692808872946,-0.0750368665536466,-0.000156940568492659
-0.11017108564527,0.129081994136467,0.304110782189608,-2.00457444572672,-0.739598623368042,0.178692808872946,-0.000222840168802836
-0.449886923285137,-0.11017108564527,0.129081994136467,-2.29401493939668,-2.00457444572672,-0.739598623368042,-0.000290333593188033
-0.89249527497837,-0.449886923285137,-0.11017108564527,-1.26950204976663,-2.29401493939668,-2.00457444572672,-0.000298961696794566
-1.34825701575618,-0.89249527497837,-0.449886923285137,0.073087972183806,-1.26950204976663,-2.29401493939668,-0.000179811142147062
-1.6223758745761,-1.34825701575618,-0.89249527497837,0.533815342362377,0.073087972183806,-1.26950204976663,-7.67246544846308e-05
-1.73934123322711,-1.6223758745761,-1.34825701575618,-0.0359361293964638,0.533815342362377,0.073087972183806,5.653089380269e-05
-1.65316090028317,-1.73934123322711,-1.6223758745761,-0.742814373310272,-0.0359361293964638,0.533815342362377,0.000141121256907235
-1.43802407707672,-1.65316090028317,-1.73934123322711,-0.758522364801946,-0.742814373310272,-0.0359361293964638,0.000160595623913357
-1.19319893090976,-1.43802407707672,-1.65316090028317,-0.156123246941645,-0.758522364801946,-0.742814373310272,0.000215866359575021
-0.864114540266617,-1.19319893090976,-1.43802407707672,0.38595355221812,-0.156123246941645,-0.758522364801946,0.000288108337092816
-0.424898551550001,-0.864114540266617,-1.19319893090976,0.456280605327063,0.38595355221812,-0.156123246941645,0.000284035202962017
0.00810801729183331,-0.424898551550001,-0.864114540266617,0.254358109183391,0.456280605327063,0.38595355221812,0.00029695680273113
0.460813333055258,0.00810801729183331,-0.424898551550001,0.140260036528141,0.254358109183391,0.456280605327063,0.000236566427412579
0.821454605576643,0.460813333055258,0.00810801729183331,0.129743338132602,0.140260036528141,0.254358109183391,0.00016667731932677
1.07555118724258,0.821454605576643,0.460813333055258,-0.0105479221218811,0.129743338132602,0.140260036528141,8.66769243753831e-05
1.20768860271135,1.07555118724258,0.821454605576643,-0.317385178181932,-0.0105479221218811,0.129743338132602,-3.70159056375025e-05
1.15125851895581,1.20768860271135,1.07555118724258,-0.527509073179356,-0.317385178181932,-0.0105479221218811,-0.000147456011117358
0.926464476656874,1.15125851895581,1.20768860271135,-0.454953728714264,-0.527509073179356,-0.317385178181932,-0.000230885054756237
0.574484354776606,0.926464476656874,1.15125851895581,-0.276833054417322,-0.454953728714264,-0.527509073179356,-0.000285284097848928
0.139573868095762,0.574484354776606,0.926464476656874,-0.285314834372072,-0.276833054417322,-0.454953728714264,-0.000282404928212558
-0.290947376151899,0.139573868095762,0.574484354776606,-0.435295527767864,-0.285314834372072,-0.276833054417322,-0.000267993549459338
-0.699498732156354,-0.290947376151899,0.139573868095762,-0.344552224596542,-0.435295527767864,-0.285314834372072,-0.000269863912691622
-1.11090142333776,-0.699498732156354,-0.290947376151899,0.191676440270355,-0.344552224596542,-0.435295527767864,-0.000164086837578446
-1.36104886207426,-1.11090142333776,-0.699498732156354,0.840004884172848,0.191676440270355,-0.344552224596542,-2.91874488654849e-05
-1.40554460399179,-1.36104886207426,-1.11090142333776,1.05316975747364,0.840004884172848,0.191676440270355,8.15994286344239e-05
-1.28114773964547,-1.40554460399179,-1.36104886207426,0.73424053786918,1.05316975747364,0.840004884172848,0.000216042101394401
-0.951795433753022,-1.28114773964547,-1.40554460399179,0.405414735006286,0.73424053786918,1.05316975747364,0.00026648668464836
-0.54554126610658,-0.951795433753022,-1.28114773964547,0.611506838739156,0.405414735006286,0.73424053786918,0.000314536414396567
-0.0660361478910593,-0.54554126610658,-0.951795433753022,1.23900138046856,0.611506838739156,0.405414735006286,0.00034292153648959
0.456741579478122,-0.0660361478910593,-0.54554126610658,1.58027195697565,1.23900138046856,0.611506838739156,0.000384218979570382
1.04247651758694,0.456741579478122,-0.0660361478910593,1.10567538096111,1.58027195697565,1.23900138046856,0.00035152033048591
1.578362952066,1.04247651758694,0.456741579478122,0.0625260462150856,1.10567538096111,1.58027195697565,0.000221420894425971
1.91591513139252,1.578362952066,1.04247651758694,-0.782573728119682,0.0625260462150856,1.10567538096111,4.33947669208098e-05
1.98206967468195,1.91591513139252,1.578362952066,-0.943028854029132,-0.782573728119682,0.0625260462150856,-0.000146210328796885
1.75917465272214,1.98206967468195,1.91591513139252,-0.630237874267513,-0.943028854029132,-0.782573728119682,-0.000277048609196686
1.33681902067501,1.75917465272214,1.98206967468195,-0.352418219030845,-0.630237874267513,-0.943028854029132,-0.00036279973308875
0.78373733937897,1.33681902067501,1.75917465272214,-0.231045805865126,-0.352418219030845,-0.630237874267513,-0.000382150865166086
0.201155204559457,0.78373733937897,1.33681902067501,0.121163482387994,-0.231045805865126,-0.352418219030845,-0.000373466619388294
-0.368187953443076,0.201155204559457,0.78373733937897,1.01629293452912,0.121163482387994,-0.231045805865126,-0.000302023196380668
-0.828616895389843,-0.368187953443076,0.201155204559457,2.11955501815037,1.01629293452912,0.121163482387994,-0.000112212771112727
-0.99968325087344,-0.828616895389843,-0.368187953443076,2.62270555826676,2.11955501815037,1.01629293452912,0.000102995914836407
-0.842667827352144,-0.99968325087344,-0.828616895389843,2.0464611709727,2.62270555826676,2.11955501815037,0.000228399963980261
-0.494476181755605,-0.842667827352144,-0.99968325087344,0.812322234742937,2.0464611709727,2.62270555826676,0.000289464580564324
-0.053192624209535,-0.494476181755605,-0.842667827352144,-0.0746629136248697,0.812322234742937,2.0464611709727,0.00033885249065378
0.463381915817197,-0.053192624209535,-0.494476181755605,0.0405426830350893,-0.0746629136248697,0.812322234742937,0.00028223156039871
0.89363886394438,0.463381915817197,-0.053192624209535,0.842610617608616,0.0405426830350893,-0.0746629136248697,0.00026283400034661
1.29432457993388,0.89363886394438,0.463381915817197,1.35845546683361,0.842610617608616,0.0405426830350893,0.000248389508689197
1.67298992765207,1.29432457993388,0.89363886394438,0.88603224281661,1.35845546683361,0.842610617608616,0.000167438587632798
1.92824704918674,1.67298992765207,1.29432457993388,-0.367109886234815,0.88603224281661,1.35845546683361,2.54122229071678e-05
1.96698752689136,1.92824704918674,1.67298992765207,-1.51158737877789,-0.367109886234815,0.88603224281661,-0.000140135383043954
1.75335365069428,1.96698752689136,1.92824704918674,-1.78415462773333,-1.51158737877789,-0.367109886234815,-0.000330449171611169
1.24958981971903,1.75335365069428,1.96698752689136,-1.14515937144465,-1.78415462773333,-1.51158737877789,-0.000423288744892287
0.604293725629996,1.24958981971903,1.75335365069428,-0.179201533894959,-1.14515937144465,-1.78415462773333,-0.000436223789910918
-0.0607216124221945,0.604293725629996,1.24958981971903,0.474532276989352,-0.179201533894959,-1.14515937144465,-0.000370590770424811
-0.62568059029776,-0.0607216124221945,0.604293725629996,0.568015782235084,0.474532276989352,-0.179201533894959,-0.000302089140615057
-1.08621006304624,-0.62568059029776,-0.0607216124221945,0.24134962461146,0.568015782235084,0.474532276989352,-0.000179204781965128
-1.35940453665219,-1.08621006304624,-0.62568059029776,-0.251346666991734,0.24134962461146,0.568015782235084,-6.26710422998383e-05
-1.45494541577211,-1.35940453665219,-1.08621006304624,-0.735142915455353,-0.251346666991734,0.24134962461146,4.19828677155596e-05
-1.39094328747928,-1.45494541577211,-1.35940453665219,-1.11389954918172,-0.735142915455353,-0.251346666991734,8.53000726345878e-05
-1.2609048577766,-1.39094328747928,-1.45494541577211,-1.32379781766243,-1.11389954918172,-0.735142915455353,0.000143148523432667
-1.042677503139,-1.2609048577766,-1.39094328747928,-1.35495835952024,-1.32379781766243,-1.11389954918172,0.000157933816490887
-0.801910234611517,-1.042677503139,-1.2609048577766,-1.26610740466843,-1.35495835952024,-1.32379781766243,0.000143026034645361
-0.583869611931649,-0.801910234611517,-1.042677503139,-1.10238259280998,-1.26610740466843,-1.35495835952024,0.000118412397522908
-0.403352037261207,-0.583869611931649,-0.801910234611517,-0.811117435271607,-1.10238259280998,-1.26610740466843,0.00010544081817336
-0.242609402485658,-0.403352037261207,-0.583869611931649,-0.321279279053195,-0.811117435271607,-1.10238259280998,0.000116253448262804
-0.0653831072118288,-0.242609402485658,-0.403352037261207,0.263469702457473,-0.321279279053195,-0.811117435271607,0.000105307601460877
0.0951564410766114,-0.0653831072118288,-0.242609402485658,0.634868699800937,0.263469702457473,-0.321279279053195,0.000122309218638481
0.281614649594718,0.0951564410766114,-0.0653831072118288,0.553226793715835,0.634868699800937,0.263469702457473,0.000125279547300473
0.472601070844377,0.281614649594718,0.0951564410766114,0.157885089656438,0.553226793715835,0.634868699800937,9.42693875630656e-05
0.616313060167626,0.472601070844377,0.281614649594718,-0.0941325626205377,0.157885089656438,0.553226793715835,4.13838312392062e-05
0.679401968104205,0.616313060167626,0.472601070844377,0.124452568719574,-0.0941325626205377,0.157885089656438,3.88661287874345e-06
0.685327039678049,0.679401968104205,0.616313060167626,0.662950652248311,0.124452568719574,-0.0941325626205377,-8.56647933406289e-06
0.672267595690773,0.685327039678049,0.679401968104205,1.07062716218731,0.662950652248311,0.124452568719574,-1.08993397876856e-05
0.655651747813852,0.672267595690773,0.685327039678049,1.10478410418037,1.07062716218731,0.662950652248311,-1.21844669837424e-05
0.637076746592956,0.655651747813852,0.672267595690773,0.944054435835623,1.10478410418037,1.07062716218731,-2.58088349434442e-05
0.597731640957721,0.637076746592956,0.655651747813852,0.839756731704691,0.944054435835623,1.10478410418037,-2.61765398853152e-06
0.593741074435793,0.597731640957721,0.637076746592956,0.681521992704809,0.839756731704691,0.944054435835623,-4.13018340872302e-05
0.530777169685656,0.593741074435793,0.597731640957721,0.112468716060122,0.681521992704809,0.839756731704691,-4.60468329777702e-05
0.460579599293638,0.530777169685656,0.593741074435793,-0.881614613791637,0.112468716060122,0.681521992704809,-0.000129285550062683
0.263486098735688,0.460579599293638,0.530777169685656,-1.69400029282087,-0.881614613791637,0.112468716060122,-0.000206309895159577
-0.0510296334326011,0.263486098735688,0.460579599293638,-1.6376723933149,-1.69400029282087,-0.881614613791637,-0.000275374663440389
-0.470833365219479,-0.0510296334326011,0.263486098735688,-0.77597898714589,-1.6376723933149,-1.69400029282087,-0.000298201010667446
-0.925435453649853,-0.470833365219479,-0.0510296334326011,-0.00683509396821115,-0.77597898714589,-1.6376723933149,-0.000202324560144425
-1.23387561411928,-0.925435453649853,-0.470833365219479,-0.147167674655011,-0.00683509396821115,-0.77597898714589,-0.000157506080764266
-1.47399080720885,-1.23387561411928,-0.925435453649853,-0.995622071435102,-0.147167674655011,-0.00683509396821115,-8.63230579572112e-05
-1.60558875967457,-1.47399080720885,-1.23387561411928,-1.50169768414121,-0.995622071435102,-0.147167674655011,-7.32171122169469e-05
-1.71720693309446,-1.60558875967457,-1.47399080720885,-0.929994155527448,-1.50169768414121,-0.995622071435102,1.66088598290205e-05
-1.69188702439321,-1.71720693309446,-1.60558875967457,0.297286616472882,-0.929994155527448,-1.50169768414121,0.000144925638984006
-1.47095048899458,-1.69188702439321,-1.71720693309446,1.07477758730556,0.297286616472882,-0.929994155527448,0.000247322180760527
-1.09391226354646,-1.47095048899458,-1.69188702439321,0.861732320717621,1.07477758730556,0.297286616472882,0.000344908429324743
-0.568105553712307,-1.09391226354646,-1.47095048899458,0.234279682142925,0.861732320717621,1.07477758730556,0.000353477432301741
-0.0292355526425207,-0.568105553712307,-1.09391226354646,0.107769407920878,0.234279682142925,0.861732320717621,0.000350542433429256
0.505160095325691,-0.0292355526425207,-0.568105553712307,0.603531306140193,0.107769407920878,0.234279682142925,0.000316956301298742
0.988354287689658,0.505160095325691,-0.0292355526425207,0.955965551556337,0.603531306140193,0.107769407920878,0.000270537352638501
1.40078362598269,0.988354287689658,0.505160095325691,0.559023324183733,0.955965551556337,0.603531306140193,0.000178163447723003
1.67239060422716,1.40078362598269,0.988354287689658,-0.17672027970446,0.559023324183733,0.955965551556337,3.56727656595393e-05
1.72677309519396,1.67239060422716,1.40078362598269,-0.268964735978415,-0.17672027970446,0.559023324183733,-0.000114274380031908
1.55256385391636,1.72677309519396,1.67239060422716,0.596660420445244,-0.268964735978415,-0.17672027970446,-0.000193922277058419
1.25693282320116,1.55256385391636,1.72677309519396,1.56904537174771,0.596660420445244,-0.268964735978415,-0.000194840745019419
0.959901604564755,1.25693282320116,1.55256385391636,1.55171099305088,1.56904537174771,0.596660420445244,-0.000196223889232059
0.66076180740188,0.959901604564755,1.25693282320116,0.483239932943162,1.55171099305088,1.56904537174771,-0.000177237200436464
0.390566876520763,0.66076180740188,0.959901604564755,-0.563987987040399,0.483239932943162,1.55171099305088,-0.000229224285116454
0.0411185681476233,0.390566876520763,0.66076180740188,-0.619977767691663,-0.563987987040399,0.483239932943162,-0.000222065357260296
-0.297416083202532,0.0411185681476233,0.390566876520763,0.0635497895990769,-0.619977767691663,-0.563987987040399,-0.000203581327899734
-0.607772163557531,-0.297416083202532,0.0411185681476233,0.342623138782212,0.0635497895990769,-0.619977767691663,-0.0001241528434218
-0.797040944967067,-0.607772163557531,-0.297416083202532,-0.424238681331146,0.342623138782212,0.0635497895990769,-9.02609531421445e-05
-0.934642147961965,-0.797040944967067,-0.607772163557531,-1.56464630623017,-0.424238681331146,0.342623138782212,-8.87290405303948e-05
-1.06990797767615,-0.934642147961965,-0.797040944967067,-1.82713717588171,-1.56464630623017,-0.424238681331146,-5.47397617083813e-05
-1.15335776189088,-1.06990797767615,-0.934642147961965,-0.815736608554456,-1.82713717588171,-1.56464630623017,-1.64507679046077e-05
-1.17843666229091,-1.15335776189088,-1.06990797767615,0.520199480324241,-0.815736608554456,-1.82713717588171,8.63574598458449e-05
-1.04678626476344,-1.17843666229091,-1.15335776189088,0.875455419716085,0.520199480324241,-0.815736608554456,0.00019978297539419
-0.7422207046275,-1.04678626476344,-1.17843666229091,-0.0786287891071854,0.875455419716085,0.520199480324241,0.000230705385257067
-0.390514485673876,-0.7422207046275,-1.04678626476344,-1.45991588382654,-0.0786287891071854,0.875455419716085,0.000186600583190214
-0.106045245845583,-0.390514485673876,-0.7422207046275,-2.16909559900127,-1.45991588382654,-0.0786287891071854,0.000114435978638059
0.0684103496066108,-0.106045245845583,-0.390514485673876,-1.91722831126777,-2.16909559900127,-1.45991588382654,4.20421995561403e-06
0.0748196074684972,0.0684103496066108,-0.106045245845583,-1.23293133827373,-1.91722831126777,-2.16909559900127,-7.85370115758188e-05
-0.0449086570385062,0.0748196074684972,0.0684103496066108,-0.667125290337968,-1.23293133827373,-1.91722831126777,-8.83571745939799e-05
-0.179607583807152,-0.0449086570385062,0.0748196074684972,-0.240603482689177,-0.667125290337968,-1.23293133827373,-9.77336494039437e-05
-0.328600778127687,-0.179607583807152,-0.0449086570385062,0.309653444656518,-0.240603482689177,-0.667125290337968,-5.75789765301462e-05
-0.416378894377867,-0.328600778127687,-0.179607583807152,0.972959034200114,0.309653444656518,-0.240603482689177,-8.08214940595594e-06
-0.428699986082855,-0.416378894377867,-0.328600778127687,1.37378740029154,0.972959034200114,0.309653444656518,7.21345284811569e-05
-0.318732192137165,-0.428699986082855,-0.416378894377867,1.22303336722395,1.37378740029154,0.972959034200114,0.000141212393303927
-0.103456433129737,-0.318732192137165,-0.428699986082855,0.682759589242204,1.22303336722395,1.37378740029154,0.000155065499386966
0.132938137455497,-0.103456433129737,-0.318732192137165,0.180463302461132,0.682759589242204,1.22303336722395,0.000164456471495842
0.383649076464604,0.132938137455497,-0.103456433129737,-0.0574918061265614,0.180463302461132,0.682759589242204,0.000122703124679974
0.57070778767285,0.383649076464604,0.132938137455497,-0.160808702123273,-0.0574918061265614,0.180463302461132,8.39143101078629e-05
0.698633647276226,0.57070778767285,0.383649076464604,-0.319438391159293,-0.160808702123273,-0.0574918061265614,9.78938977433353e-06
0.713557396279995,0.698633647276226,0.57070778767285,-0.476148271567922,-0.319438391159293,-0.160808702123273,-3.81716850964454e-05
0.655365347484081,0.713557396279995,0.698633647276226,-0.402031592052043,-0.476148271567922,-0.319438391159293,-0.000115044885550579
0.479981484372862,0.655365347484081,0.713557396279995,-0.0050116468944028,-0.402031592052043,-0.476148271567922,-0.000129799602541095
0.282104320038166,0.479981484372862,0.655365347484081,0.562028370732086,-0.0050116468944028,-0.402031592052043,-0.000146506575557625
0.0587576752088723,0.282104320038166,0.479981484372862,1.0999662664952,0.562028370732086,-0.0050116468944028,-6.87546864957324e-05
-0.0460576102939403,0.0587576752088723,0.282104320038166,1.53903188385354,1.0999662664952,0.562028370732086,-2.15036281361927e-05
-0.0788395054245544,-0.0460576102939403,0.0587576752088723,1.83731179804148,1.53903188385354,1.0999662664952,8.16872660178157e-05
0.0456912654361782,-0.0788395054245544,-0.0460576102939403,1.80918650858039,1.83731179804148,1.53903188385354,0.000146749974144028
0.269408967041747,0.0456912654361782,-0.0788395054245544,1.24426893378684,1.80918650858039,1.83731179804148,0.000190372744142353
0.559628798536043,0.269408967041747,0.0456912654361782,0.254398986981507,1.24426893378684,1.80918650858039,0.000176826730982739
0.829197976102363,0.559628798536043,0.269408967041747,-0.636389330693197,0.254398986981507,1.24426893378684,9.06167523335255e-05
0.967341588578375,0.829197976102363,0.559628798536043,-0.912105141425261,-0.636389330693197,0.254398986981507,4.94258878119792e-06
0.974876476462074,0.967341588578375,0.829197976102363,-0.579582970104809,-0.912105141425261,-0.636389330693197,-7.01806848263358e-05
0.867887282099129,0.974876476462074,0.967341588578375,-0.143720258240072,-0.579582970104809,-0.912105141425261,-0.000147923145716913
0.642381101487648,0.867887282099129,0.974876476462074,-0.0220985005017502,-0.143720258240072,-0.579582970104809,-0.000163866660122851
0.392569319330295,0.642381101487648,0.867887282099129,-0.0979206739963738,-0.0220985005017502,-0.143720258240072,-0.000183039381790638
0.11352906711658,0.392569319330295,0.642381101487648,0.023376259510841,-0.0979206739963738,-0.0220985005017502,-0.00017556268472065
-0.154113094611224,0.11352906711658,0.392569319330295,0.383586767898317,0.023376259510841,-0.0979206739963738,-0.000124754086541071
-0.344298460364533,-0.154113094611224,0.11352906711658,0.523049765492031,0.383586767898317,0.023376259510841,-7.71160459231374e-05
-0.461860488238566,-0.344298460364533,-0.154113094611224,0.0820024325709221,0.523049765492031,0.383586767898317,-6.03673863840098e-05
-0.553889485262519,-0.461860488238566,-0.344298460364533,-0.597051361867692,0.0820024325709221,0.523049765492031,-1.19143867293245e-05
-0.572052753983155,-0.553889485262519,-0.461860488238566,-0.728825508540565,-0.597051361867692,0.0820024325709221,-2.16293498648239e-05
-0.605026309632521,-0.572052753983155,-0.553889485262519,-0.0210661042786215,-0.728825508540565,-0.597051361867692,4.53043304228567e-05
-0.535960671058484,-0.605026309632521,-0.572052753983155,0.841766875249648,-0.0210661042786215,-0.728825508540565,0.000110573927567081
-0.367392703145048,-0.535960671058484,-0.605026309632521,0.869715056924193,0.841766875249648,-0.0210661042786215,0.000173053454209691
-0.103575818293679,-0.367392703145048,-0.535960671058484,-0.0946917846968881,0.869715056924193,0.841766875249648,0.000178598032104172
0.168693676039645,-0.103575818293679,-0.367392703145048,-1.12213847545807,-0.0946917846968881,0.869715056924193,0.000123084894825255
0.356334388982079,0.168693676039645,-0.103575818293679,-1.20550065437709,-1.12213847545807,-0.0946917846968881,5.45630958989634e-05
0.439514849341275,0.356334388982079,0.168693676039645,-0.403916981721257,-1.20550065437709,-1.12213847545807,8.17256971503288e-06
0.451973785184521,0.439514849341275,0.356334388982079,0.217915837378663,-0.403916981721257,-1.20550065437709,-7.38096989392502e-06
0.440721629060335,0.451973785184521,0.439514849341275,-0.198944599940251,0.217915837378663,-0.403916981721257,-3.47502396854564e-05
0.387745512382843,0.440721629060335,0.451973785184521,-1.3480230673574,-0.198944599940251,0.217915837378663,-0.000131008459200488
0.188025467768356,0.387745512382843,0.440721629060335,-2.13500343141787,-1.3480230673574,-0.198944599940251,-0.000228316364024256
-0.160038731195768,0.188025467768356,0.387745512382843,-1.89536670058023,-2.13500343141787,-1.3480230673574,-0.000277007449694784
-0.582331616321015,-0.160038731195768,0.188025467768356,-1.023702565631,-1.89536670058023,-2.13500343141787,-0.000288619458180502
-1.02232679996183,-0.582331616321015,-0.160038731195768,-0.379801808220588,-1.023702565631,-1.89536670058023,-0.000239769036235233
-1.38785039215056,-1.02232679996183,-0.582331616321015,-0.305097317587836,-0.379801808220588,-1.023702565631,-0.000171477057568507
-1.64926408861678,-1.38785039215056,-1.02232679996183,-0.425436074276398,-0.305097317587836,-0.379801808220588,-6.52062127434452e-05
-1.74866978957486,-1.64926408861678,-1.38785039215056,-0.323167008756702,-0.425436074276398,-0.305097317587836,2.36472640504659e-05
-1.7126199599685,-1.74866978957486,-1.64926408861678,-0.102904945435599,-0.323167008756702,-0.425436074276398,0.000146953755848073
-1.48859159681274,-1.7126199599685,-1.74866978957486,-0.153681367412206,-0.102904945435599,-0.323167008756702,0.000205439150908432
-1.17540329862656,-1.48859159681274,-1.7126199599685,-0.537663789239796,-0.153681367412206,-0.102904945435599,0.000220143489393673
-0.839798500343963,-1.17540329862656,-1.48859159681274,-0.881656916165495,-0.537663789239796,-0.153681367412206,0.000249412956945412
-0.45957292412878,-0.839798500343963,-1.17540329862656,-0.884512085981578,-0.881656916165495,-0.537663789239796,0.00019581551288239
-0.161055689381134,-0.45957292412878,-0.839798500343963,-0.688842952019362,-0.884512085981578,-0.881656916165495,0.000147455457065238
0.0637375082752901,-0.161055689381134,-0.45957292412878,-0.588525725599568,-0.688842952019362,-0.884512085981578,0.000101928777551258
0.219126100159146,0.0637375082752901,-0.161055689381134,-0.516344437110535,-0.588525725599568,-0.688842952019362,4.69519480693165e-05
0.290703502262552,0.219126100159146,0.0637375082752901,-0.102529086964156,-0.516344437110535,-0.588525725599568,9.07455999217798e-06
0.304537506093717,0.290703502262552,0.219126100159146,0.699503771955431,-0.102529086964156,-0.516344437110535,-1.13350913051427e-05
0.287257362849624,0.304537506093717,0.290703502262552,1.28410818051422,0.699503771955431,-0.102529086964156,-9.63124419755596e-07
0.285789096958576,0.287257362849624,0.304537506093717,0.932177582210781,1.28410818051422,0.699503771955431,1.90776395880721e-06
0.28869744887182,0.285789096958576,0.287257362849624,-0.339863247317968,0.932177582210781,1.28410818051422,-4.87020550045641e-05
0.214452040157842,0.28869744887182,0.285789096958576,-1.66069580452959,-0.339863247317968,0.932177582210781,-0.000126690630948189
0.0213144472144122,0.214452040157842,0.28869744887182,-2.10828314370075,-1.66069580452959,-0.339863247317968,-0.000259227407752811
-0.373873083099633,0.0213144472144122,0.214452040157842,-1.51640197864959,-2.10828314370075,-1.66069580452959,-0.000331154192496059
-0.878711705759664,-0.373873083099633,0.0213144472144122,-0.406470951531503,-1.51640197864959,-2.10828314370075,-0.000265863852739089
-1.28401637733947,-0.878711705759664,-0.373873083099633,0.713270823489615,-0.406470951531503,-1.51640197864959,-0.000177529043818826
-1.55465621821878,-1.28401637733947,-0.878711705759664,1.72357119899047,0.713270823489615,-0.406470951531503,-1.82595037718529e-05
-1.5824925039839,-1.55465621821878,-1.28401637733947,2.57560380642641,1.72357119899047,0.713270823489615,0.000163653655554
-1.33300544346859,-1.5824925039839,-1.55465621821878,2.93372941834389,2.57560380642641,1.72357119899047,0.000365557149515718
-0.775720130321793,-1.33300544346859,-1.5824925039839,2.45953594824383,2.93372941834389,2.57560380642641,0.000480685776726694
-0.0429232914055544,-0.775720130321793,-1.33300544346859,1.40863340983899,2.45953594824383,2.93372941834389,0.000517535038008206
0.746049584936571,-0.0429232914055544,-0.775720130321793,0.60995348612011,1.40863340983899,2.45953594824383,0.000472043529895611
1.46567147367626,0.746049584936571,-0.0429232914055544,0.636464338875703,0.60995348612011,1.40863340983899,0.000381241346799853
2.04686706407116,1.46567147367626,0.746049584936571,1.13150184590061,0.636464338875703,0.60995348612011,0.000245036847248301
2.42042133959875,2.04686706407116,1.46567147367626,1.21498809613615,1.13150184590061,0.636464338875703,0.00010575402405602
2.58164145112076,2.42042133959875,2.04686706407116,0.566286104145348,1.21498809613615,1.13150184590061,-7.58066275452238e-05
2.46607560806145,2.58164145112076,2.42042133959875,-0.152622654611057,0.566286104145348,1.21498809613615,-0.000288537552967273
2.0262052874481,2.46607560806145,2.58164145112076,-0.114418807036694,-0.152622654611057,0.566286104145348,-0.000380425815352481
1.44625296010696,2.0262052874481,2.46607560806145,0.605178053075648,-0.114418807036694,-0.152622654611057,-0.000429203994650189
0.791939173933279,1.44625296010696,2.0262052874481,1.06922403825135,0.605178053075648,-0.114418807036694,-0.000391633491111256
0.194900946061534,0.791939173933279,1.44625296010696,0.621248513135559,1.06922403825135,0.605178053075648,-0.000338159746152481
-0.320617517406858,0.194900946061534,0.791939173933279,-0.289567690088401,0.621248513135559,1.06922403825135,-0.000296768715980773
-0.773036098295283,-0.320617517406858,0.194900946061534,-0.642989434528106,-0.289567690088401,0.621248513135559,-0.000231522842838235
-1.12598851665906,-0.773036098295283,-0.320617517406858,-0.0742278609514875,-0.642989434528106,-0.289567690088401,-0.000143526830583928
-1.34479259375862,-1.12598851665906,-0.773036098295283,0.74660744531332,-0.0742278609514875,-0.642989434528106,3.77929644260269e-05
-1.2871778978272,-1.34479259375862,-1.12598851665906,1.02756488995435,0.74660744531332,-0.0742278609514875,0.000214835511427955
-0.959665016681836,-1.2871778978272,-1.34479259375862,0.847579148132731,1.02756488995435,0.74660744531332,0.000280147228484621
-0.532585595146552,-0.959665016681836,-1.2871778978272,0.932345989895977,0.847579148132731,1.02756488995435,0.000351240549382412
0.00287431806194456,-0.532585595146552,-0.959665016681836,1.5220054906588,0.932345989895977,0.847579148132731,0.000455451522966834
0.697201990044314,0.00287431806194456,-0.532585595146552,1.8563874280718,1.5220054906588,0.932345989895977,0.000475852050766446
1.42262990049344,0.697201990044314,0.00287431806194456,1.03760819735318,1.8563874280718,1.5220054906588,0.000403819294193851
2.0382451664448,1.42262990049344,0.697201990044314,-0.759780567050651,1.03760819735318,1.8563874280718,0.000240809096048729
2.40535431115145,2.0382451664448,1.42262990049344,-2.2745056416177,-0.759780567050651,1.03760819735318,-1.07765226234136e-05
2.38892569583704,2.40535431115145,2.0382451664448,-2.43359805685391,-2.2745056416177,-0.759780567050651,-0.000270631718003405
1.97635249923896,2.38892569583704,2.40535431115145,-1.41577403366123,-2.43359805685391,-2.2745056416177,-0.000441102384179549
1.30389983178886,1.97635249923896,2.38892569583704,-0.273949098212996,-1.41577403366123,-2.43359805685391,-0.000466200574902834
0.593185423061983,1.30389983178886,1.97635249923896,0.329755683363221,-0.273949098212996,-1.41577403366123,-0.000481246443399807
-0.140466142134157,0.593185423061983,1.30389983178886,0.684585817523926,0.329755683363221,-0.273949098212996,-0.000391639114232555
-0.737512942353395,-0.140466142134157,0.593185423061983,1.28141577230806,0.684585817523926,0.329755683363221,-0.000237538942514857
-1.09963679669278,-0.737512942353395,-0.140466142134157,1.85841987642035,1.28141577230806,0.684585817523926,-6.54291416794119e-05
-1.19938234881245,-1.09963679669278,-0.737512942353395,1.58978704844521,1.85841987642035,1.28141577230806,0.000149152901359888
-0.972001427795819,-1.19938234881245,-1.09963679669278,0.240776549902927,1.58978704844521,1.85841987642035,0.000240062814930524
-0.606029975259074,-0.972001427795819,-1.19938234881245,-1.21897028168346,0.240776549902927,1.58978704844521,0.000213062777476403
-0.281219595204507,-0.606029975259074,-0.972001427795819,-1.47009647802734,-1.21897028168346,0.240776549902927,0.000179381706769194
-0.00775540291032961,-0.281219595204507,-0.606029975259074,-0.284553771870916,-1.47009647802734,-1.21897028168346,0.000188840362676703
0.280128340543899,-0.00775540291032961,-0.281219595204507,1.1305117442568,-0.284553771870916,-1.47009647802734,0.000201793248015709
0.587758525209482,0.280128340543899,-0.00775540291032961,1.35532347170357,1.1305117442568,-0.284553771870916,0.000219896339984498
0.92298654865381,0.587758525209482,0.280128340543899,0.219926039344407,1.35532347170357,1.1305117442568,0.000189498383639441
1.21187343325508,0.92298654865381,0.587758525209482,-1.08589129443017,0.219926039344407,1.35532347170357,7.33004666091683e-05
1.32361867894981,1.21187343325508,0.92298654865381,-1.31342055884645,-1.08589129443017,0.219926039344407,-8.59122847840027e-05
1.19264694281378,1.32361867894981,1.21187343325508,-0.399218030338774,-1.31342055884645,-1.08589129443017,-0.000155950804270813
0.954902740823231,1.19264694281378,1.32361867894981,0.638134940369777,-0.399218030338774,-1.31342055884645,-0.000178464053125672
0.682837495037877,0.954902740823231,1.19264694281378,0.889560320544228,0.638134940369777,-0.399218030338774,-0.000164497669048368
0.432063751099388,0.682837495037877,0.954902740823231,0.461276093354021,0.889560320544228,0.638134940369777,-0.000146374664770499
0.208918201897435,0.432063751099388,0.682837495037877,0.186704681073431,0.461276093354021,0.889560320544228,-0.000135505788718732
0.00234205915377957,0.208918201897435,0.432063751099388,0.598399301942055,0.186704681073431,0.461276093354021,-0.000100812652218835
-0.15134501969384,0.00234205915377957,0.208918201897435,1.32894141590856,0.598399301942055,0.186704681073431,-6.17078684706934e-06
-0.160752273484354,-0.15134501969384,0.00234205915377957,1.52719275356862,1.32894141590856,0.598399301942055,6.62076393223587e-05
-0.0598199156810638,-0.160752273484354,-0.15134501969384,0.772759675008919,1.52719275356862,1.32894141590856,0.000114781353092174
0.115162196927393,-0.0598199156810638,-0.160752273484354,-0.476986970171776,0.772759675008919,1.52719275356862,0.000102649180902658
0.271649030790125,0.115162196927393,-0.0598199156810638,-1.32439802001668,-0.476986970171776,0.772759675008919,4.69703358422868e-05
0.343254464723387,0.271649030790125,0.115162196927393,-1.28537002784005,-1.32439802001668,-0.476986970171776,-2.3079970750575e-05
0.308069463570509,0.343254464723387,0.271649030790125,-0.728716591084103,-1.28537002784005,-1.32439802001668,-6.9373657199752e-05
0.202310568339162,0.308069463570509,0.343254464723387,-0.4953132384641,-0.728716591084103,-1.28537002784005,-8.06896708035346e-05
0.079300613477025,0.202310568339162,0.308069463570509,-1.06177516700757,-0.4953132384641,-0.728716591084103,-0.000136543577165754
-0.128857619127121,0.079300613477025,0.202310568339162,-2.03917061615699,-1.06177516700757,-0.4953132384641,-0.000204251667586581
-0.440235620302968,-0.128857619127121,0.079300613477025,-2.50381602371961,-2.03917061615699,-1.06177516700757,-0.000286489783291333
-0.876984152800222,-0.440235620302968,-0.128857619127121,-1.88351728293715,-2.50381602371961,-2.03917061615699,-0.000267163990269193
-1.28427086070884,-0.876984152800222,-0.440235620302968,-0.561305947085714,-1.88351728293715,-2.50381602371961,-0.000219534307825377
-1.61894697262461,-1.28427086070884,-0.876984152800222,0.422321727543758,-0.561305947085714,-1.88351728293715,-9.87791206863394e-05
-1.76953396915027,-1.61894697262461,-1.28427086070884,0.326858081599023,0.422321727543758,-0.561305947085714,6.36877187761707e-05
-1.67244318499024,-1.76953396915027,-1.61894697262461,-0.594384368102039,0.326858081599023,0.422321727543758,0.000131878945545919
-1.47139609956628,-1.67244318499024,-1.76953396915027,-1.35959764315858,-0.594384368102039,0.326858081599023,0.000171269923695693
-1.21029817497138,-1.47139609956628,-1.67244318499024,-1.21608573932429,-1.35959764315858,-0.594384368102039,0.00016549009411829
-0.95801149682657,-1.21029817497138,-1.47139609956628,-0.315726327353713,-1.21608573932429,-1.35959764315858,0.000212798693067338
-0.633603708713641,-0.95801149682657,-1.21029817497138,0.548795584606469,-0.315726327353713,-1.21608573932429,0.000239757179666323
-0.268098191651403,-0.633603708713641,-0.95801149682657,0.793948528222128,0.548795584606469,-0.315726327353713,0.000270953552887803
0.144965636451417,-0.268098191651403,-0.633603708713641,0.536294276970936,0.793948528222128,0.548795584606469,0.000280297574978237
0.57227425851769,0.144965636451417,-0.268098191651403,0.252531343637131,0.536294276970936,0.793948528222128,0.000209740937943335
0.892020553826925,0.57227425851769,0.144965636451417,0.110023877807123,0.252531343637131,0.536294276970936,0.000137538459996711
1.10169546744997,0.892020553826925,0.57227425851769,-0.190559768571674,0.110023877807123,0.252531343637131,5.87305757593994e-05
1.19122917605539,1.10169546744997,0.892020553826925,-0.891481739917708,-0.190559768571674,0.110023877807123,-9.02643735079872e-05
1.05362275877416,1.19122917605539,1.10169546744997,-1.66924858538897,-0.891481739917708,-0.190559768571674,-0.000231951164621036
0.700017371540334,1.05362275877416,1.19122917605539,-1.84505187228817,-1.66924858538897,-0.891481739917708,-0.000347711314856188
0.169937713021755,0.700017371540334,1.05362275877416,-1.14232000200333,-1.84505187228817,-1.66924858538897,-0.000411141465532888
-0.456840071712225,0.169937713021755,0.700017371540334,-0.104223180404048,-1.14232000200333,-1.84505187228817,-0.000398168994016804
-1.06384155645944,-0.456840071712225,0.169937713021755,0.386283509391147,-0.104223180404048,-1.14232000200333,-0.000301903271486454
-1.52408767505748,-1.06384155645944,-0.456840071712225,0.0102429073581525,0.386283509391147,-0.104223180404048,-0.00015897646388091
-1.76644444081685,-1.52408767505748,-1.06384155645944,-0.665193285434237,0.0102429073581525,0.386283509391147,-0.000119238571647824
-1.94822150311194,-1.76644444081685,-1.52408767505748,-0.827745869327992,-0.665193285434237,0.0102429073581525,-9.14505902642904e-06
-1.96216298145546,-1.94822150311194,-1.76644444081685,-0.311417640191645,-0.827745869327992,-0.665193285434237,0.000108481372853003
-1.79678507564491,-1.96216298145546,-1.94822150311194,0.272565449574371,-0.311417640191645,-0.827745869327992,0.000248007139846136
-1.41870264236493,-1.79678507564491,-1.96216298145546,0.305144324355233,0.272565449574371,-0.311417640191645,0.000301920546817003
-0.958430187835543,-1.41870264236493,-1.79678507564491,-0.0811735078684866,0.305144324355233,0.272565449574371,0.000328348580314342
-0.457868670589338,-0.958430187835543,-1.41870264236493,-0.159655087600956,-0.0811735078684866,0.305144324355233,0.000332565288345469
0.0491211423657268,-0.457868670589338,-0.958430187835543,0.491841554547709,-0.159655087600956,-0.0811735078684866,0.00032710600741333
0.547788379526955,0.0491211423657268,-0.457868670589338,1.42626253493995,0.491841554547709,-0.159655087600956,0.000324090573654427
1.04185864204597,0.547788379526955,0.0491211423657268,1.8002160308897,1.42626253493995,0.491841554547709,0.000291318228988645
1.48596805334427,1.04185864204597,0.547788379526955,1.34286296744946,1.8002160308897,1.42626253493995,0.000229602373955134
1.83599275136576,1.48596805334427,1.04185864204597,0.646413707430642,1.34286296744946,1.8002160308897,0.000115350027266986
2.01184179754673,1.83599275136576,1.48596805334427,0.396988652872361,0.646413707430642,1.34286296744946,-4.24748615654729e-05
1.94708963346037,2.01184179754673,1.83599275136576,0.48194103253168,0.396988652872361,0.646413707430642,-0.000184830933272507
1.66531819316864,1.94708963346037,2.01184179754673,0.131260484901249,0.48194103253168,0.396988652872361,-0.000274927299575569
1.24619645956406,1.66531819316864,1.94708963346037,-0.992474819191233,0.131260484901249,0.48194103253168,-0.000384521470614012
0.660000379288564,1.24619645956406,1.66531819316864,-2.09781877613283,-0.992474819191233,0.131260484901249,-0.000495600748277712
-0.0955340660522673,0.660000379288564,1.24619645956406,-1.96909061708623,-2.09781877613283,-0.992474819191233,-0.000558116882040445
-0.94637323522861,-0.0955340660522673,0.660000379288564,-0.406187049943326,-1.96909061708623,-2.09781877613283,-0.000472054435448518
-1.66601174928796,-0.94637323522861,-0.0955340660522673,1.30375526070377,-0.406187049943326,-1.96909061708623,-0.000295585090930057
-2.11662591503115,-1.66601174928796,-0.94637323522861,1.61199438639247,1.30375526070377,-0.406187049943326,-6.67935421677693e-05
-2.21845147120605,-2.11662591503115,-1.66601174928796,0.376539169684781,1.61199438639247,1.30375526070377,0.00011636538443116
-2.04105453125267,-2.21845147120605,-2.11662591503115,-0.929713430401982,0.376539169684781,1.61199438639247,0.000231602456152694
-1.68798074381996,-2.04105453125267,-2.21845147120605,-0.792755929783502,-0.929713430401982,0.376539169684781,0.000288617913975007
-1.2479879142927,-1.68798074381996,-2.04105453125267,0.715754316792014,-0.792755929783502,-0.929713430401982,0.000380435271249079
-0.668021171606918,-1.2479879142927,-1.68798074381996,2.08416031322314,0.715754316792014,-0.792755929783502,0.000481819880727065
0.06650458850215,-0.668021171606918,-1.2479879142927,2.07485793990674,2.08416031322314,0.715754316792014,0.000503988338878409
0.834825765167068,0.06650458850215,-0.668021171606918,1.01517867976332,2.07485793990674,2.08416031322314,0.000488613759125824
1.57970867095349,0.834825765167068,0.06650458850215,0.234836735029715,1.01517867976332,2.07485793990674,0.000363485948637761
2.13383647553729,1.57970867095349,0.834825765167068,0.430742853160317,0.234836735029715,1.01517867976332,0.000203115871222556
2.44348297554229,2.13383647553729,1.57970867095349,0.938574046830031,0.430742853160317,0.234836735029715,4.03232122487582e-05
2.50495498886471,2.44348297554229,2.13383647553729,0.688376066617974,0.938574046830031,0.430742853160317,-0.000136739991317774
2.29649732641119,2.50495498886471,2.44348297554229,-0.435360045292629,0.688376066617974,0.938574046830031,-0.000310895692367066
1.82254242358328,2.29649732641119,2.50495498886471,-1.49787023825764,-0.435360045292629,0.688376066617974,-0.000490724286438085
1.07444205679062,1.82254242358328,2.29649732641119,-1.69226499730935,-1.49787023825764,-0.435360045292629,-0.000576377385156476
0.195765078366891,1.07444205679062,1.82254242358328,-1.24584336182541,-1.69226499730935,-1.49787023825764,-0.000614115619705703
-0.740443161273403,0.195765078366891,1.07444205679062,-0.971963786771971,-1.24584336182541,-1.69226499730935,-0.000574543154304841
-1.61632388768594,-0.740443161273403,0.195765078366891,-1.1643261583174,-0.971963786771971,-1.24584336182541,-0.000477385830465264
-2.34409001775651,-1.61632388768594,-0.740443161273403,-1.30324032657215,-1.1643261583174,-0.971963786771971,-0.000322169587294658
-2.83523177104934,-2.34409001775651,-1.61632388768594,-0.883082059859638,-1.30324032657215,-1.1643261583174,-0.00011185742508839
-3.00575640789684,-2.83523177104934,-2.34409001775651,-0.176199845079283,-0.883082059859638,-1.30324032657215,0.000132010676581453
-2.80450850087361,-3.00575640789684,-2.83523177104934,0.112543156782553,-0.176199845079283,-0.883082059859638,0.000343297181379227
-2.28115810961253,-2.80450850087361,-3.00575640789684,-0.185722076222109,0.112543156782553,-0.176199845079283,0.000460071785959778
-1.57978692962532,-2.28115810961253,-2.80450850087361,-0.449240039555928,-0.185722076222109,0.112543156782553,0.000496623626164101
-0.822693125306051,-1.57978692962532,-2.28115810961253,-0.0968802929696428,-0.449240039555928,-0.185722076222109,0.000486848991504952
-0.0805005760822927,-0.822693125306051,-1.57978692962532,0.60135630166658,-0.0968802929696428,-0.449240039555928,0.000500788202154589
0.682942049585582,-0.0805005760822927,-0.822693125306051,0.843229224548472,0.60135630166658,-0.0968802929696428,0.000405491994174479
1.30110731663456,0.682942049585582,-0.0805005760822927,0.354255392871104,0.843229224548472,0.60135630166658,0.000317292378300242
1.78481385235515,1.30110731663456,0.682942049585582,-0.210994261259734,0.354255392871104,0.843229224548472,0.000103773190072613
1.94301421802293,1.78481385235515,1.30110731663456,-0.0909554620040669,-0.210994261259734,0.354255392871104,-5.86350246479768e-05
1.85362617537185,1.94301421802293,1.78481385235515,0.578802197551552,-0.0909554620040669,-0.210994261259734,-0.000211225899664988
1.53161608257115,1.85362617537185,1.94301421802293,0.890191709637379,0.578802197551552,-0.0909554620040669,-0.000283567005252579
1.09932327273379,1.53161608257115,1.85362617537185,0.291235317696742,0.890191709637379,0.578802197551552,-0.000338201122036636
0.58374173247265,1.09932327273379,1.53161608257115,-0.69326863692075,0.291235317696742,0.890191709637379,-0.000388584979789596
-0.00864909460616034,0.58374173247265,1.09932327273379,-1.04890407571757,-0.69326863692075,0.291235317696742,-0.000404382268447797
-0.625122604702985,-0.00864909460616034,0.58374173247265,-0.436695353347125,-1.04890407571757,-0.69326863692075,-0.000373711346914772
-1.19483884542708,-0.625122604702985,-0.00864909460616034,0.460511928623363,-0.436695353347125,-1.04890407571757,-0.000242172398411802
-1.56402632011667,-1.19483884542708,-0.625122604702985,0.737556788658833,0.460511928623363,-0.436695353347125,-0.000128997276835568
-1.76068035331402,-1.56402632011667,-1.19483884542708,0.181646866244645,0.737556788658833,0.460511928623363,9.20805756329584e-06
-1.7466428348318,-1.76068035331402,-1.56402632011667,-0.692334513010268,0.181646866244645,0.737556788658833,0.000124774872664028
-1.55642578100713,-1.7466428348318,-1.76068035331402,-1.28623888177271,-0.692334513010268,0.181646866244645,0.000174207806706316
-1.29084910649383,-1.55642578100713,-1.7466428348318,-1.35007819683342,-1.28623888177271,-0.692334513010268,0.000159426722038355
-1.047805930255,-1.29084910649383,-1.55642578100713,-0.885280169814909,-1.35007819683342,-1.28623888177271,0.000194042764498598
-0.751991218599846,-1.047805930255,-1.29084910649383,-0.0140891293751771,-0.885280169814909,-1.35007819683342,0.000217292829794285
-0.420732199710774,-0.751991218599846,-1.047805930255,0.862393201835049,-0.0140891293751771,-0.885280169814909,0.000247948017285802
-0.0427398977128477,-0.420732199710774,-0.751991218599846,1.06205446978815,0.862393201835049,-0.0140891293751771,0.000283531413921491
0.389498653779084,-0.0427398977128477,-0.420732199710774,0.223879301267572,1.06205446978815,0.862393201835049,0.000235850319637257
0.749048232850223,0.389498653779084,-0.0427398977128477,-1.01237688628281,0.223879301267572,1.06205446978815,0.000146906441194836
0.973004465666362,0.749048232850223,0.389498653779084,-1.30339924531494,-1.01237688628281,0.223879301267572,1.49170381033095e-05
0.995745222512832,0.973004465666362,0.749048232850223,0.0582911434927266,-1.30339924531494,-1.01237688628281,-7.20027064451846e-05
0.885978388894942,0.995745222512832,0.973004465666362,2.16175193896819,0.0582911434927266,-1.30339924531494,-4.24103918316342e-05
0.821324507760675,0.885978388894942,0.995745222512832,3.17364511082472,2.16175193896819,0.0582911434927266,7.21797106362806e-06
0.832328175093696,0.821324507760675,0.885978388894942,2.17545893953704,3.17364511082472,2.16175193896819,6.19910070861317e-05
0.92683235273609,0.832328175093696,0.821324507760675,0.132009143071505,2.17545893953704,3.17364511082472,5.06249285168916e-06
0.934550032223126,0.92683235273609,0.832328175093696,-1.152974575384,0.132009143071505,2.17545893953704,-0.000130329023551782
0.735865775060078,0.934550032223126,0.92683235273609,-0.920439984361642,-1.152974575384,0.132009143071505,-0.000200437012904068
0.430303146479483,0.735865775060078,0.934550032223126,-0.0353831065950471,-0.920439984361642,-1.152974575384,-0.000236591684543512
0.0696233699153236,0.430303146479483,0.735865775060078,0.280256434632315,-0.0353831065950471,-0.920439984361642,-0.000217485659639831
-0.261929614612231,0.0696233699153236,0.430303146479483,-0.0992942688091094,0.280256434632315,-0.0353831065950471,-0.00019525981790045
-0.559599702333934,-0.261929614612231,0.0696233699153236,-0.309236369850945,-0.0992942688091094,0.280256434632315,-0.000163197589182674
-0.808391497851967,-0.559599702333934,-0.261929614612231,0.161190585904496,-0.309236369850945,-0.0992942688091094,-0.000129156570963041
-1.00528837208752,-0.808391497851967,-0.559599702333934,0.742795798200153,0.161190585904496,-0.309236369850945,-1.65863717034055e-05
-1.03057399804491,-1.00528837208752,-0.808391497851967,0.616731465228736,0.742795798200153,0.161190585904496,6.76958491434788e-05
-0.92737289108081,-1.03057399804491,-1.00528837208752,-0.06820526835849,0.616731465228736,0.742795798200153,0.000120731094202506
-0.743320504940003,-0.92737289108081,-1.03057399804491,-0.277715888626922,-0.06820526835849,0.616731465228736,0.000170542450931281
-0.483331599517227,-0.743320504940003,-0.92737289108081,0.569956853001309,-0.277715888626922,-0.06820526835849,0.000209821313670047
-0.163462772855262,-0.483331599517227,-0.743320504940003,1.74346754531957,0.569956853001309,-0.277715888626922,0.000255530647743308
0.226089113176477,-0.163462772855262,-0.483331599517227,1.97769547161291,1.74346754531957,0.569956853001309,0.00034370730865366
0.750064736106163,0.226089113176477,-0.163462772855262,0.961074149557804,1.97769547161291,1.74346754531957,0.000330790144840817
1.25434837464998,0.750064736106163,0.226089113176477,-0.308715741699973,0.961074149557804,1.97769547161291,0.000208549673369144
1.57227860849755,1.25434837464998,0.750064736106163,-0.708969447817512,-0.308715741699973,0.961074149557804,8.53528891566972e-05
1.7023975560402,1.57227860849755,1.25434837464998,-0.217004392305486,-0.708969447817512,-0.308715741699973,-4.09010611969577e-05
1.64004462236791,1.7023975560402,1.57227860849755,0.285781416235473,-0.217004392305486,-0.708969447817512,-0.000138983119064143
1.42816735192637,1.64004462236791,1.7023975560402,0.242690705436252,0.285781416235473,-0.217004392305486,-0.000223012580829532
1.08818867524639,1.42816735192637,1.64004462236791,0.0550505622629441,0.242690705436252,0.285781416235473,-0.000278986025122551
0.662879487394443,1.08818867524639,1.42816735192637,0.387538046079903,0.0550505622629441,0.242690705436252,-0.0002586533431402
0.268567108278587,0.662879487394443,1.08818867524639,1.16970004879003,0.387538046079903,0.0550505622629441,-0.000190254957458915
-0.0214731595309302,0.268567108278587,0.662879487394443,1.63558825663127,1.16970004879003,0.387538046079903,-0.000118477774861243
-0.202090400780223,-0.0214731595309302,0.268567108278587,1.30459463249312,1.63558825663127,1.16970004879003,-4.80989432025786e-05
-0.27541637637717,-0.202090400780223,-0.0214731595309302,0.57756528941492,1.30459463249312,1.63558825663127,3.35299789443574e-05
-0.224300525297342,-0.27541637637717,-0.202090400780223,0.187976384921421,0.57756528941492,1.30459463249312,7.31073637946091e-05
-0.112849661377462,-0.224300525297342,-0.27541637637717,0.276631573989372,0.187976384921421,0.57756528941492,0.000109977130680284
0.0548085003938037,-0.112849661377462,-0.224300525297342,0.308079786563069,0.276631573989372,0.187976384921421,0.000110807200553579
0.223732088788199,0.0548085003938037,-0.112849661377462,-0.114353501093176,0.308079786563069,0.276631573989372,0.000120856288427434
0.40797533127783,0.223732088788199,0.0548085003938037,-0.655769010958846,-0.114353501093176,0.308079786563069,6.7329217854835e-05
0.510617515422959,0.40797533127783,0.223732088788199,-0.658734962952733,-0.655769010958846,-0.114353501093176,2.2885739887293e-05
0.545506415110963,0.510617515422959,0.40797533127783,0.00559450068259158,-0.658734962952733,-0.655769010958846,1.86857801804233e-05
0.573992551609824,0.545506415110963,0.510617515422959,0.751565197143577,0.00559450068259158,-0.658734962952733,1.12150584022885e-05
0.591089706847955,0.573992551609824,0.545506415110963,0.959635468569117,0.751565197143577,0.00559450068259158,2.95307718638304e-05
0.636108838514245,0.591089706847955,0.573992551609824,0.62418230752752,0.959635468569117,0.751565197143577,3.01742989680717e-05
0.68210901570045,0.636108838514245,0.591089706847955,0.198167522312075,0.62418230752752,0.959635468569117,4.17811013717529e-06
0.688478469612764,0.68210901570045,0.636108838514245,-0.0460587830893318,0.198167522312075,0.62418230752752,-8.93049222713328e-06
0.674864094503575,0.688478469612764,0.68210901570045,-0.25987026224473,-0.0460587830893318,0.198167522312075,-5.9548020189511e-05
0.584084206536545,0.674864094503575,0.688478469612764,-0.628068268953341,-0.25987026224473,-0.0460587830893318,-0.000134629466152552
0.378844001816146,0.584084206536545,0.674864094503575,-0.990725407875236,-0.628068268953341,-0.25987026224473,-0.000172617647783288
0.115691496039651,0.378844001816146,0.584084206536545,-1.04194924050975,-0.990725407875236,-0.628068268953341,-0.000181832451593101
-0.161508812750794,0.115691496039651,0.378844001816146,-0.804882200004993,-1.04194924050975,-0.990725407875236,-0.000215268486666139
-0.489681756875414,-0.161508812750794,0.115691496039651,-0.669172315838004,-0.804882200004993,-1.04194924050975,-0.000203545575534396
-0.799983333391165,-0.489681756875414,-0.161508812750794,-0.88237763645916,-0.669172315838004,-0.804882200004993,-0.00017705971493543
-1.0699076908116,-0.799983333391165,-0.489681756875414,-1.16260931942908,-0.88237763645916,-0.669172315838004,-0.000141049167836633
-1.28493461552383,-1.0699076908116,-0.799983333391165,-0.979401963153744,-1.16260931942908,-0.88237763645916,-9.95070244606374e-05
-1.43663128828845,-1.28493461552383,-1.0699076908116,-0.191273784244793,-0.979401963153744,-1.16260931942908,2.28792507652473e-06
-1.43314338757465,-1.43663128828845,-1.28493461552383,0.732966367939587,-0.191273784244793,-0.979401963153744,0.000133131101933477
-1.23018741221249,-1.43314338757465,-1.43663128828845,1.16500962113377,0.732966367939587,-0.191273784244793,0.000282823817188865
-0.799027579238973,-1.23018741221249,-1.43314338757465,0.898912700886661,1.16500962113377,0.732966367939587,0.000323833776940341
-0.305348798701404,-0.799027579238973,-1.23018741221249,0.242464577204181,0.898912700886661,1.16500962113377,0.000352202435876711
0.231577493203002,-0.305348798701404,-0.799027579238973,-0.361899383126771,0.242464577204181,0.898912700886661,0.000319474507069793
0.718610645066317,0.231577493203002,-0.305348798701404,-0.681433418369787,-0.361899383126771,0.242464577204181,0.000213997219884178
1.04484556579947,0.718610645066317,0.231577493203002,-0.706623580256895,-0.681433418369787,-0.361899383126771,0.000133908077034962
1.24898602575813,1.04484556579947,0.718610645066317,-0.513435658724254,-0.706623580256895,-0.681433418369787,-3.46654549154271e-07
1.24845755711996,1.24898602575813,1.04484556579947,-0.226382626024328,-0.513435658724254,-0.706623580256895,-0.000110243832539384
1.08039281315146,1.24845755711996,1.24898602575813,-0.0296735832612358,-0.226382626024328,-0.513435658724254,-0.000161709271112941
0.833869931817299,1.08039281315146,1.24845755711996,-0.053958986978568,-0.0296735832612358,-0.226382626024328,-0.000222665498337012
0.494420376167465,0.833869931817299,1.08039281315146,-0.222340319312023,-0.053958986978568,-0.0296735832612358,-0.000254199827740496
0.106897301343472,0.494420376167465,0.833869931817299,-0.315298911156926,-0.222340319312023,-0.053958986978568,-0.000261366753084619
-0.291551622530362,0.106897301343472,0.494420376167465,-0.248507738099086,-0.315298911156926,-0.222340319312023,-0.000253364014713977
-0.677800515397217,-0.291551622530362,0.106897301343472,-0.198478351806342,-0.248507738099086,-0.315298911156926,-0.000200056838095937
-0.982783574306476,-0.677800515397217,-0.291551622530362,-0.342910512401566,-0.198478351806342,-0.248507738099086,-0.000147057311548647
-1.20696980626907,-0.982783574306476,-0.677800515397217,-0.51929308475507,-0.342910512401566,-0.198478351806342,-8.01251464555169e-05
-1.32911915389515,-1.20696980626907,-0.982783574306476,-0.308801304692614,-0.51929308475507,-0.342910512401566,1.11882951845058e-05
-1.31206279870216,-1.32911915389515,-1.20696980626907,0.450660282730022,-0.308801304692614,-0.51929308475507,9.58205543239922e-05
-1.16598608349337,-1.31206279870216,-1.32911915389515,1.32878715728564,0.450660282730022,-0.308801304692614,0.000225569923065842
-0.822108784475198,-1.16598608349337,-1.31206279870216,1.62841861703158,1.32878715728564,0.450660282730022,0.000352919065820215
-0.284090003084524,-0.822108784475198,-1.16598608349337,1.07257228057411,1.62841861703158,1.32878715728564,0.000402194844643741
0.329048818684516,-0.284090003084524,-0.822108784475198,0.0799016757729931,1.07257228057411,1.62841861703158,0.000347540132823539
0.858867513266822,0.329048818684516,-0.284090003084524,-0.680229740235897,0.0799016757729931,1.07257228057411,0.000268163544775431
1.26767802407946,0.858867513266822,0.329048818684516,-0.921471506656002,-0.680229740235897,0.0799016757729931,0.000131702151940363
1.46845559082497,1.26767802407946,0.858867513266822,-0.860704667290795,-0.921471506656002,-0.680229740235897,-4.21692091741115e-06
1.46202697057479,1.46845559082497,1.26767802407946,-0.80139691467534,-0.860704667290795,-0.921471506656002,-0.000143944086833772
1.24258679381157,1.46202697057479,1.46845559082497,-0.784886055650146,-0.80139691467534,-0.860704667290795,-0.000260967631947334
0.844746322947808,1.24258679381157,1.46202697057479,-0.709177683153864,-0.784886055650146,-0.80139691467534,-0.000325628583737196
0.348331391662954,0.844746322947808,1.24258679381157,-0.622700158891576,-0.709177683153864,-0.784886055650146,-0.000364134589909422
-0.206785254897199,0.348331391662954,0.844746322947808,-0.687906570852297,-0.622700158891576,-0.709177683153864,-0.000387730746133042
-0.79787381809901,-0.206785254897199,0.348331391662954,-0.845171571670286,-0.687906570852297,-0.622700158891576,-0.000316171553392622
-1.27987167636533,-0.79787381809901,-0.206785254897199,-0.714277414320464,-0.845171571670286,-0.687906570852297,-0.000263179826962194
-1.68108459882314,-1.27987167636533,-0.79787381809901,-0.00379086697452564,-0.714277414320464,-0.845171571670286,-0.000154516791519903
-1.91664267411365,-1.68108459882314,-1.27987167636533,1.02026351431379,-0.00379086697452564,-0.714277414320464,5.14803655866773e-05
-1.83816178078441,-1.91664267411365,-1.68108459882314,1.64591196356476,1.02026351431379,-0.00379086697452564,0.000240182799621992
-1.4720074137391,-1.83816178078441,-1.91664267411365,1.3858177044445,1.64591196356476,1.02026351431379,0.000369141134483344
-0.909258379837164,-1.4720074137391,-1.83816178078441,0.474713074680234,1.3858177044445,1.64591196356476,0.000440539304111403
-0.237664117844373,-0.909258379837164,-1.4720074137391,-0.386307287380997,0.474713074680234,1.3858177044445,0.000393090348720085
0.361595063303276,-0.237664117844373,-0.909258379837164,-0.754475026099041,-0.386307287380997,0.474713074680234,0.000342398742960531
0.883575801320892,0.361595063303276,-0.237664117844373,-0.819431167679879,-0.754475026099041,-0.386307287380997,0.000207669696964039
1.20016452693335,0.883575801320892,0.361595063303276,-1.0369816614623,-0.819431167679879,-0.754475026099041,8.08495945002463e-05
1.3234182826007,1.20016452693335,0.883575801320892,-1.49490010769055,-1.0369816614623,-0.819431167679879,-0.000127929087097857
1.12839268548583,1.3234182826007,1.20016452693335,-1.7593465966355,-1.49490010769055,-1.0369816614623,-0.000273476826998013
0.71148217129158,1.12839268548583,1.3234182826007,-1.36271362121282,-1.7593465966355,-1.49490010769055,-0.000349437014594994
0.178771714495327,0.71148217129158,1.12839268548583,-0.368463617611758,-1.36271362121282,-1.7593465966355,-0.000390463483795953
-0.416482858224396,0.178771714495327,0.71148217129158,0.603110978951517,-0.368463617611758,-1.36271362121282,-0.000338439250587921
-0.932427421187863,-0.416482858224396,0.178771714495327,0.898370543970848,0.603110978951517,-0.368463617611758,-0.000217211782974265
-1.2635628856545,-0.932427421187863,-0.416482858224396,0.364388967466364,0.898370543970848,0.603110978951517,-0.000120653046903308
-1.44749629008853,-1.2635628856545,-0.932427421187863,-0.590003564577479,0.364388967466364,0.898370543970848,-5.62000643926152e-05
-1.53317227953478,-1.44749629008853,-1.2635628856545,-1.38471933719209,-0.590003564577479,0.364388967466364,-2.07820592706401e-05
-1.56485415588111,-1.53317227953478,-1.44749629008853,-1.69463501578115,-1.38471933719209,-0.590003564577479,4.32329399922293e-05
-1.49894631483972,-1.56485415588111,-1.53317227953478,-1.55236469060957,-1.69463501578115,-1.38471933719209,5.43824191753207e-05
-1.4160412929028,-1.49894631483972,-1.56485415588111,-1.13486128632623,-1.55236469060957,-1.69463501578115,9.10006146098485e-05
-1.27731248927638,-1.4160412929028,-1.49894631483972,-0.531374186891206,-1.13486128632623,-1.55236469060957,0.000136266554802714
-1.06957657229248,-1.27731248927638,-1.4160412929028,0.249954683994999,-0.531374186891206,-1.13486128632623,0.000203696695427075
-0.759044616212752,-1.06957657229248,-1.27731248927638,1.08260059857221,0.249954683994999,-0.531374186891206,0.000293179890076533
-0.312097136000441,-0.759044616212752,-1.06957657229248,1.62589353277016,1.08260059857221,0.249954683994999,0.00034829822460409
0.218877255894525,-0.312097136000441,-0.759044616212752,1.54335041489795,1.62589353277016,1.08260059857221,0.000383335484415971
0.803265321498065,0.218877255894525,-0.312097136000441,0.869665255973936,1.54335041489795,1.62589353277016,0.000361989037137018
1.35511111136666,0.803265321498065,0.218877255894525,0.101421721746916,0.869665255973936,1.54335041489795,0.000251550271075515
1.73859498461109,1.35511111136666,0.803265321498065,-0.194270093131906,0.101421721746916,0.869665255973936,0.000110538900633535
1.90710955459302,1.73859498461109,1.35511111136666,0.0807004843061606,-0.194270093131906,0.101421721746916,-2.83542692011919e-05
1.86388398011919,1.90710955459302,1.73859498461109,0.450014638569591,0.0807004843061606,-0.194270093131906,-0.000137318421341899
1.65454451147598,1.86388398011919,1.90710955459302,0.357044384886517,0.450014638569591,0.0807004843061606,-0.000250000180513717
1.27342372347084,1.65454451147598,1.86388398011919,-0.251598655406059,0.357044384886517,0.450014638569591,-0.000315271612549521
0.792797808867024,1.27342372347084,1.65454451147598,-0.89583371063699,-0.251598655406059,0.357044384886517,-0.000376884066058376
0.218244814754812,0.792797808867024,1.27342372347084,-1.10107440965619,-0.89583371063699,-0.251598655406059,-0.000409250646491335
-0.405650450288139,0.218244814754812,0.792797808867024,-0.860621121467512,-1.10107440965619,-0.89583371063699,-0.000405329784969823
-1.02356843231607,-0.405650450288139,0.218244814754812,-0.502331805712865,-0.860621121467512,-1.10107440965619,-0.000336571093520035
-1.5366650233606,-1.02356843231607,-0.405650450288139,-0.211378997082826,-0.502331805712865,-0.860621121467512,-0.000222611921173428
-1.8760329015862,-1.5366650233606,-1.02356843231607,0.114351094717184,-0.211378997082826,-0.502331805712865,-8.8571091704231e-05
-2.01105794114988,-1.8760329015862,-1.5366650233606,0.494935680986541,0.114351094717184,-0.211378997082826,0.000113502809969064
-1.83802494458436,-2.01105794114988,-1.8760329015862,0.573897298220212,0.494935680986541,0.114351094717184,0.000248418630841614
-1.45931520066752,-1.83802494458436,-2.01105794114988,-0.0409074774127859,0.573897298220212,0.494935680986541,0.000349435107775871
-0.926607650782796,-1.45931520066752,-1.83802494458436,-1.12074467226508,-0.0409074774127859,0.573897298220212,0.000325523108943833
-0.430353513927284,-0.926607650782796,-1.45931520066752,-1.75181784397067,-1.12074467226508,-0.0409074774127859,0.000244415598309933
-0.0577463212556031,-0.430353513927284,-0.926607650782796,-1.17682164922982,-1.75181784397067,-1.12074467226508,0.00020177681845361
0.24985881683745,-0.0577463212556031,-0.430353513927284,0.302952478775231,-1.17682164922982,-1.75181784397067,0.000155445627302669
0.486832885607356,0.24985881683745,-0.0577463212556031,1.46506689137782,0.302952478775231,-1.17682164922982,0.00014846439499526
0.713164191028934,0.486832885607356,0.24985881683745,1.33874945607487,1.46506689137782,0.302952478775231,0.000157057988511241
0.952596275521458,0.713164191028934,0.486832885607356,0.189521086732889,1.33874945607487,1.46506689137782,9.2303581183369e-05
1.0933114283026,0.952596275521458,0.713164191028934,-0.762444372691125,0.189521086732889,1.33874945607487,-4.31113512621995e-05
1.02758894709778,1.0933114283026,0.952596275521458,-0.580523850102307,-0.762444372691125,0.189521086732889,-0.000139812041989418
0.814447998534779,1.02758894709778,1.0933114283026,0.523623421399039,-0.580523850102307,-0.762444372691125,-0.000163984567813381
0.564456468219507,0.814447998534779,1.02758894709778,1.53488424699555,0.523623421399039,-0.580523850102307,-0.000163057281305567
