x1,x2,y
2.191648388,3.268645526,43.09712633
-0.488972482,1.59765707,108.3338098
2.868783359,-1.873040308,21.94663518
1.578944232,3.753411019,97.7135478
-3.246581217,2.230007232,30.94532425
3.804978813,1.735121513,27.20920951
2.089117616,-0.405107983,72.10321865
2.288514442,-1.822067505,59.46514999
-2.975090939,-3.228872303,29.12269722
-0.396912497,3.220819172,66.95053786
-1.033615806,-0.353789681,168.3335904
3.414119911,-2.381093082,7.317111641
1.150920961,-1.552347007,137.8906443
2.582092906,0.633756552,29.81323669
-0.452686409,-2.585817736,179.6354039
-2.182090226,2.852914273,12.54985772
0.436678296,2.068156239,81.63383654
-3.489461951,1.755703648,63.46006256
2.621049376,-0.543255682,38.51787246
1.053315193,1.018470726,102.8156142
2.064701921,0.672783751,56.86903283
-1.163792255,1.198772812,116.597657
3.765584195,-3.324445431,61.1346174
3.144968971,-0.673540783,14.74740238
2.227067977,-3.667086609,169.4793459
-2.442890337,-0.048073446,114.9345974
-0.26623197,-1.361110301,180.3569551
-3.649569874,-2.843806489,6.840602069
-2.765684063,-3.172776258,42.65004362
1.464391626,0.701156577,91.93606217
1.958097247,-2.635256252,99.68194874
3.740077859,3.400960947,109.8209759
-1.393397135,0.648489118,134.2938289
-1.036322352,-1.225041564,167.0605392
-0.24355351,0.727323932,149.3979041
-2.484229127,-3.817569032,100.6604073
-2.960627957,3.668473706,14.28526657
-0.19436059,-0.141572504,174.7651321
-2.184725208,2.261881818,32.27560495
1.358511957,-3.338160001,186.3352552
-0.502784649,-0.106733353,173.9289978
2.661425568,-0.074344045,34.70464181
1.602120816,3.50261164,71.51331066
-1.501066869,0.573824419,133.5756924
2.658078411,-0.212084792,35.65886103
2.43811486,-1.864194695,49.06433937
-0.900172968,-1.347448021,170.1273535
-1.693375169,0.16537922,138.5746907
1.459964032,-0.488708318,115.6601646
-2.881980131,-3.827103361,65.23002124
-2.40073438,2.610335394,13.58857258
-3.941101842,3.169286175,60.11829827
2.29539502,-2.878007288,86.92217166
1.318806853,0.432289148,108.1292382
1.641323029,-3.131394071,150.590707
2.245832248,1.377920744,29.1148771
-0.328673796,-1.750129729,178.0191398
0.549929568,1.275381078,112.0436819
-2.881624015,1.815956914,44.12296548
-3.083759412,2.149179935,30.29782954
1.347223694,-3.138072432,169.4535213
-0.231230351,3.328094761,72.8244989
0.521888852,-2.158288073,169.3589864
2.119990859,-3.700699551,181.8765289
1.07774656,0.438819755,121.182636
0.428635205,-1.032621729,170.7019336
0.473657286,2.638317945,66.40483804
-1.568399215,2.466011777,43.08092799
-3.753457323,-1.462888857,76.83331499
-0.506260886,3.623195161,82.30040249
-2.283322617,-1.672657295,97.70033158
-0.73177085,0.120457034,166.5555778
2.827224586,-1.952279275,24.72307482
-2.128484113,3.48834856,18.12975083
-3.533578066,-2.683137459,12.55062117
-1.748928864,-3.640715045,154.4447931
-1.651249938,-0.51922352,147.5619368
1.295332118,3.939004512,125.2353362
0.456257219,3.13341813,69.3740475
2.271185673,1.988864156,15.44235491
1.314508323,3.126339927,54.4858832
-0.748905108,3.147573118,57.8252724
2.512163077,0.150866883,40.53188968
-2.664216641,-1.472567585,85.07187413
-3.818303415,2.176099457,70.12785192
-3.279617114,1.293290105,75.18153127
1.778874805,-1.010738169,95.89385939
-0.304982158,-3.244266656,210.6281773
-2.709825768,1.974316891,36.60906364
0.008358201,-1.900315873,177.8437311
-2.781503178,3.494505204,5.958691906
1.570563001,-2.0722354,113.7669118
-0.430749795,-3.017936541,194.1480153
-0.951830191,2.648901377,56.30428937
-1.587903287,-2.773725467,127.4138617
1.042260745,-2.565853535,156.1307774
-1.105499116,0.795062332,136.5421982
-3.298800645,2.996496327,10.02813399
-3.055952783,-2.428522674,34.01632384
3.695181316,-1.517410617,2.297237803
3.633208824,-0.831883353,9.026655662
2.143456725,-3.600596875,165.8595255
-2.992234026,-3.802397169,54.15508233
2.615904687,2.207628567,4.039853558
2.792576587,-1.357155909,26.37732232
-1.201737307,2.619593511,49.90551344
0.091273878,-1.63350507,177.3759068
0.819999268,0.117884584,142.2591514
-1.289312694,-1.099057164,159.0713602
0.974451208,2.954479986,57.6611061
1.859877393,3.38515462,57.20150118
2.888706243,-2.007461678,21.74868201
-1.297404855,-1.685598326,150.821179
-0.565686043,-0.910748063,179.7221383
0.753450729,-2.114170668,160.571358
3.805423471,-0.348388444,19.25937838
3.422953392,0.716026332,11.44270534
-3.53214019,-1.355969278,75.59113584
2.12017456,-3.456993013,149.2372031
-2.73963919,2.829993377,3.436993648
-1.779661919,-0.238966952,141.2364731
0.669122547,-3.618459485,246.5393858
2.235175132,-3.96428311,219.2846858
-2.61275158,-1.793669496,76.5098972
3.41348134,-2.492375782,10.28033892
-1.21267935,1.317170542,109.401987
2.699724119,-1.283470774,31.98792566
3.176096453,-3.603623734,104.3404901
-2.17672584,-3.030140506,86.34138445
-2.690622804,2.360755281,18.91287694
3.026748789,-1.594069707,13.83571465
-2.828360387,2.611962498,9.186976151
2.316745469,-1.735581086,57.08370904
3.954353502,1.431059843,37.81571129
-3.347733999,0.784644008,95.69714168
0.53312802,-2.427275211,173.0706192
-1.18460855,3.586007881,57.98261697
1.673399998,-2.684116439,121.9846039
3.039262633,3.049854712,30.18125778
-1.423154842,-1.125835414,153.2227268
-1.377137968,-1.99700738,142.485259
-1.997714192,-0.723799052,131.6040956
2.808206753,0.415787143,23.43188896
2.118973473,1.944594395,22.05155911
2.893397314,2.255249401,1.098643597
0.457335143,-0.536426867,167.4309907
3.107029433,-2.276937888,14.79625546
-2.960593139,-0.953915425,92.08252624
3.058717463,-0.321528691,18.59376647
-1.032887898,-0.433502461,169.0107822
-0.685384487,0.144764063,166.6017331
2.657859979,-2.309907465,39.99572282
1.817630669,3.64754947,82.36263231
-3.578493998,-0.975449465,93.36816342
-1.978217799,0.67156748,113.8667337
3.376841806,1.52986343,5.381453168
-3.159597835,0.697586322,93.66835877
1.780493421,0.850945842,68.913609
-1.679344783,0.75064964,121.0596357
-0.853800024,2.350308003,68.16597778
2.656561994,-1.315503635,34.47566275
2.466442675,3.424234552,53.94968135
-3.634912282,-3.970154121,29.37733855
3.120187557,1.645192229,1.521272761
-3.729009844,-2.306506391,29.61650392
0.982835,0.094205122,134.8997787
0.411491394,1.738185778,95.39840722
-3.227335759,-1.378354336,73.19886861
3.808046723,2.316516474,38.57361588
1.166100233,-1.228362342,136.8317176
3.619114199,-2.668520301,14.31396627
1.570019165,-1.159981633,110.6759559
1.268821867,-3.781671512,246.937852
-2.927573166,-3.058692963,30.44538563
-0.76783569,2.758301625,58.58051813
0.642853198,-2.195023858,165.7420549
-3.437504655,3.643570786,27.94651165
-2.979150746,0.554613857,96.00400844
1.225176427,-1.01205342,133.048969
0.720456989,3.771809283,108.167303
-0.255278431,-1.506319973,179.6452594
2.935021903,-1.780480175,18.15740042
0.116388314,0.865030864,140.085516
1.697341837,-2.775673206,124.4627531
-2.642728259,1.693048675,51.3144815
2.034607428,-2.622793562,93.59251045
3.729798347,0.838593873,20.65171562
1.128614027,0.322977738,121.6802722
-0.385290643,0.667700815,151.8669991
1.711734175,0.438335757,84.21229833
-3.450874866,2.299278532,36.95897305
2.611815612,3.878914617,113.6782806
-0.021025462,-1.74899906,178.2233692
-1.102110168,-0.673368375,167.8872418
0.139806583,0.351726341,158.3500439
-2.253723539,-2.366870912,82.01884815
-2.158867938,-0.332613383,126.3848641
2.297892008,2.180187689,12.53070531
-0.626440867,-3.061454669,189.8910246
2.596530639,-2.154051898,41.17069499
3.846692936,2.106179302,36.49335411
1.968537811,2.175755246,24.58216363
-2.507943912,0.921456066,89.33061399
2.809003233,0.492599456,22.43758166
-0.334033198,-3.268439734,211.6302871
2.04204645,0.507056302,62.07816927
-2.890329172,2.854725937,3.074192509
-1.939560123,1.449918826,80.25172692
1.19117754,1.581763802,74.9245454
1.148948808,1.281065939,88.26412998
-3.270556181,2.982784322,9.065416921
2.312535216,3.832852073,103.3757727
3.643918952,3.767798995,154.0639906
-0.517658516,-2.772209973,182.3925408
-0.346797617,-0.087275709,174.1388166
0.659859026,-0.259521489,156.5091934
-1.742009832,0.126453778,137.5925176
-0.692806513,1.956573184,88.26795527
1.937349506,-3.928745595,232.4765723
-2.459920493,-3.142834234,65.64869663
-1.166441132,-0.110001484,161.5443974
3.64878262,2.256155738,23.9069962
3.87955518,-1.499864661,7.266409351
-2.730319754,-2.517283062,48.27212858
3.544315137,-0.478356204,11.58727868
-3.119226247,0.268743192,101.9456479
-0.349062554,3.754726398,96.29099591
-2.251004991,3.611707663,19.77837947
-2.624419463,3.227340717,1.409539098
0.505820123,1.778222306,91.49071352
-1.649979442,0.666107319,125.2773706
1.47940675,0.543578449,95.65797446
-2.426980223,2.163892142,31.18894303
1.822994759,2.606375544,28.32015421
2.896082873,-2.00371865,21.31928414
0.17159834,1.482185704,111.4801773
1.03222332,3.46035731,77.99031009
2.246720584,-1.310912192,61.96341796
2.575494115,2.687488939,10.64949937
-1.733832589,1.441091792,87.25511445
2.243746827,-3.812294819,191.2035809
-0.688320987,-3.921175784,267.8216368
0.719519493,-2.589164818,171.0421533
2.807277862,-0.006544249,27.34878068
2.159738678,-1.370792981,68.15602997
-1.962381589,-2.637969766,99.79992292
-1.343381274,-1.992073191,144.2987672
-3.266882259,-2.560821988,22.0995127
-1.844554546,2.748670765,25.17475283
2.994396104,-2.805137791,38.33757462
2.352047193,-1.559907869,54.29434948
1.284739808,3.073937983,53.32349137
3.020135434,-1.065299918,16.76164683
2.571567428,-1.518561902,39.38073679
-1.642324729,-0.694848741,147.5347364
-2.844731088,1.184278768,74.24050099
2.588923614,1.366952269,15.05235783
-3.707752812,2.789932522,39.21234139
-1.514800831,0.662149007,129.9211229
-1.470371932,-3.096925905,143.6983041
-2.007554997,3.292802136,16.88693819
-2.482674845,-2.071760236,74.6627781
2.425357156,1.410554203,20.42462484
0.597649408,0.116473857,151.6204283
2.785275233,-3.228202599,80.38812876
-0.872227109,-1.872268537,165.7574224
0.788457183,-0.545204916,154.3026087
-0.983208503,-2.845604287,165.8792567
-0.549655402,3.159263798,62.7419007
2.127287951,-2.118487509,73.98995461
0.955692746,1.083452573,104.7787528
-2.273099953,1.077112972,88.43821355
1.34849429,2.381265356,46.24440802
2.612808967,-0.085456029,37.31982225
-0.091497498,3.721431891,98.52034217
3.737434648,-3.15830287,45.09118426
2.754075261,-0.906845085,30.39968597
-2.157164986,-0.592404677,125.6998706
2.035005701,1.07591996,47.93736676
1.237523666,-3.764668909,245.8500906
1.339364526,3.366386139,66.27296743
-2.114506863,2.786912552,15.81827008
-3.31432519,0.046054837,106.3425033
-2.541299273,0.620878006,99.20246625
3.3133462,-1.009569656,8.178738315
0.396840721,2.183105497,78.36075461
0.463811515,1.072892124,123.3218915
3.829358497,-3.905074607,145.9595476
0.038674258,3.660530149,95.29570745
0.974400685,-1.05974275,147.4733999
-2.14907186,2.92544141,12.29339359
-3.874045857,1.950340841,85.49254275
0.353907233,0.866145366,134.9336197
-0.41607421,-0.813250068,181.1186327
-1.791707278,1.417861758,86.58845733
-3.517045432,-0.749502643,99.49235461
-2.318645147,0.502975591,108.4099139
-2.017446096,-3.809017118,145.4774789
-0.509519536,3.884591495,104.4664295
1.910240012,-0.246711077,83.01472791
-3.674106637,-0.796924112,103.6791595
1.130791582,-2.575289012,151.7883812
-1.949183772,0.641897896,115.900602
1.293500706,-3.73603616,238.7258555
-0.607747517,2.810714171,61.23676444
-3.977188695,0.240993611,144.8206991
-2.100970351,3.265971084,13.47317784
0.11580025,-1.666253269,176.9684696
-1.35326776,-3.070226443,150.9418749
-0.924023281,-0.942025113,172.4622223
0.409931611,-3.607535643,249.7698452
-0.599924655,0.826147861,144.1639515
-0.559215392,3.91942786,106.6859147
-1.25180161,-1.871552903,150.3466205
0.998097156,3.001429099,58.07331449
1.892445682,-2.900672366,117.4203234
-1.764676772,-0.298469601,142.2500741
1.941528736,0.796282638,60.97407927
0.109671076,-3.77577809,272.2288033
1.971037165,3.305715676,49.30650461
1.604344316,-3.58978238,200.4942432
-1.990468639,-3.389530166,114.9763398
0.163869109,3.842738369,113.7356718
-2.352114635,2.444113286,20.55496503
-3.336938146,2.804262089,14.75616742
1.835016997,1.230036636,54.33131174
2.94359037,1.256680287,7.299711026
1.504113545,-2.334041867,122.5845104
0.74112008,0.193479923,143.9177887
2.06357022,2.619933812,20.7045067
-0.115728102,0.069912094,169.738279
1.31673823,-3.701158857,232.3976834
1.563124839,-2.199305955,116.0503034
-1.924072914,-3.695728492,143.2747611
-0.47587615,0.937576514,140.2643338
-3.229016747,0.737822798,93.81915899
3.172586984,2.391630788,5.704169898
3.384756918,1.499693909,5.693401831
0.891786503,-0.46951233,148.6050235
-3.016138092,-0.740830565,96.61929343
-3.611601703,1.911237379,64.06579454
-0.511797968,2.844827705,62.64100863
1.526438739,0.842319511,83.96860261
0.083638665,0.834050871,141.9017036
-2.612705212,1.910619062,40.67016479
-2.615426496,2.982856425,1.900109669
-0.064613436,-3.525733168,239.6715525
3.292563386,3.093029707,42.94089899
-2.230820808,-1.869209126,95.20565665
2.86324269,0.920439281,14.36080512
-0.590446742,3.967719802,111.132086
-1.386819663,2.525662578,46.94795478
-0.610016112,-2.514785411,174.383126
-1.164703848,3.90671395,83.28779979
-2.321080599,-1.763116886,92.99612547
0.450543735,-1.279061018,169.9735806
-0.423327477,-2.625904391,181.0924285
-0.083407594,0.271343442,164.0918654
-1.301445569,3.614816051,55.10180915
1.169904375,3.401333296,71.74858723
-3.551593651,3.59885358,32.93267595
3.633803697,3.166991636,73.25733159
-2.256839943,1.013791111,91.65785015
-0.412399816,-3.460008825,224.9891117
0.419156222,-3.657402531,255.9021529
1.297138965,-1.449869349,128.900074
-0.140568853,0.213282496,166.2675346
1.398611615,-1.074260999,122.1558267
-2.42695879,0.714880505,98.80929752
-1.661836377,-0.266314588,146.1322516
-3.373572317,0.49031372,103.4401988
2.666159191,2.905369487,17.84280941
0.837140455,0.110578544,141.6381959
0.966870836,-3.114508683,187.1508343
-2.317904249,3.154291667,6.514852444
2.248766352,0.715566448,45.29738545
-3.019818091,2.261193066,24.22169784
1.757310684,-2.874274838,125.4536379
-3.682884587,2.951118831,34.30836894
3.368891425,3.019949435,41.48168139
2.942064518,0.791531474,14.18555259
3.946927044,-3.655128466,107.0841273
-0.233495135,-1.875096549,178.1870498
0.786331069,-1.14825392,156.9022612
1.997560395,1.546286291,36.66907274
-2.917226958,1.37386802,65.72157572
-3.19883448,-0.807389991,93.62451271
-0.601398595,-3.226684095,200.1349462
-3.597175585,-2.561682115,16.66780117
1.108501042,-0.523119461,137.5337193
1.561527049,-2.617408265,126.965711
3.556735456,0.938509119,13.26850789
3.358724054,3.791134957,131.7460589
-2.714927125,-0.486439282,106.7764913
1.623551538,-2.236625348,112.5148051
3.468810752,-3.058035006,37.97911874
3.490701343,1.099602609,10.51018491
-1.629366468,-2.224399698,125.2684937
0.574824486,-2.524830861,174.0949344
-3.774995846,2.552749906,51.81330994
-1.986327453,-1.939651144,108.1858345
3.821123238,-2.280797014,5.836059832
-1.558714653,-3.958883498,207.5927818
1.410430679,1.800803996,57.48926861
1.122920263,-0.434812601,135.8610277
3.112621229,-0.95302432,14.00365019
-1.291518889,-2.53969665,144.327656
-1.958201968,2.657512354,23.91562883
1.879947314,-0.623925466,87.82380929
1.655568906,2.475680712,34.06338197
0.404518226,-0.285984173,166.1348715
-3.308151324,-1.393056004,72.11598503
2.136100444,2.098452065,19.03561481
-0.694565613,-1.252610558,176.0595002
-2.004919618,0.551567989,117.0306086
1.223166208,-0.908318721,132.933791
-0.882171453,2.738585282,56.1442765
-1.951459326,-0.261540276,134.4610622
1.616285646,3.285697682,55.32038984
-3.756610164,1.538408174,92.01800906
1.73671352,-1.671892823,99.32423331
-0.823174813,-1.264620138,172.9957116
-1.255768233,2.806711209,43.91887817
-2.751129206,-1.153376964,91.92988161
1.168959638,-1.355408709,136.7081458
3.098523448,2.470002966,5.984248796
1.772119417,-3.17546343,145.3501657
2.580279214,0.004886262,38.34565711
-3.864593681,1.71670154,94.62995688
2.063446539,-0.986491165,75.44093702
3.871220855,3.108321113,93.01290514
3.488906821,1.879501228,9.314992608
-0.783454525,-2.239071855,167.0704295
1.565064147,0.214838205,98.52344902
0.581056916,-3.788414464,271.7599815
-2.728550832,2.39674761,17.21503757
0.905239194,3.265302383,68.68203657
-3.292667655,2.356194372,27.30779533
-2.385730028,3.613495044,16.35310453
-1.982676785,1.221470977,90.30387939
0.046385966,-2.168324309,178.419533
1.621387174,-1.738999314,107.7578246
2.583803389,-0.682675509,40.6700906
-3.570726757,-3.604688924,9.310736606
3.783727232,-3.262403582,55.16333018
2.630465269,-3.078702652,77.35697247
-0.705499185,-1.749758094,171.6775183
-2.938014015,-3.025931963,29.70642926
-2.395723778,-0.230480227,117.4351712
-1.842914477,1.519937217,79.68799768
0.671983283,-2.050188014,163.239934
0.848293806,-3.62844051,242.6502113
-0.2657167,1.877340556,95.93707712
-3.843538074,-0.253171343,128.5840571
1.468298771,-3.40669074,186.9733816
-0.650410578,0.988602326,136.466663
3.827504904,3.631340609,153.2979084
-0.397269317,-1.755856768,177.3230922
2.716635141,-1.15298693,31.50642097
2.469246302,-1.657712719,46.21879487
-2.462204348,2.078144918,34.6319739
0.969878294,-1.972750594,149.3437654
-3.99957941,-0.071084614,145.1406616
-0.793895237,3.033153541,55.8025473
3.922359479,2.290682754,49.27056456
-2.584612067,2.712716369,7.536760388
0.568441704,0.912027271,126.7095953
3.113736598,1.089749415,7.329213436
3.255587342,-3.720764246,118.9935989
2.590561891,-0.882159809,39.92662805
-0.397859354,2.964966555,63.98396994
2.379815537,2.237069307,9.75401665
-2.511313514,0.661080934,98.60148394
-3.084910851,0.25163675,101.9493181
3.106935161,1.045306236,7.933229858
2.24819618,1.375318113,29.06894238
-2.533894201,-2.145865926,69.52549067
0.151076298,1.23799793,123.1144729
3.975272305,-3.35583483,69.94019576
1.059909399,-1.887176305,144.0442516
3.46059543,-2.988472127,33.12009908
3.373519847,-0.587444176,10.81028656
-2.477132507,1.581956773,59.41487224
2.461426303,-0.094507679,45.87782689
-2.827672758,0.55110683,96.72369388
0.916217796,-0.270879397,144.9396009
0.46441027,-3.03911353,198.3807558
1.492176451,1.16927538,74.96757747
0.786671115,-2.087704457,158.9126489
2.772963232,-1.061517734,28.7274132
1.474373154,3.295152904,59.02729708
-2.426137337,-2.171839538,75.25842205
2.659652285,-3.025852165,71.52012156
-1.92372812,2.944976519,19.0227942
-1.622370768,1.38090916,93.91563578
0.662946957,-2.739495542,178.2536335
3.856035272,-1.324115372,8.410478362
3.695961219,3.748383764,156.5529078
1.594749851,-2.245840689,114.6765838
2.855734016,-0.309166943,26.33922591
-3.23629165,2.426493068,22.51907444
1.546585987,-2.128400273,116.1243637
3.934452402,2.617630204,64.71228797
-1.054445629,1.707504871,93.33087644
-2.27041402,-3.220258181,83.39212522
1.57728269,2.92878218,41.12864986
3.67184007,1.830200907,18.59906974
3.474135599,-2.817714689,22.53616254
0.219882554,0.172269346,161.763533
2.40971518,2.021151107,10.31761614
2.553026564,1.589491804,12.05520289
-2.719382592,-3.514669934,57.62454535
0.232361511,-3.718041558,264.8242346
2.615190366,0.383102251,32.23184681
-0.509930651,3.00359432,62.13660022
-2.263415769,1.246493072,80.88014634
2.065410183,0.877507196,51.64310519
-3.031512246,1.001955633,82.15033866
-2.322678726,-0.240355155,120.0086113
-0.766466981,-3.99106878,274.0845161
1.169643768,3.060666163,55.69419461
-1.588235602,2.257421387,50.88552289
-2.062508039,-3.452021401,112.145871
-3.657627602,0.64673578,113.9949785
1.481471669,2.202632485,44.03925528
3.817505727,3.264666292,102.64234
2.028150046,3.213775134,42.18179607
-1.875850847,0.038666053,134.145258
-1.27015516,-0.098919989,158.2108104
3.998553385,-1.893116396,9.920201139
1.880107351,0.808487487,64.25907826
0.082039022,3.184825462,71.37340686
-2.223175406,1.208437012,83.77524954
0.983942199,1.591868328,83.35783612
3.255156491,-1.779228653,5.10175597
0.207073153,3.057457979,68.93332196
-2.614610438,0.637320901,97.23137052
3.902769598,-2.778768994,23.49514618
1.924165517,3.242844292,46.03676526
1.101952324,0.072672454,129.0676207
3.233302525,-1.541768429,6.288873564
0.052521572,0.23129993,163.4324408
0.314294482,1.625338055,102.3957551
-2.797550653,-0.754700822,100.5879798
3.901098297,0.734088046,31.08248533
3.638926074,-2.026172389,0.600471342
-3.369174116,3.739154779,29.77939807
-2.845750778,2.131600159,28.70459606
-3.545512777,3.391785446,25.54497076
-3.596790856,-2.33919972,26.42680562
2.746502496,2.694696171,9.628088419
-1.985035763,-0.849786386,130.8344129
-3.625966643,-1.921397392,48.13429475
3.446694814,-2.733499681,18.79288395
-2.061476975,-1.185447887,121.5935455
3.662040616,-1.912445705,0.350172739
1.628942494,-0.526146051,104.6758277
-3.664220091,2.786856661,35.57555601
-0.476506807,-1.892222692,175.5851947
-3.04117508,-1.736286127,61.53443648
-2.684788495,-3.537167552,61.70599343
-3.301301936,0.858911723,92.03573627
2.759438979,-0.125857204,30.17787238
-1.235501187,3.400013218,47.9405789
-0.170039648,2.467850671,73.47088579
-1.663388942,2.444643776,40.72719378
-1.065424642,1.670709861,94.96095784
3.680560465,-0.507297657,13.53483625
-2.3647122,-3.597504091,93.89880062
0.600908945,-0.883212075,164.332731
1.488428659,-3.27119826,172.2692438
3.606355982,0.590716237,16.01210259
-0.311778341,-0.73074984,181.277691
-0.424913768,0.893559822,142.4332951
-2.019815695,0.211449192,125.5617856
2.171915131,1.582015355,27.50430933
-2.897028097,-2.33199403,44.27709856
-3.770859254,-3.784737082,12.94610678
-3.43261124,-3.790815894,24.5533155
1.70784526,-3.053655209,140.2932916
1.856330125,1.581611054,42.65098506
2.463784427,1.194624897,23.6177028
1.778417669,-0.857407672,95.72482833
-3.643854743,-1.312937365,80.49801923
-1.99401081,1.75468476,62.75316516
-0.236758679,2.691080694,68.10980127
-2.669856274,3.045982752,0.835628356
0.847768175,1.634435416,86.8844145
1.553514068,0.001079814,103.3752509
0.527936789,-2.527027476,175.5251534
0.357935918,0.480134189,149.0962042
-3.237632343,-2.730356197,18.29401378
-3.150645958,-2.954375614,18.24618613
3.295892382,1.21405328,6.133555442
-1.225960514,-3.497155144,184.8816948
1.733004933,-2.578629211,113.748305
0.572189974,2.421325914,68.40271616
-0.418554434,2.034694429,88.01521119
-3.737268507,2.556824783,48.15387397
3.867608227,-3.816341626,130.7124405
-4.0,-4.0,26.0
-3.836734693877551,-4.0,26.73741036334125
-3.673469387755102,-4.0,30.63882794913476
-3.510204081632653,-4.0,37.31204633082739
-3.346938775510204,-4.0,46.38191153519436
-3.183673469387755,-4.0,57.49032204233936
-3.020408163265306,-4.0,70.29622878569445
-2.857142857142857,-4.0,84.47563515201998
-2.6938775510204085,-4.0,99.72159698140489
-2.5306122448979598,-4.0,115.74422256726642
-2.36734693877551,-4.0,132.27067265635014
-2.204081632653061,-4.0,149.04516044873014
-2.0408163265306123,-4.0,165.82895159780884
-1.877551020408164,-4.0,182.40036421031704
-1.7142857142857144,-4.0,198.55476884631403
-1.5510204081632657,-4.0,214.10458851918733
-1.3877551020408163,-4.0,228.87929869565312
-1.2244897959183674,-4.0,242.7254272957557
-1.0612244897959189,-4.0,255.50655469286795
-0.8979591836734695,-4.0,267.103313713691
-0.7346938775510208,-4.0,277.4133896382546
-0.5714285714285716,-4.0,286.3515201999167
-0.4081632653061229,-4.0,293.8494955853637
-0.2448979591836737,-4.0,299.8561584346103
-0.0816326530612245,-4.0,304.3374038409999
0.0816326530612245,-4.0,307.27617935120395
0.2448979591836728,-4.0,308.67248496522257
0.408163265306122,-4.0,308.54337313638405
0.5714285714285712,-4.0,306.9229487713452
0.7346938775510203,-4.0,303.86236923009136
0.8979591836734686,-4.0,299.429844325936
1.0612244897959178,-4.0,293.7106363255211
1.224489795918367,-4.0,286.80705994881697
1.387755102040816,-4.0,278.8384823691226
1.5510204081632653,-4.0,269.94132321306495
1.7142857142857135,-4.0,260.2690545605998
1.877551020408163,-4.0,249.99220094501092
2.040816326530612,-4.0,239.2983393529109
2.204081632653061,-4.0,228.3920992242404
2.3673469387755093,-4.0,217.49516245226857
2.5306122448979584,-4.0,206.84626338359303
2.693877551020408,-4.0,196.7011888181396
2.8571428571428568,-4.0,187.3327780091629
3.020408163265306,-4.0,179.03092266324543
3.183673469387754,-4.0,172.10256694029863
3.346938775510204,-4.0,166.87170745356173
3.5102040816326525,-4.0,163.67939326960283
3.6734693877551017,-4.0,162.88372590831844
3.836734693877551,-4.0,164.8598593429331
4.0,-4.0,170.0
-4.0,-3.836734693877551,15.195552803990974
-3.836734693877551,-3.836734693877551,15.097392954240744
-3.673469387755102,-3.836734693877551,18.180648039715503
-3.510204081632653,-3.836734693877551,24.05311163386213
-3.346938775510204,-3.836734693877551,32.33962976345583
-3.183673469387755,-3.836734693877551,42.682100908600304
-3.020408163265306,-3.836734693877551,54.7394760027276
-2.857142857142857,-3.836734693877551,68.18775843259809
-2.6938775510204085,-3.836734693877551,82.72000403830069
-2.5306122448979598,-3.836734693877551,98.04632111325265
-2.36734693877551,-3.836734693877551,113.89387040419956
-2.204081632653061,-3.836734693877551,130.0068651112154
-2.0408163265306123,-3.836734693877551,146.1465708877028
-1.877551020408164,-3.836734693877551,162.09130584039238
-1.7142857142857144,-3.836734693877551,177.63644052934347
-1.5510204081632657,-3.836734693877551,192.59439796794368
-1.3877551020408163,-3.836734693877551,206.79465362290904
-1.2244897959183674,-3.836734693877551,220.08373541428404
-1.0612244897959189,-3.836734693877551,232.3252237154413
-0.8979591836734695,-3.836734693877551,243.39975135308225
-0.7346938775510208,-3.836734693877551,253.2050036072364
-0.5714285714285716,-3.836734693877551,261.6557182112617
-0.4081632653061229,-3.836734693877551,268.6836853518448
-0.2448979591836737,-3.836734693877551,274.23774766900016
-0.0816326530612245,-3.836734693877551,278.2838002560713
0.0816326530612245,-3.836734693877551,280.8047906597296
0.2448979591836728,-3.836734693877551,281.8007188799752
0.408163265306122,-3.836734693877551,281.2886373701364
0.5714285714285712,-3.836734693877551,279.30265103687015
0.7346938775510203,-3.836734693877551,275.89391724016144
0.8979591836734686,-3.836734693877551,271.130645793324
1.0612244897959178,-3.836734693877551,265.09809896299976
1.224489795918367,-3.836734693877551,257.8985914691591
1.387755102040816,-3.836734693877551,249.6514904851009
1.5510204081632653,-3.836734693877551,240.49321563745215
1.7142857142857135,-3.836734693877551,230.57723900616872
1.877551020408163,-3.836734693877551,220.07408512453424
2.040816326530612,-3.836734693877551,209.17133097916127
2.204081632653061,-3.836734693877551,198.0736060099906
2.3673469387755093,-3.836734693877551,187.00259211029143
2.5306122448979584,-3.836734693877551,176.19702362666123
2.693877551020408,-3.836734693877551,165.91268735902594
2.8571428571428568,-3.836734693877551,156.42242256064003
3.020408163265306,-3.836734693877551,148.01612093808615
3.183673469387754,-3.836734693877551,141.0007266512756
3.346938775510204,-3.836734693877551,135.7002363134478
3.5102040816326525,-3.836734693877551,132.4556989911707
3.6734693877551017,-3.836734693877551,131.62521620434077
3.836734693877551,-3.836734693877551,133.58394192618272
4.0,-3.836734693877551,138.7240825832496
-4.0,-3.673469387755102,7.981601793366332
-3.836734693877551,-3.673469387755102,7.065279443297353
-3.673469387755102,-3.673469387755102,9.34777974122611
-3.510204081632653,-3.673469387755102,14.436896260599468
-3.346938775510204,-3.673469387755102,21.957475028192643
-3.183673469387755,-3.673469387755102,31.551414524109333
-3.020408163265306,-3.673469387755102,42.87766568178158
-2.857142857142857,-3.673469387755102,55.61223188796976
-2.6938775510204085,-3.673469387755102,69.44816898276278
-2.5306122448979598,-3.673469387755102,84.09558525957792
-2.36734693877551,-3.673469387755102,99.28164146516072
-2.204081632653061,-3.673469387755102,114.75055079958528
-2.0408163265306123,-3.673469387755102,130.263578916254
-1.877551020408164,-3.673469387755102,145.5990439218977
-1.7142857142857144,-3.673469387755102,160.5523163765757
-1.5510204081632657,-3.673469387755102,174.9358192936755
-1.3877551020408163,-3.673469387755102,188.5790281399132
-1.2244897959183674,-3.673469387755102,201.3284708353333
-1.0612244897959189,-3.673469387755102,213.04772775330835
-0.8979591836734695,-3.673469387755102,223.6174317205399
-0.7346938775510208,-3.673469387755102,232.9352680170573
-0.5714285714285716,-3.673469387755102,240.91597437621868
-0.4081632653061229,-3.673469387755102,247.4913409847105
-0.2448979591836737,-3.673469387755102,252.61021048254744
-0.0816326530612245,-3.673469387755102,256.2384779630728
0.0816326530612245,-3.673469387755102,258.35909097295814
0.2448979591836728,-3.673469387755102,258.97204951220345
0.408163265306122,-3.673469387755102,258.0944060341372
0.5714285714285712,-3.673469387755102,255.76026544541605
0.7346938775510203,-3.673469387755102,252.0207851060253
0.8979591836734686,-3.673469387755102,246.94417482927855
1.0612244897959178,-3.673469387755102,240.61569688181785
1.224489795918367,-3.673469387755102,233.13766598361337
1.387755102040816,-3.673469387755102,224.629449307964
1.5510204081632653,-3.673469387755102,215.2274664814969
1.7142857142857135,-3.673469387755102,205.0851895841679
1.877551020408163,-3.673469387755102,194.37314314926053
2.040816326530612,-3.673469387755102,183.27890416338744
2.204081632653061,-3.673469387755102,172.00710206648938
2.3673469387755093,-3.673469387755102,160.77941875183552
2.5306122448979584,-3.673469387755102,149.83458856602343
2.693877551020408,-3.673469387755102,139.42839830897896
2.8571428571428568,-3.673469387755102,129.8336872339566
3.020408163265306,-3.673469387755102,121.340347047539
3.183673469387754,-3.673469387755102,114.25532190963756
3.346938775510204,-3.673469387755102,108.9026084334915
3.5102040816326525,-3.673469387755102,105.62325568566892
3.6734693877551017,-3.673469387755102,104.77536518606628
3.836734693877551,-3.673469387755102,106.73409090790824
4.0,-3.673469387755102,111.89163927774784
-4.0,-3.510204081632653,3.9659405415728974
-3.836734693877551,-3.510204081632653,2.248863403957912
-3.673469387755102,-3.510204081632653,3.748016627113401
-3.510204081632653,-3.510204081632653,8.07119378448623
-3.346938775510204,-3.510204081632653,14.84324090285161
-3.183673469387755,-3.510204081632653,23.706056462313267
-3.020408163265306,-3.510204081632653,34.318591396303184
-2.857142857142857,-3.510204081632653,46.35684909158181
-2.6938775510204085,-3.510204081632653,59.513885388238
-2.5306122448979598,-3.510204081632653,73.49980857968905
-2.36734693877551,-3.510204081632653,88.04177941268051
-2.204081632653061,-3.510204081632653,102.88401108728642
-2.0408163265306123,-3.510204081632653,117.78776925690929
-1.877551020408164,-3.510204081632653,132.53137202827986
-1.7142857142857144,-3.510204081632653,146.91018996145746
-1.5510204081632657,-3.510204081632653,160.73664606982956
-1.3877551020408163,-3.510204081632653,173.84021582011243
-1.2244897959183674,-3.510204081632653,186.06742713235028
-1.0612244897959189,-3.510204081632653,197.2818603799159
-0.8979591836734695,-3.510204081632653,207.36414838951072
-0.7346938775510208,-3.510204081632653,216.21197644116415
-0.5714285714285716,-3.510204081632653,223.74008226823435
-0.4081632653061229,-3.510204081632653,229.88025605740765
-0.2448979591836737,-3.510204081632653,234.58134044869888
-0.0816326530612245,-3.510204081632653,237.80923053545123
0.0816326530612245,-3.510204081632653,239.5468738643363
0.2448979591836728,-3.510204081632653,239.7942704353541
0.408163265306122,-3.510204081632653,238.56847270183303
0.5714285714285712,-3.510204081632653,235.90358557042995
0.7346938775510203,-3.510204081632653,231.8507664011299
0.8979591836734686,-3.510204081632653,226.47822500724664
1.0612244897959178,-3.510204081632653,219.871223655422
1.224489795918367,-3.510204081632653,212.1320770656264
1.387755102040816,-3.510204081632653,203.38015241115863
1.5510204081632653,-3.510204081632653,193.751869318646
1.7142857142857135,-3.510204081632653,183.400699868044
1.877551020408163,-3.510204081632653,172.49716859263663
2.040816326530612,-3.510204081632653,161.22885247903614
2.204081632653061,-3.510204081632653,149.8003809671834
2.3673469387755093,-3.510204081632653,138.43343595034767
2.5306122448979584,-3.510204081632653,127.36675177512632
2.693877551020408,-3.510204081632653,116.85611524144548
2.8571428571428568,-3.510204081632653,107.17436560255936
3.020408163265306,-3.510204081632653,98.61139456505089
3.183673469387754,-3.510204081632653,91.47414628883114
3.346938775510204,-3.510204081632653,86.08661738713964
3.5102040816326525,-3.510204081632653,82.78985692654436
3.6734693877551017,-3.510204081632653,81.94196642694168
3.836734693877551,-3.510204081632653,83.91809986155633
4.0,-3.510204081632653,89.11046365694143
-4.0,-3.346938775510204,2.773415075385953
-3.836734693877551,-3.346938775510204,0.2729908629977007
-3.673469387755102,-3.346938775510204,1.0062047241526633
-3.510204081632653,-3.346938775510204,4.580850232297711
-3.346938775510204,-3.346938775510204,10.621773414208048
-3.183673469387755,-3.346938775510204,18.770872749987387
-3.020408163265306,-3.346938775510204,28.687099173067747
-2.857142857142857,-3.346938775510204,40.04645607020954
-2.6938775510204085,-3.346938775510204,52.54199928150164
-2.5306122448979598,-3.346938775510204,65.88383710036132
-2.36734693877551,-3.346938775510204,79.79913027353417
-2.204081632653061,-3.346938775510204,94.0320920010942
-2.0408163265306123,-3.346938775510204,108.34398793644397
-1.877551020408164,-3.346938775510204,122.51313618631414
-1.7142857142857144,-3.346938775510204,136.33490731076404
-1.5510204081632657,-3.346938775510204,149.62172432318133
-1.3877551020408163,-3.346938775510204,162.20306269028194
-1.2244897959183674,-3.346938775510204,173.92545033211036
-1.0612244897959189,-3.346938775510204,184.65246762203932
-0.8979591836734695,-3.346938775510204,194.26474738677015
-0.7346938775510208,-3.346938775510204,202.6599749063324
-0.5714285714285716,-3.346938775510204,209.7528879140841
-0.4081632653061229,-3.346938775510204,215.4752765967117
-0.2448979591836737,-3.346938775510204,219.7759835942299
-0.0816326530612245,-3.346938775510204,222.620903999982
0.0816326530612245,-3.346938775510204,223.9929853606395
0.2448979591836728,-3.346938775510204,223.8922276762025
0.408163265306122,-3.346938775510204,222.33568339999945
0.5714285714285712,-3.346938775510204,219.35745743868696
0.7346938775510203,-3.346938775510204,215.0087071522504
0.8979591836734686,-3.346938775510204,209.3576423540032
1.0612244897959178,-3.346938775510204,202.4895253105875
1.224489795918367,-3.346938775510204,194.50667074197364
1.387755102040816,-3.346938775510204,185.52844582146037
1.5510204081632653,-3.346938775510204,175.69127017567476
1.7142857142857135,-3.346938775510204,165.14861588457268
1.877551020408163,-3.346938775510204,154.07100748143785
2.040816326530612,-3.346938775510204,142.6460219528827
2.204081632653061,-3.346938775510204,131.0782887388481
2.3673469387755093,-3.346938775510204,119.58948973260316
2.5306122448979584,-3.346938775510204,108.41835928074542
2.693877551020408,-3.346938775510204,97.8206841832008
2.8571428571428568,-3.346938775510204,88.0693036932238
3.020408163265306,-3.346938775510204,79.45410951739706
3.183673469387754,-3.346938775510204,72.28204581563186
3.346938775510204,-3.346938775510204,66.87710920116761
3.5102040816326525,-3.346938775510204,63.58034874057233
3.6734693877551017,-3.346938775510204,62.7498659537424
3.836734693877551,-3.346938775510204,64.76081481390253
4.0,-3.346938775510204,70.00540174760589
-4.0,-3.183673469387755,4.045923874909123
-3.836734693877551,-3.183673469387755,0.7795603005203469
-3.673469387755102,-3.183673469387755,0.764242512447525
-3.510204081632653,-3.183673469387755,3.607764084137512
-3.346938775510204,-3.183673469387755,8.934971042365554
-3.183673469387755,-3.183673469387755,16.38776186723532
-3.020408163265306,-3.183673469387755,25.62508749217884
-2.857142857142857,-3.183673469387755,36.32295130395654
-2.6938775510204085,-3.183673469387755,48.17440914265729
-2.5306122448979598,-3.183673469387755,60.88956930169835
-2.36734693877551,-3.183673469387755,74.19559252782533
-2.204081632653061,-3.183673469387755,87.83669202111223
-2.0408163265306123,-3.183673469387755,101.57413343496157
-1.877551020408164,-3.183673469387755,115.18623487610412
-1.7142857142857144,-3.183673469387755,128.46836690459912
-1.5510204081632657,-3.183673469387755,141.23295253383418
-1.3877551020408163,-3.183673469387755,153.3094672305254
-1.2244897959183674,-3.183673469387755,164.5444389147171
-1.0612244897959189,-3.183673469387755,174.80144795978208
-0.8979591836734695,-3.183673469387755,183.9611271924217
-0.7346938775510208,-3.183673469387755,191.9211618926655
-0.5714285714285716,-3.183673469387755,198.59628979387148
-0.4081632653061229,-3.183673469387755,203.918301082726
-0.2448979591836737,-3.183673469387755,207.83603839924396
-0.0816326530612245,-3.183673469387755,210.3153968367685
0.0816326530612245,-3.183673469387755,211.3393239419713
0.2448979591836728,-3.183673469387755,210.90781971485228
0.408163265306122,-3.183673469387755,209.03793660873984
0.5714285714285712,-3.183673469387755,205.76377953029083
0.7346938775510203,-3.183673469387755,201.1365058394904
0.8979591836734686,-3.183673469387755,195.2243253496522
1.0612244897959178,-3.183673469387755,188.1125003274181
1.224489795918367,-3.183673469387755,179.90334549275858
1.387755102040816,-3.183673469387755,170.71622801897237
1.5510204081632653,-3.183673469387755,160.68756753268673
1.7142857142857135,-3.183673469387755,149.97083611385725
1.877551020408163,-3.183673469387755,138.73655829576776
2.040816326530612,-3.183673469387755,127.17231106503073
2.204081632653061,-3.183673469387755,115.48272386158688
2.3673469387755093,-3.183673469387755,103.88947857870556
2.5306122448979584,-3.183673469387755,92.63130956298409
2.693877551020408,-3.183673469387755,81.96400361434857
2.8571428571428568,-3.183673469387755,72.16039998605328
3.020408163265306,-3.183673469387755,63.51039038468111
3.183673469387754,-3.183673469387755,56.32091897014314
3.346938775510204,-3.183673469387755,50.915982355678906
3.5102040816326525,-3.183673469387755,47.63662960785637
3.6734693877551017,-3.183673469387755,46.8409622465719
3.836734693877551,-3.183673469387755,48.90413424505025
4.0,-3.183673469387755,54.21835202984456
-4.0,-3.020408163265306,7.442417873574483
-3.836734693877551,-3.020408163265306,3.427522649957913
-3.673469387755102,-3.020408163265306,2.681080925430037
-3.510204081632653,-3.020408163265306,4.810886273437722
-3.346938775510204,-3.020408163265306,9.441784720756178
-3.183673469387755,-3.020408163265306,16.21567474748912
-3.020408163265306,-3.020408163265306,24.791507287068548
-2.857142857142857,-3.020408163265306,34.8452857262549
-2.6938775510204085,-3.020408163265306,46.07006590513704
-2.5306122448979598,-3.020408163265306,58.17595611713222
-2.36734693877551,-3.020408163265306,70.89011710898606
-2.204081632653061,-3.020408163265306,83.95676208077258
-2.0408163265306123,-3.020408163265306,97.13715668589428
-1.877551020408164,-3.020408163265306,110.20961903108189
-1.7142857142857144,-3.020408163265306,122.9695196763947
-1.5510204081632657,-3.020408163265306,135.22928163522036
-1.3877551020408163,-3.020408163265306,146.81838037427482
-1.2244897959183674,-3.020408163265306,157.5833438136026
-1.0612244897959189,-3.020408163265306,167.3877523265764
-0.8979591836734695,-3.020408163265306,176.11223873989752
-0.7346938775510208,-3.020408163265306,183.6544883335955
-0.5714285714285716,-3.020408163265306,189.92923884102848
-0.4081632653061229,-3.020408163265306,194.8682804488828
-0.2448979591836737,-3.020408163265306,198.4204557971732
-0.0816326530612245,-3.020408163265306,200.5516599792429
0.0816326530612245,-3.020408163265306,201.2448405417637
0.2448979591836728,-3.020408163265306,200.4999974847354
0.408163265306122,-3.020408163265306,198.3341832614864
0.5714285714285712,-3.020408163265306,194.78150277867357
0.7346938775510203,-3.020408163265306,189.893113396282
0.8979591836734686,-3.020408163265306,183.73722492762545
1.0612244897959178,-3.020408163265306,176.3990996393458
1.224489795918367,-3.020408163265306,167.9810522514134
1.387755102040816,-3.020408163265306,158.6024499371271
1.5510204081632653,-3.020408163265306,148.399712323114
1.7142857142857135,-3.020408163265306,137.52631148932986
1.877551020408163,-3.020408163265306,126.15277196905848
2.040816326530612,-3.020408163265306,114.46667074891224
2.204081632653061,-3.020408163265306,102.67263726883203
2.3673469387755093,-3.020408163265306,90.99235342208696
2.5306122448979584,-3.020408163265306,79.66455355527455
2.693877551020408,-3.020408163265306,68.94502446832077
2.8571428571428568,-3.020408163265306,59.10660541448006
3.020408163265306,-3.020408163265306,50.4391881003351
3.183673469387754,-3.020408163265306,43.249716685797154
3.346938775510204,-3.020408163265306,37.86218778410565
3.5102040816326525,-3.020408163265306,34.6176504618286
3.6734693877551017,-3.020408163265306,33.87420623886235
3.836734693877551,-3.020408163265306,36.00700908843165
4.0,-3.020408163265306,41.40826543708967
-4.0,-2.857142857142857,12.638900458142436
-3.836734693877551,-2.857142857142857,7.892881298070822
-3.673469387755102,-2.857142857142857,6.432723349860642
-3.510204081632653,-2.857142857142857,7.866220186958754
-3.346938775510204,-2.857142857142857,11.818217836140391
-3.183673469387755,-2.857142857142857,17.93061477750924
-3.020408163265306,-2.857142857142857,25.86236194449732
-2.857142857142857,-2.857142857142857,35.28946272386506
-2.6938775510204085,-2.857142857142857,45.904972955701325
-2.5306122448979598,-2.857142857142857,57.41900093342336
-2.36734693877551,-2.857142857142857,69.55870740377681
-2.204081632653061,-2.857142857142857,82.06830556683566
-2.0408163265306123,-2.857142857142857,94.70906107600244
-1.877551020408164,-2.857142857142857,107.25929203800789
-1.7142857142857144,-2.857142857142857,119.51436901291127
-1.5510204081632657,-2.857142857142857,131.28671501410022
-1.3877551020408163,-2.857142857142857,142.40580550829074
-1.2244897959183674,-2.857142857142857,152.71816841552726
-1.0612244897959189,-2.857142857142857,162.0873841091826
-0.8979591836734695,-2.857142857142857,170.394085415958
-0.7346938775510208,-2.857142857142857,177.535957615883
-0.5714285714285716,-2.857142857142857,183.4277384423157
-0.4081632653061229,-2.857142857142857,188.00121808194248
-0.2448979591836737,-2.857142857142857,191.2052391747781
-0.0816326530612245,-2.857142857142857,193.00569681416584
0.0816326530612245,-2.857142857142857,193.38553854677727
0.2448979591836728,-2.857142857142857,192.34476437261236
0.408163265306122,-2.857142857142857,189.90042674499955
0.5714285714285712,-2.857142857142857,186.0866305705956
0.7346938775510203,-2.857142857142857,180.9545332093857
0.8979591836734686,-2.857142857142857,174.57234447468358
1.0612244897959178,-2.857142857142857,167.02532663313102
1.224489795918367,-2.857142857142857,158.4157944046985
1.387755102040816,-2.857142857142857,148.8631149626848
1.5510204081632653,-2.857142857142857,138.50370793371707
1.7142857142857135,-2.857142857142857,127.49104539775098
1.877551020408163,-2.857142857142857,115.99565188807044
2.040816326530612,-2.857142857142857,104.2051043912878
2.204081632653061,-2.857142857142857,92.32403234734385
2.3673469387755093,-2.857142857142857,80.57411764950785
2.5306122448979584,-2.857142857142857,69.1940946443772
2.693877551020408,-2.857142857142857,58.439750131877965
2.8571428571428568,-2.857142857142857,48.58392336526448
3.020408163265306,-2.857142857142857,39.91650605111957
3.183673469387754,-2.857142857142857,32.74444234935434
3.346938775510204,-2.857142857142857,27.391728873208315
3.5102040816326525,-2.857142857142857,24.199414689249476
3.6734693877551017,-2.857142857142857,23.525601317374186
3.836734693877551,-2.857142857142857,25.745442730807184
4.0,-2.857142857142857,31.251145356101624
-4.0,-2.6938775510204085,19.32842746870185
-3.836734693877551,-2.6938775510204085,13.86869208494793
-3.673469387755102,-2.6938775510204085,11.712225625828184
-3.510204081632653,-2.6938775510204085,12.466821664789464
-3.346938775510204,-2.6938775510204085,15.75732622860701
-3.183673469387755,-2.6938775510204085,21.225637797384508
-3.020408163265306,-2.6938775510204085,28.530707304553967
-2.857142857142857,-2.6938775510204085,37.34853813687584
-2.6938775510204085,-2.6938775510204085,47.37218613443896
-2.5306122448979598,-2.6938775510204085,58.31175959066063
-2.36734693877551,-2.6938775510204085,69.89441925228644
-2.204081632653061,-2.6938775510204085,81.86437831939034
-2.0408163265306123,-2.6938775510204085,93.98290244537496
-1.877551020408164,-2.6938775510204085,106.02830973697094
-1.7142857142857144,-2.6938775510204085,117.79597075423764
-1.5510204081632657,-2.6938775510204085,129.09830851056262
-1.3877551020408163,-2.6938775510204085,139.7647984726619
-1.2244897959183674,-2.6938775510204085,149.64196856057998
-1.0612244897959189,-2.6938775510204085,158.59339914768958
-0.8979591836734695,-2.6938775510204085,166.4997230606919
-0.7346938775510208,-2.6938775510204085,173.2586255796167
-0.5714285714285716,-2.6938775510204085,178.78484443782187
-0.4081632653061229,-2.6938775510204085,183.01016982199383
-0.2448979591836737,-2.6938775510204085,185.88344437214744
-0.0816326530612245,-2.6938775510204085,187.37056318162587
0.0816326530612245,-2.6938775510204085,187.45447379710072
0.2448979591836728,-2.6938775510204085,186.135176218572
0.408163265306122,-2.6938775510204085,183.42972289936807
0.5714285714285712,-2.6938775510204085,179.37221874614585
0.7346938775510203,-2.6938775510204085,174.01382111889032
0.8979591836734686,-2.6938775510204085,167.42273983091528
1.0612244897959178,-2.6938775510204085,159.6842371488626
1.224489795918367,-2.6938775510204085,150.90062779270266
1.387755102040816,-2.6938775510204085,141.19127893573432
1.5510204081632653,-2.6938775510204085,130.6926102045847
1.7142857142857135,-2.6938775510204085,119.55809367920943
1.877551020408163,-2.6938775510204085,107.95825389289244
2.040816326530612,-2.6938775510204085,96.0806678322461
2.204081632653061,-2.6938775510204085,84.12996493721121
2.3673469387755093,-2.6938775510204085,72.32782710105701
2.5306122448979584,-2.6938775510204085,60.91298867038088
2.693877551020408,-2.6938775510204085,50.14123644510891
2.8571428571428568,-2.6938775510204085,40.28540967849543
3.020408163265306,-2.6938775510204085,31.635400077123244
3.183673469387754,-2.6938775510204085,24.4981518009035
3.346938775510204,-2.6938775510204085,19.19766146307569
3.5102040816326525,-2.6938775510204085,16.074978130207807
3.6734693877551017,-2.6938775510204085,15.488203322196217
3.836734693877551,-2.6938775510204085,17.812491012265657
4.0,-2.6938775510204085,23.440047626969267
-4.0,-2.5306122448979598,27.221107198669998
-3.836734693877551,-2.5306122448979598,21.0650633040065
-3.673469387755102,-2.5306122448979598,18.229696046749925
-3.510204081632653,-2.5306122448979598,18.32279900034711
-3.346938775510204,-2.5306122448979598,20.9692181915733
-3.183673469387755,-2.5306122448979598,25.81085210053218
-3.020408163265306,-2.5306122448979598,32.50665166065577
-2.857142857142857,-2.5306122448979598,40.73262025870451
-2.6938775510204085,-2.5306122448979598,50.18181373476723
-2.5306122448979598,-2.5306122448979598,60.56434038226124
-2.36734693877551,-2.5306122448979598,71.60736094793212
-2.204081632653061,-2.5306122448979598,83.05508863185389
-2.0408163265306123,-2.5306122448979598,94.66878908742903
-1.877551020408164,-2.5306122448979598,106.22678042138833
-1.7142857142857144,-2.5306122448979598,117.5244331937911
-1.5510204081632657,-2.5306122448979598,128.37417041802482
-1.3877551020408163,-2.5306122448979598,138.6054675608056
-1.2244897959183674,-2.5306122448979598,148.06485254217793
-1.0612244897959189,-2.5306122448979598,156.61590573551453
-0.8979591836734695,-2.5306122448979598,164.13925996751664
-0.7346938775510208,-2.5306122448979598,170.53260051821388
-0.5714285714285716,-2.5306122448979598,175.71066512096428
-0.4081632653061229,-2.5306122448979598,179.6052439624542
-0.2448979591836737,-2.5306122448979598,182.1651796826985
-0.0816326530612245,-2.5306122448979598,183.35636737504035
0.0816326530612245,-2.5306122448979598,183.16175458615135
0.2448979591836728,-2.5306122448979598,181.5813413160316
0.408163265306122,-2.5306122448979598,178.63218001800928
0.5714285714285712,-2.5306122448979598,174.3483755987414
0.7346938775510203,-2.5306122448979598,168.78108541821302
0.8979591836734686,-2.5306122448979598,161.99851928973789
1.0612244897959178,-2.5306122448979598,154.0859394799578
1.224489795918367,-2.5306122448979598,145.14566070884322
1.387755102040816,-2.5306122448979598,135.29705014969295
1.5510204081632653,-2.5306122448979598,124.67652742913415
1.7142857142857135,-2.5306122448979598,113.43756462712248
1.877551020408163,-2.5306122448979598,101.75068627694178
2.040816326530612,-2.5306122448979598,89.80346936520448
2.204081632653061,-2.5306122448979598,77.80054333185137
2.3673469387755093,-2.5306122448979598,65.96359007015167
2.5306122448979584,-2.5306122448979598,54.53134392670282
2.693877551020408,-2.5306122448979598,43.75959170143084
2.8571428571428568,-2.5306122448979598,33.92117264759011
3.020408163265306,-2.5306122448979598,25.305978471763392
3.183673469387754,-2.5306122448979598,18.22095333386187
3.346938775510204,-2.5306122448979598,12.99009384712501
3.5102040816326525,-2.5306122448979598,9.954449078120836
3.6734693877551017,-2.5306122448979598,9.472120546745668
3.836734693877551,-2.5306122448979598,11.918262226224291
4.0,-2.5306122448979598,17.68508054310981
-4.0,-2.36734693877551,36.04410039479247
-3.836734693877551,-2.36734693877551,29.209155701992135
-3.673469387755102,-2.36734693877551,25.712295359371478
-3.510204081632653,-2.36734693877551,25.161312940377304
-3.346938775510204,-2.36734693877551,27.181054471784886
-3.183673469387755,-2.36734693877551,31.41341843369789
-3.020408163265306,-2.36734693877551,37.51735575954834
-2.857142857142857,-2.36734693877551,45.16886983609668
-2.6938775510204085,-2.36734693877551,54.06101650343176
-2.5306122448979598,-2.36734693877551,63.903904054970845
-2.36734693877551,-2.36734693877551,74.42469323745954
-2.204081632653061,-2.36734693877551,85.36759725097185
-2.0408163265306123,-2.36734693877551,96.49388174891033
-1.877551020408164,-2.36734693877551,107.58186483800564
-1.7142857142857144,-2.36734693877551,118.42691707831716
-1.5510204081632657,-2.36734693877551,128.84146148323245
-1.3877551020408163,-2.36734693877551,138.65497351946752
-1.2244897959183674,-2.36734693877551,147.71398110706684
-1.0612244897959189,-2.36734693877551,155.88206461940317
-0.8979591836734695,-2.36734693877551,163.03985688317775
-0.7346938775510208,-2.36734693877551,169.08504317842022
-0.5714285714285716,-2.36734693877551,173.93236123848854
-0.4081632653061229,-2.36734693877551,177.51360125006914
-0.2448979591836737,-2.36734693877551,179.7776058531769
-0.0816326530612245,-2.36734693877551,180.6902701411549
0.0816326530612245,-2.36734693877551,180.23454166067484
0.2448979591836728,-2.36734693877551,178.41042041173668
0.408163265306122,-2.36734693877551,175.2349588476688
0.5714285714285712,-2.36734693877551,170.7422618751281
0.7346938775510203,-2.36734693877551,164.98348685409957
0.8979591836734686,-2.36734693877551,158.026843597897
1.0612244897959178,-2.36734693877551,149.95759437316224
1.224489795918367,-2.36734693877551,140.87805389986576
1.387755102040816,-2.36734693877551,130.90758935130634
1.5510204081632653,-2.36734693877551,120.1826203541111
1.7142857142857135,-2.36734693877551,108.85661898823572
1.877551020408163,-2.36734693877551,97.10010978696404
2.040816326530612,-2.36734693877551,85.10066973690856
2.204081632653061,-2.36734693877551,73.06292827800996
2.3673469387755093,-2.36734693877551,61.20856730353752
2.5306122448979584,-2.36734693877551,49.77632116008867
2.693877551020408,-2.36734693877551,39.02197664758943
2.8571428571428568,-2.36734693877551,29.218373019294177
3.020408163265306,-2.36734693877551,20.65540198178568
3.183673469387754,-2.36734693877551,13.640007694975106
3.346938775510204,-2.36734693877551,8.496186772101959
3.5102040816326525,-2.36734693877551,5.564988279734202
3.6734693877551017,-2.36734693877551,5.2045137377682265
3.836734693877551,-2.36734693877551,7.789917119428747
4.0,-2.36734693877551,13.71340485126894
-4.0,-2.204081632653061,45.54162025714329
-3.836734693877551,-2.204081632653061,38.04518247897887
-3.673469387755102,-2.204081632653061,33.90423676376686
-3.510204081632653,-2.204081632653061,32.726576684954075
-3.346938775510204,-2.204081632653061,34.137048269315784
-3.183673469387755,-2.204081632653061,37.77754999695565
-3.020408163265306,-2.204081632653061,43.30703280130571
-2.857142857142857,-2.204081632653061,50.40150006912639
-2.6938775510204085,-2.204081632653061,58.75400764050655
-2.5306122448979598,-2.204081632653061,68.07466380886348
-2.36734693877551,-2.204081632653061,78.09062932094274
-2.204081632653061,-2.204081632653061,88.54611737681836
-2.0408163265306123,-2.204081632653061,99.20239362989284
-1.877551020408164,-2.204081632653061,109.83777618689696
-1.7142857142857144,-2.204081632653061,120.24763560789
-1.5510204081632657,-2.204081632653061,130.24439490625952
-1.3877551020408163,-2.204081632653061,139.65752954872158
-1.2244897959183674,-2.204081632653061,148.33356745532066
-1.0612244897959189,-2.204081632653061,156.13608899942943
-0.8979591836734695,-2.204081632653061,162.94572700774927
-0.7346938775510208,-2.204081632653061,168.66016676030966
-0.5714285714285716,-2.204081632653061,173.19414599046868
-0.4081632653061229,-2.204081632653061,176.47945488491274
-0.2448979591836737,-2.204081632653061,178.46493608365665
-0.0816326530612245,-2.204081632653061,179.11648468004358
0.0816326530612245,-2.204081632653061,178.41704822074516
0.2448979591836728,-2.204081632653061,176.3666267057614
0.408163265306122,-2.204081632653061,172.98227258842067
0.5714285714285712,-2.204081632653061,168.29809077537976
0.7346938775510203,-2.204081632653061,162.36523862662386
0.8979591836734686,-2.204081632653061,155.25192595546665
1.0612244897959178,-2.204081632653061,147.04341502855002
1.224489795918367,-2.204081632653061,137.84202056584436
1.387755102040816,-2.204081632653061,127.76710974064848
1.5510204081632653,-2.204081632653061,116.95510217958956
1.7142857142857135,-2.204081632653061,105.55946996262324
1.877551020408163,-2.204081632653061,93.75073762303332
2.040816326530612,-2.204081632653061,81.71648214743234
2.204081632653061,-2.204081632653061,69.66133297576101
2.3673469387755093,-2.204081632653061,57.80697200128857
2.5306122448979584,-2.204081632653061,46.39213357061247
2.693877551020408,-2.204081632653061,35.67260448365872
2.8571428571428568,-2.204081632653061,25.92122399368167
3.020408163265306,-2.204081632653061,17.42788380726413
3.183673469387754,-2.204081632653061,10.49952808431726
3.346938775510204,-2.204081632653061,5.460153438080537
3.5102040816326525,-2.204081632653061,2.650808935121969
3.6734693877551017,-2.204081632653061,2.429596095337895
3.836734693877551,-2.204081632653061,5.171668891953085
4.0,-2.204081632653061,11.269233751520654
-4.0,-2.0408163265306123,55.47493243912496
-3.836734693877551,-2.0408163265306123,47.33440928836918
-3.673469387755102,-2.0408163265306123,42.56678591333855
-3.510204081632653,-2.0408163265306123,40.77985588747989
-3.346938775510204,-2.0408163265306123,41.59846523756847
-3.183673469387755,-2.0408163265306123,44.66451244370794
-3.020408163265306,-2.0408163265306123,49.63694843933034
-2.857142857142857,-2.0408163265306123,56.19177661119612
-2.6938775510204085,-2.0408163265306123,64.02205279939409
-2.5306122448979598,-2.0408163265306123,72.83788529734157
-2.36734693877551,-2.0408163265306123,82.36643485178413
-2.204081632653061,-2.0408163265306123,92.3519146627958
-2.0408163265306123,-2.0408163265306123,102.55559038377903
-1.877551020408164,-2.0408163265306123,112.75578012146472
-1.7142857142857144,-2.0408163265306123,122.74785443591202
-1.5510204081632657,-2.0408163265306123,132.3442363405085
-1.3877551020408163,-2.0408163265306123,141.37440130197035
-1.2244897959183674,-2.0408163265306123,149.68487724034188
-1.0612244897959189,-2.0408163265306123,157.13924452899587
-0.8979591836734695,-2.0408163265306123,163.61813599463363
-0.7346938775510208,-2.0408163265306123,169.01923691728473
-0.5714285714285716,-2.0408163265306123,173.2572850303072
-0.4081632653061229,-2.0408163265306123,176.26407052038743
-0.2448979591836737,-2.0408163265306123,177.98843602754025
-0.0816326530612245,-2.0408163265306123,178.3962766451088
0.0816326530612245,-2.0408163265306123,177.47053991976478
0.2448979591836728,-2.0408163265306123,175.21122585150815
0.408163265306122,-2.0408163265306123,171.6353868936673
0.5714285714285712,-2.0408163265306123,166.777127952899
0.7346938775510203,-2.0408163265306123,160.68760638918846
0.8979591836734686,-2.0408163265306123,153.43503201584932
1.0612244897959178,-2.0408163265306123,145.10466709952348
1.224489795918367,-2.0408163265306123,135.79882636018138
1.387755102040816,-2.0408163265306123,125.63687697112182
1.5510204081632653,-2.0408163265306123,114.75523855897194
1.7142857142857135,-2.0408163265306123,103.30738320368738
1.877551020408163,-2.0408163265306123,91.46383543855208
2.040816326530612,-2.0408163265306123,79.4121722501783
2.204081632653061,-2.0408163265306123,67.35702307850697
2.3673469387755093,-2.0408163265306123,55.52006981680727
2.5306122448979584,-2.0408163265306123,44.14004681167664
2.693877551020408,-2.0408163265306123,33.4727408630411
2.8571428571428568,-2.0408163265306123,23.790991224155015
3.020408163265306,-2.0408163265306123,15.384689601601172
3.183673469387754,-2.0408163265306123,8.560780155290736
3.346938775510204,-2.0408163265306123,3.643259498463192
3.5102040816326525,-2.0408163265306123,0.9731766976865328
3.6734693877551017,-2.0408163265306123,0.9086332728571178
3.836734693877551,-2.0408163265306123,3.824783197199695
4.0,-2.0408163265306123,10.113832897267402
-4.0,-1.877551020408164,65.62235504746823
-3.836734693877551,-1.877551020408164,56.85515423689384
-3.673469387755102,-1.877551020408164,51.47826091481734
-3.510204081632653,-1.877551020408164,49.09946865468555
-3.346938775510204,-1.877551020408164,49.34362348327374
-3.183673469387755,-1.877551020408164,51.85262388068556
-3.020408163265306,-1.877551020408164,56.28542078035304
-2.857142857142857,-1.877551020408164,62.31801756903663
-2.6938775510204085,-1.877551020408164,69.64347008682518
-2.5306122448979598,-1.877551020408164,77.97188662713594
-2.36734693877551,-1.877551020408164,87.03042793671455
-2.204081632653061,-1.877551020408164,96.563307215635
-2.0408163265306123,-1.877551020408164,106.3317901172998
-1.877551020408164,-1.877551020408164,116.11419474843969
-1.7142857142857144,-1.877551020408164,125.70589166911395
-1.5510204081632657,-1.877551020408164,134.91930389271025
-1.3877551020408163,-1.877551020408164,143.58390688594454
-1.2244897959183674,-1.877551020408164,151.54622856886127
-1.0612244897959189,-1.877551020408164,158.66984931483324
-0.8979591836734695,-1.877551020408164,164.8354019505617
-0.7346938775510208,-1.877551020408164,169.9405717560762
-0.5714285714285716,-1.877551020408164,173.90009646473487
-0.4081632653061229,-1.877551020408164,176.645766263224
-0.2448979591836737,-1.877551020408164,178.12642379155847
-0.0816326530612245,-1.877551020408164,178.30796414308145
0.0816326530612245,-1.877551020408164,177.17333486446455
0.2448979591836728,-1.877551020408164,174.72253595570777
0.408163265306122,-1.877551020408164,170.9726198701395
0.5714285714285712,-1.877551020408164,165.95769151441655
0.7346938775510203,-1.877551020408164,159.7289082485241
0.8979591836734686,-1.877551020408164,152.35447988577582
1.0612244897959178,-1.877551020408164,143.91966869281356
1.224489795918367,-1.877551020408164,134.52678938960776
1.387755102040816,-1.877551020408164,124.29520914945724
1.5510204081632653,-1.877551020408164,113.3613475989891
1.7142857142857135,-1.877551020408164,101.8786768181591
1.877551020408163,-1.877551020408164,90.017721340251
2.040816326530612,-1.877551020408164,77.96605815187723
2.204081632653061,-1.877551020408164,65.92831669297868
2.3673469387755093,-1.877551020408164,54.126178856824446
2.5306122448979584,-1.877551020408164,42.798378990012026
2.693877551020408,-1.877551020408164,32.200703892467445
2.8571428571428568,-1.877551020408164,22.60599281744506
3.020408163265306,-1.877551020408164,14.30413747152765
3.183673469387754,-1.877551020408164,7.60208201462638
3.346938775510204,-1.877551020408164,2.8238230599807514
3.5102040816326525,-1.877551020408164,0.3104096741587469
3.6734693877551017,-1.877551020408164,0.4199433770567253
3.836734693877551,-1.877551020408164,3.5275781418994354
4.0,-1.877551020408164,10.025520395240015
-4.0,-1.7142857142857144,75.77925864223239
-3.836734693877551,-1.7142857142857144,66.40278788461214
-3.673469387755102,-1.7142857142857144,60.4340323282625
-3.510204081632653,-1.7142857142857144,57.48078554663032
-3.346938775510204,-1.7142857142857144,57.16789356649084
-3.183673469387755,-1.7142857142857144,59.13725486794773
-3.020408163265306,-1.7142857142857144,63.047820384433045
-2.857142857142857,-1.7142857142857144,68.57559350270719
-2.6938775510204085,-1.7142857142857144,75.41363006285904
-2.5306122448979598,-1.7142857142857144,83.27203835830585
-2.36734693877551,-1.7142857142857144,91.87797913579324
-2.204081632653061,-1.7142857142857144,100.9756655953952
-2.0408163265306123,-1.7142857142857144,110.32636339051425
-1.877551020408164,-1.7142857142857144,119.70839062788116
-1.7142857142857144,-1.7142857142857144,128.9171178675552
-1.5510204081632657,-1.7142857142857144,137.76496812292388
-1.3877551020408163,-1.7142857142857144,146.08141686070343
-1.2244897959183674,-1.7142857142857144,153.7129920009381
-1.0612244897959189,-1.7142857142857144,160.52327391700072
-0.8979591836734695,-1.7142857142857144,166.39289543559266
-0.7346938775510208,-1.7142857142857144,171.21954183674336
-0.5714285714285716,-1.7142857142857144,174.91795085381094
-0.4081632653061229,-1.7142857142857144,177.4199126734817
-0.2448979591836737,-1.7142857142857144,178.67426993577058
-0.0816326530612245,-1.7142857142857144,178.64691773402066
0.0816326530612245,-1.7142857142857144,177.32080361490364
0.2448979591836728,-1.7142857142857144,174.69592757841946
0.408163265306122,-1.7142857142857144,170.78934207789655
0.5714285714285712,-1.7142857142857144,165.6351520199917
0.7346938775510203,-1.7142857142857144,159.28451476469004
0.8979591836734686,-1.7142857142857144,151.80564012530533
1.0612244897959178,-1.7142857142857144,143.28379036847937
1.224489795918367,-1.7142857142857144,133.82128021418262
1.387755102040816,-1.7142857142857144,123.53747683571385
1.5510204081632653,-1.7142857142857144,112.56879985970026
1.7142857142857135,-1.7142857142857144,101.06872136609752
1.877551020408163,-1.7142857142857144,89.20776588818943
2.040816326530612,-1.7142857142857144,77.17351041258844
2.204081632653061,-1.7142857142857144,65.17058437923532
2.3673469387755093,-1.7142857142857144,53.4206696813993
2.5306122448979584,-1.7142857142857144,42.16250066567785
2.693877551020408,-1.7142857142857144,31.65186413199696
2.8571428571428568,-1.7142857142857144,22.16159933361101
3.020408163265306,-1.7142857142857144,13.981597977102776
3.183673469387754,-1.7142857142857144,7.418804222383429
3.346938775510204,-1.7142857142857144,2.79721468269245
3.5102040816326525,-1.7142857142857144,0.4578784245978342
3.6734693877551017,-1.7142857142857144,0.7588969679959403
3.836734693877551,-1.7142857142857144,4.0754242861115175
4.0,-1.7142857142857144,10.799666805497704
-4.0,-1.5510204081632657,85.75806623680504
-3.836734693877551,-1.5510204081632657,75.78973324491163
-3.673469387755102,-1.5510204081632657,69.2465231670616
-3.510204081632653,-1.5510204081632657,65.73622957670176
-3.346938775510204,-1.5510204081632657,64.88369850060737
-3.183673469387755,-1.5510204081632657,66.33082841888209
-3.020408163265306,-1.5510204081632657,69.73657026495796
-2.857142857142857,-1.5510204081632657,74.77692742559543
-2.6938775510204085,-1.5510204081632657,81.14495574088332
-2.5306122448979598,-1.5510204081632657,88.55076350423889
-2.36734693877551,-1.5510204081632657,96.7215114624078
-2.204081632653061,-1.5510204081632657,105.401412815464
-2.0408163265306123,-1.5510204081632657,114.35173321681008
-1.877551020408164,-1.5510204081632657,123.3507907731767
-1.7142857142857144,-1.5510204081632657,132.19395604462318
-1.5510204081632657,-1.5510204081632657,140.69365204453717
-1.3877551020408163,-1.5510204081632657,148.67935423963462
-1.2244897959183674,-1.5510204081632657,155.99759054996
-1.0612244897959189,-1.5510204081632657,162.5119413488861
-0.8979591836734695,-1.5510204081632657,168.10303946311416
-0.7346938775510208,-1.5510204081632657,172.66857017267378
-0.5714285714285716,-1.5510204081632657,176.12327121092298
-0.4081632653061229,-1.5510204081632657,178.39893276454816
-0.2448979591836737,-1.5510204081632657,179.44439747356415
-0.0816326530612245,-1.5510204081632657,179.2255604313141
0.0816326530612245,-1.5510204081632657,177.72536918446968
0.2448979591836728,-1.5510204081632657,174.94382373303088
0.408163265306122,-1.5510204081632657,170.89797653032602
0.5714285714285712,-1.5510204081632657,165.621932483012
0.7346938775510203,-1.5510204081632657,159.16684895107394
0.8979591836734686,-1.5510204081632657,151.6009357478255
1.0612244897959178,-1.5510204081632657,143.0094551399086
1.224489795918367,-1.5510204081632657,133.49472184729365
1.387755102040816,-1.5510204081632657,123.1761030432794
1.5510204081632653,-1.5510204081632657,112.19001835449303
1.7142857142857135,-1.5510204081632657,100.6899398608903
1.877551020408163,-1.5510204081632657,88.84639209575496
2.040816326530612,-1.5510204081632657,76.84695204569945
2.204081632653061,-1.5510204081632657,64.89624915066454
2.3673469387755093,-1.5510204081632657,53.215965303919496
2.5306122448979584,-1.5510204081632657,42.04483485206174
2.693877551020408,-1.5510204081632657,31.63864459501727
2.8571428571428568,-1.5510204081632657,22.27023378604051
3.020408163265306,-1.5510204081632657,14.229494131714183
3.183673469387754,-1.5510204081632657,7.823369791949485
3.346938775510204,-1.5510204081632657,3.3758573799858995
3.5102040816326525,-1.5510204081632657,1.2280059623914168
3.6734693877551017,-1.5510204081632657,1.7379170590623945
3.836734693877551,-1.5510204081632657,5.280744643223583
4.0,-1.5510204081632657,12.24869514142812
-4.0,-1.3877551020408163,95.3882532979022
-3.836734693877551,-1.3877551020408163,84.8454657845084
-3.673469387755102,-1.3877551020408163,77.74520889793071
-3.510204081632653,-1.3877551020408163,73.69527621161598
-3.346938775510204,-1.3877551020408163,72.32051375233941
-3.183673469387755,-1.3877551020408163,73.2628200002047
-3.020408163265306,-1.3877551020408163,76.18114588864387
-2.857142857142857,-1.3877551020408163,80.75149480441735
-2.6938775510204085,-1.3877551020408163,86.66692258761401
-2.5306122448979598,-1.3877551020408163,93.63753753165112
-2.36734693877551,-1.3877551020408163,101.39050038327426
-2.204081632653061,-1.3877551020408163,109.6700243425575
-2.0408163265306123,-1.3877551020408163,118.2373750629033
-1.877551020408164,-1.3877551020408163,126.8708706510424
-1.7142857142857144,-1.3877551020408163,135.3658816670341
-1.5510204081632657,-1.3877551020408163,143.53483112426602
-1.3877551020408163,-1.3877551020408163,151.20719448945417
-1.2244897959183674,-1.3877551020408163,158.22949968264297
-1.0612244897959189,-1.3877551020408163,164.46532707720525
-0.8979591836734695,-1.3877551020408163,169.79530949984223
-0.7346938775510208,-1.3877551020408163,174.1171322305835
-0.5714285714285716,-1.3877551020408163,177.3455330027871
-0.4081632653061229,-1.3877551020408163,179.41230200313942
-0.2448979591836737,-1.3877551020408163,180.26628187165525
-0.0816326530612245,-1.3877551020408163,179.8733677016778
0.0816326530612245,-1.3877551020408163,178.2165070398787
0.2448979591836728,-1.3877551020408163,175.295699886258
0.408163265306122,-1.3877551020408163,171.127998694144
0.5714285714285712,-1.3877551020408163,165.74750837019354
0.7346938775510203,-1.3877551020408163,159.20538627439177
0.8979591836734686,-1.3877551020408163,151.5698422200524
1.0612244897959178,-1.3877551020408163,142.92613847381728
1.224489795918367,-1.3877551020408163,133.37658975565682
1.387755102040816,-1.3877551020408163,123.04056323886984
1.5510204081632653,-1.3877551020408163,112.05447855008352
1.7142857142857135,-1.3877551020408163,100.5718077692535
1.877551020408163,-1.3877551020408163,88.76307542966362
2.040816326530612,-1.3877551020408163,76.81585851792633
2.204081632653061,-1.3877551020408163,64.93478647398238
2.3673469387755093,-1.3877551020408163,53.34154119110104
2.5306122448979584,-1.3877551020408163,42.27485701587971
2.693877551020408,-1.3877551020408163,31.990520748244418
2.8571428571428568,-1.3877551020408163,22.761371641449568
3.020408163265306,-1.3877551020408163,14.8773014020779
3.183673469387754,-1.3877551020408163,8.645254190040587
3.346938775510204,-1.3877551020408163,4.389226618577133
3.5102040816326525,-1.3877551020408163,2.450267754255523
3.6734693877551017,-1.3877551020408163,3.1864791169721114
3.836734693877551,-1.3877551020408163,6.973014679951651
4.0,-1.3877551020408163,14.202080869747274
-4.0,-1.2244897959183674,104.5163477455683
-3.836734693877551,-1.2244897959183674,93.41651342344689
-3.673469387755102,-1.2244897959183674,85.77661744091426
-3.510204081632653,-1.2244897959183674,81.20445337141733
-3.346938775510204,-1.2244897959183674,79.32486724173133
-3.183673469387755,-1.2244897959183674,79.77975753195992
-3.020408163265306,-1.2244897959183674,82.22807517553512
-2.857142857142857,-1.2244897959183674,86.3458235592174
-2.6938775510204085,-1.2244897959183674,91.8260585230956
-2.5306122448979598,-1.2244897959183674,98.37888836058691
-2.36734693877551,-1.2244897959183674,105.7314738184371
-2.204081632653061,-1.2244897959183674,113.62802809672009
-2.0408163265306123,-1.2244897959183674,121.82981684883832
-1.877551020408164,-1.2244897959183674,130.11515818152265
-1.7142857142857144,-1.2244897959183674,138.2794226548323
-1.5510204081632657,-1.2244897959183674,146.1350332821549
-1.3877551020408163,-1.2244897959183674,153.5114655302065
-1.2244897959183674,-1.2244897959183674,160.25524731903147
-1.0612244897959189,-1.2244897959183674,166.22995902200267
-0.8979591836734695,-1.2244897959183674,171.31623346582128
-0.7346938775510208,-1.2244897959183674,175.41175593051696
-0.5714285714285716,-1.2244897959183674,178.43126414944766
-0.4081632653061229,-1.2244897959183674,180.30654830929984
-0.2448979591836737,-1.2244897959183674,180.9864510500883
-0.0816326530612245,-1.2244897959183674,180.4368674651562
0.0816326530612245,-1.2244897959183674,178.6407451011752
0.2448979591836728,-1.2244897959183674,175.5980839581453
0.408163265306122,-1.2244897959183674,171.32593648939488
0.5714285714285712,-1.2244897959183674,165.8584076015807
0.7346938775510203,-1.2244897959183674,159.246654654688
0.8979591836734686,-1.2244897959183674,151.55888746203038
1.0612244897959178,-1.2244897959183674,142.88036829024978
1.224489795918367,-1.2244897959183674,133.3134118593166
1.387755102040816,-1.2244897959183674,122.97738534252964
1.5510204081632653,-1.2244897959183674,112.00870836651602
1.7142857142857135,-1.2244897959183674,100.56085301123149
1.877551020408163,-1.2244897959183674,88.80434380995983
2.040816326530612,-1.2244897959183674,76.9267577493135
2.204081632653061,-1.2244897959183674,65.13272426923325
2.3673469387755093,-1.2244897959183674,53.64392526298833
2.5306122448979584,-1.2244897959183674,42.69909507717618
2.693877551020408,-1.2244897959183674,32.55402051172281
2.8571428571428568,-1.2244897959183674,23.48154081988261
3.020408163265306,-1.2244897959183674,15.771547708238336
3.183673469387754,-1.2244897959183674,9.73098533670116
3.346938775510204,-1.2244897959183674,5.683850318510576
3.5102040816326525,-1.2244897959183674,3.971191720234577
3.6734693877551017,-1.2244897959183674,4.951111061769515
3.836734693877551,-1.2244897959183674,8.998762316340143
4.0,-1.2244897959183674,16.506351910499596
-4.0,-1.0612244897959189,113.00592995317616
-3.836734693877551,-1.0612244897959189,101.3664565350998
-3.673469387755102,-1.0612244897959189,93.20432916938502
-3.510204081632653,-1.0612244897959189,88.12734142947863
-3.346938775510204,-1.0612244897959189,85.76033934215596
-3.183673469387755,-1.0612244897959189,85.74522138752054
-3.020408163265306,-1.0612244897959189,87.74093849900457
-2.857142857142857,-1.0612244897959189,91.42349406336837
-2.6938775510204085,-1.0612244897959189,96.4859439207008
-2.5306122448979598,-1.0612244897959189,102.63839636441917
-2.36734693877551,-1.0612244897959189,109.60801214126906
-2.204081632653061,-1.0612244897959189,117.13900445132448
-2.0408163265306123,-1.0612244897959189,124.99263894798796
-1.877551020408164,-1.0612244897959189,132.94723373799025
-1.7142857142857144,-1.0612244897959189,140.7981593813906
-1.5510204081632657,-1.0612244897959189,148.35783889157665
-1.3877551020408163,-1.0612244897959189,155.4557477352644
-1.2244897959183674,-1.0612244897959189,161.93841383249827
-1.0612244897959189,-1.0612244897959189,167.66941755665113
-0.8979591836734695,-1.0612244897959189,172.5293917344241
-0.7346938775510208,-1.0612244897959189,176.4160216458469
-0.5714285714285716,-1.0612244897959189,179.2440450242775
-0.4081632653061229,-1.0612244897959189,180.9452520564023
-0.2448979591836737,-1.0612244897959189,181.4684853822361
-0.0816326530612245,-1.0612244897959189,180.7796400951221
0.0816326530612245,-1.0612244897959189,178.86166374173192
0.2448979591836728,-1.0612244897959189,175.7145563220656
0.408163265306122,-1.0612244897959189,171.35537028945143
0.5714285714285712,-1.0612244897959189,165.81821055054633
0.7346938775510203,-1.0612244897959189,159.1542344653354
0.8979591836734686,-1.0612244897959189,151.43165184713231
1.0612244897959178,-1.0612244897959189,142.73572496257896
1.224489795918367,-1.0612244897959189,133.16876853164578
1.387755102040816,-1.0612244897959189,122.85014972763156
1.5510204081632653,-1.0612244897959189,111.91628817716344
1.7142857142857135,-1.0612244897959189,100.5206559601971
1.877551020408163,-1.0612244897959189,88.8337776100164
2.040816326530612,-1.0612244897959189,77.04323011323378
2.204081632653061,-1.0612244897959189,65.35364290978997
2.3673469387755093,-1.0612244897959189,53.98669789295422
2.5306122448979584,-1.0612244897959189,43.18112940932398
2.693877551020408,-1.0612244897959189,33.19272425882527
2.8571428571428568,-1.0612244897959189,24.29432169471246
3.020408163265306,-1.0612244897959189,16.775813423568312
3.183673469387754,-1.0612244897959189,10.944143605304006
3.346938775510204,-1.0612244897959189,7.123308853159035
3.5102040816326525,-1.0612244897959189,5.6543582337013865
3.6734693877551017,-1.0612244897959189,6.895393266827413
3.836734693877551,-1.0612244897959189,11.221567925761873
4.0,-1.0612244897959189,19.02508863705789
-4.0,-0.8979591836734695,120.737632747427
-3.836734693877551,-0.8979591836734695,108.57592794616846
-3.673469387755102,-0.8979591836734695,99.90897691004427
-3.510204081632653,-0.8979591836734695,94.34457321250116
-3.346938775510204,-0.8979591836734695,91.50756288031452
-3.183673469387755,-0.8979591836734695,91.03984439358791
-3.020408163265306,-0.8979591836734695,92.60036868575344
-2.857142857142857,-0.8979591836734695,95.86513914357148
-2.6938775510204085,-0.8979591836734695,100.52721160713092
-2.5306122448979598,-0.8979591836734695,106.296694369849
-2.36734693877551,-0.8979591836734695,112.90074817847136
-2.204081632653061,-0.8979591836734695,120.08358623307204
-2.0408163265306123,-0.8979591836734695,127.60647418705344
-1.877551020408164,-0.8979591836734695,135.24773014714643
-1.7142857142857144,-0.8979591836734695,142.8027246734102
-1.5510204081632657,-0.8979591836734695,150.08388077923243
-1.3877551020408163,-0.8979591836734695,156.9206739313291
-1.2244897959183674,-0.8979591836734695,163.15963204974466
-1.0612244897959189,-0.8979591836734695,168.66433550785186
-0.8979591836734695,-0.8979591836734695,173.315417132352
-0.7346938775510208,-0.8979591836734695,177.01056220327465
-0.5714285714285716,-0.8979591836734695,179.66450845397785
-0.4081632653061229,-0.8979591836734695,181.209046071148
-0.2448979591836737,-0.8979591836734695,181.59301769479987
-0.0816326530612245,-0.8979591836734695,180.7823184182767
0.0816326530612245,-0.8979591836734695,178.75989578825008
0.2448979591836728,-0.8979591836734695,175.52574980472005
0.408163265306122,-0.8979591836734695,171.09693292101497
0.5714285714285712,-0.8979591836734695,165.5075500437916
0.7346938775510203,-0.8979591836734695,158.80875853303522
0.8979591836734686,-0.8979591836734695,151.0687682020594
1.0612244897959178,-0.8979591836734695,142.37284131750604
1.224489795918367,-0.8979591836734695,132.82329259934562
1.387755102040816,-0.8979591836734695,122.53948922087685
1.5510204081632653,-0.8979591836734695,111.65785080872698
1.7142857142857135,-0.8979591836734695,100.33184944285158
1.877551020408163,-0.8979591836734695,88.73200965653459
2.040816326530612,-0.8979591836734695,77.04590843638837
2.204081632653061,-0.8979591836734695,65.47817522235374
2.3673469387755093,-0.8979591836734695,54.25049190769991
2.5306122448979584,-0.8979591836734695,43.601592839024335
2.693877551020408,-0.8979591836734695,33.787264816253014
2.8571428571428568,-0.8979591836734695,25.08034709264033
3.020408163265306,-0.8979591836734695,17.77073137476906
3.183673469387754,-0.8979591836734695,12.165361822550365
3.346938775510204,-0.8979591836734695,8.588235049223737
3.5102040816326525,-0.8979591836734695,7.380400121357178
3.6734693877551017,-0.8979591836734695,8.899958558847034
3.836734693877551,-0.8979591836734695,13.52206433491806
4.0,-0.8979591836734695,21.638923876123386
-4.0,-0.7346938775510208,127.60914140835042
-3.836734693877551,-0.7346938775510208,114.94261293668244
-3.673469387755102,-0.7346938775510208,105.78824594292152
-3.510204081632653,-0.7346938775510208,99.75383400051447
-3.346938775510204,-0.7346938775510208,96.46422313623658
-3.183673469387755,-0.7346938775510208,95.56131183019156
-3.020408163265306,-0.7346938775510208,96.70405101581127
-2.857142857142857,-0.7346938775510208,99.56844407985636
-2.6938775510204085,-0.7346938775510208,103.84754686241553
-2.5306122448979598,-0.7346938775510208,109.25146765690612
-2.36734693877551,-0.7346938775510208,115.50736721007368
-2.204081632653061,-0.7346938775510208,122.35945872199228
-2.0408163265306123,-0.7346938775510208,129.5690078460644
-1.877551020408164,-0.7346938775510208,136.9143326890208
-1.7142857142857144,-0.7346938775510208,144.1908038109208
-1.5510204081632657,-0.7346938775510208,151.2108442251519
-1.3877551020408163,-0.7346938775510208,157.8039293984302
-1.2244897959183674,-0.7346938775510208,163.81658725080018
-1.0612244897959189,-0.7346938775510208,169.11239815563448
-0.8979591836734695,-0.7346938775510208,173.5719949396345
-0.7346938775510208,-0.7346938775510208,177.09306288282977
-0.5714285714285716,-0.7346938775510208,179.5903397185783
-0.4081632653061229,-0.7346938775510208,180.99561563356653
-0.2448979591836737,-0.7346938775510208,181.2577332678092
-0.0816326530612245,-0.7346938775510208,180.3425877146496
0.0816326530612245,-0.7346938775510208,178.23312652075933
0.2448979591836728,-0.7346938775510208,174.92934968613838
0.408163265306122,-0.7346938775510208,170.44830966411507
0.5714285714285712,-0.7346938775510208,164.82411136134624
0.7346938775510203,-0.7346938775510208,158.1079121378171
0.8979591836734686,-0.7346938775510208,150.36792180684125
1.0612244897959178,-0.7346938775510208,141.68940263506062
1.224489795918367,-0.7346938775510208,132.17466934244567
1.387755102040816,-0.7346938775510208,121.94308910229512
1.5510204081632653,-0.7346938775510208,111.1310815412362
1.7142857142857135,-0.7346938775510208,99.89211873922454
1.877551020408163,-0.7346938775510208,88.39672522954395
2.040816326530612,-0.7346938775510208,76.83247799880692
2.204081632653061,-0.7346938775510208,65.4040064869542
2.3673469387755093,-0.7346938775510208,54.33299258725502
2.5306122448979584,-0.7346938775510208,43.85817064630683
2.693877551020408,-0.7346938775510208,34.23532746403565
2.8571428571428568,-0.7346938775510208,25.73730229369584
3.020408163265306,-0.7346938775510208,18.65398684187017
3.183673469387754,-0.7346938775510208,13.292325268469828
3.346938775510204,-0.7346938775510208,9.976314186734294
3.5102040816326525,-0.7346938775510208,9.047002663231565
3.6734693877551017,-0.7346938775510208,10.862492217857987
3.836734693877551,-0.7346938775510208,15.79793682383832
4.0,-0.7346938775510208,24.245542907725696
-4.0,-0.5714285714285716,133.53519366930445
-3.836734693877551,-0.5714285714285716,120.38124923999976
-3.673469387755102,-0.5714285714285716,110.75687400137488
-3.510204081632653,-0.5714285714285716,104.26986152687662
-3.346938775510204,-0.5714285714285716,100.54505784328023
-3.183673469387755,-0.5714285714285716,99.22436143068946
-3.020408163265306,-0.5714285714285716,99.9667232225362
-2.857142857142857,-0.5714285714285716,102.44814660558102
-2.6938775510204085,-0.5714285714285716,106.36168741991266
-2.5306122448979598,-0.5714285714285716,111.41745395894846
-2.36734693877551,-0.5714285714285716,117.342606969434
-2.204081632653061,-0.5714285714285716,123.88135965144328
-2.0408163265306123,-0.5714285714285716,130.79497765837883
-1.877551020408164,-0.5714285714285716,137.86177909697145
-1.7142857142857144,-0.5714285714285716,144.8771345272803
-1.5510204081632657,-0.5714285714285716,151.65346696269305
-1.3877551020408163,-0.5714285714285716,158.0202518699258
-1.2244897959183674,-0.5714285714285716,163.82401716902285
-1.0612244897959189,-0.5714285714285716,168.92834323335703
-0.8979591836734695,-0.5714285714285716,173.21386288962964
-0.7346938775510208,-0.5714285714285716,176.57826141787027
-0.5714285714285716,-0.5714285714285716,178.9362765514369
-0.4081632653061229,-0.5714285714285716,180.21969847701592
-0.2448979591836737,-0.5714285714285716,180.3773698346222
-0.0816326530612245,-0.5714285714285716,179.3751857175989
0.0816326530612245,-0.5714285714285716,177.19609367261765
0.2448979591836728,-0.5714285714285716,173.84009369967848
0.408163265306122,-0.5714285714285716,169.3242382521097
0.5714285714285712,-0.5714285714285716,163.6826322365681
0.7346938775510203,-0.5714285714285716,156.966433013039
0.8979591836734686,-0.5714285714285716,149.24385039483585
1.0612244897959178,-0.5714285714285716,140.6001466486007
1.224489795918367,-0.5714285714285716,131.137636494304
1.387755102040816,-0.5714285714285716,120.9756871052444
1.5510204081632653,-0.5714285714285716,110.25071810804918
1.7142857142857135,-0.5714285714285716,99.11620158267392
1.877551020408163,-0.5714285714285716,87.74266206240256
2.040816326530612,-0.5714285714285716,76.31767653384742
2.204081632653061,-0.5714285714285716,65.04587443694935
2.3673469387755093,-0.5714285714285716,54.148937664977566
2.5306122448979584,-0.5714285714285716,43.8656005645295
2.693877551020408,-0.5714285714285716,34.4516499355312
2.8571428571428568,-0.5714285714285716,26.17992503123699
3.020408163265306,-0.5714285714285716,19.34031755822968
3.183673469387754,-0.5714285714285716,14.23977167642042
3.346938775510204,-0.5714285714285716,11.202283999048715
3.5102040816326525,-0.5714285714285716,10.568903592682554
3.6734693877551017,-0.5714285714285716,12.697731977218284
3.836734693877551,-0.5714285714285716,17.963923125880665
4.0,-0.5714285714285716,26.759683465222825
-4.0,-0.4081632653061229,138.4475797169755
-3.836734693877551,-0.4081632653061229,124.82362704280683
-3.673469387755102,-0.4081632653061229,114.74665127209072
-3.510204081632653,-0.4081632653061229,107.824445978274
-3.346938775510204,-0.4081632653061229,103.68185718813191
-3.183673469387755,-0.4081632653061229,101.96078338176808
-3.020408163265306,-0.4081632653061229,102.32017549261458
-2.857142857142857,-0.4081632653061229,104.43603690743186
-2.6938775510204085,-0.4081632653061229,108.00142346630872
-2.5306122448979598,-0.4081632653061229,112.72644346266244
-2.36734693877551,-0.4081632653061229,118.33825764323868
-2.204081632653061,-0.4081632653061229,124.58107920811142
-2.0408163265306123,-0.4081632653061229,131.21617381068313
-1.877551020408164,-0.4081632653061229,138.02185955768465
-1.7142857142857144,-0.4081632653061229,144.79350700917513
-1.5510204081632657,-0.4081632653061229,151.34353917854236
-1.3877551020408163,-0.4081632653061229,157.50143153250218
-1.2244897959183674,-0.4081632653061229,163.11371199109908
-1.0612244897959189,-0.4081632653061229,168.04396092770594
-0.8979591836734695,-0.4081632653061229,172.17281116902387
-0.7346938775510208,-0.4081632653061229,175.39794799508255
-0.5714285714285716,-0.4081632653061229,177.63410913924002
-0.4081632653061229,-0.4081632653061229,178.8130847881826
-0.2448979591836737,-0.4081632653061229,178.88371758192525
-0.0816326530612245,-0.4081632653061229,177.81190261381096
0.0816326530612245,-0.4081632653061229,175.58058743051149
0.2448979591836728,-0.4081632653061229,172.1897720320268
0.408163265306122,-0.4081632653061229,167.65650887168528
0.5714285714285712,-0.4081632653061229,162.0149028561437
0.7346938775510203,-0.4081632653061229,155.3161113453873
0.8979591836734686,-0.4081632653061229,147.6283441527297
1.0612244897959178,-0.4081632653061229,139.03686354481275
1.224489795918367,-0.4081632653061229,129.643984241607
1.387755102040816,-0.4081632653061229,119.56907341641111
1.5510204081632653,-0.4081632653061229,108.9485506958523
1.7142857142857135,-0.4081632653061229,97.93588815988625
1.877551020408163,-0.4081632653061229,86.70161034179677
2.040816326530612,-0.4081632653061229,75.43329422819629
2.204081632653061,-0.4081632653061229,64.33556925902562
2.3673469387755093,-0.4081632653061229,53.63011732755396
2.5306122448979584,-0.4081632653061229,43.55567278037877
2.693877551020408,-0.4081632653061229,34.36802241742606
2.8571428571428568,-0.4081632653061229,26.34000549195021
3.020408163265306,-0.4081632653061229,19.761513710533983
3.183673469387754,-0.4081632653061229,14.93949123308855
3.346938775510204,-0.4081632653061229,12.197934672853414
3.5102040816326525,-0.4081632653061229,11.87789309639656
3.6734693877551017,-0.4081632653061229,14.337468023614337
3.836734693877551,-0.4081632653061229,19.9518134277315
4.0,-0.4081632653061229,29.113135735301185
-4.0,-0.2448979591836737,142.29514219137832
-3.836734693877551,-0.2448979591836737,128.21858898511846
-3.673469387755102,-0.2448979591836737,117.70642039508388
-3.510204081632653,-0.2448979591836737,110.3664299947214
-3.346938775510204,-0.2448979591836737,105.82346381080632
-3.183673469387755,-0.2448979591836737,103.7194203234422
-3.020408163265306,-0.2448979591836737,103.7132504660612
-2.857142857142857,-0.2448979591836737,105.48095762542368
-2.6938775510204085,-0.2448979591836737,108.7155976416185
-2.5306122448979598,-0.2448979591836737,113.12727880806293
-2.36734693877551,-0.2448979591836737,118.44316187150258
-2.204081632653061,-0.2448979591836737,124.40746003201149
-2.0408163265306123,-0.2448979591836737,130.7814389429921
-1.877551020408164,-0.2448979591836737,137.34341671117528
-1.7142857142857144,-0.2448979591836737,143.88876389662022
-1.5510204081632657,-0.2448979591836737,150.22990351271446
-1.3877551020408163,-0.2448979591836737,156.1963110261742
-1.2244897959183674,-0.2448979591836737,161.6345143570437
-1.0612244897959189,-0.2448979591836737,166.4080938786959
-0.8979591836734695,-0.2448979591836737,170.39768241783196
-0.7346938775510208,-0.2448979591836737,173.50096525448146
-0.5714285714285716,-0.2448979591836737,175.63268012200248
-0.4081632653061229,-0.2448979591836737,176.72461720708137
-0.2448979591836737,-0.2448979591836737,176.72561914973303
-0.0816326530612245,-0.2448979591836737,175.60158104330057
0.0816326530612245,-0.2448979591836737,173.3354504344556
0.2448979591836728,-0.2448979591836737,169.92722732319817
0.408163265306122,-0.2448979591836737,165.39396416285663
0.5714285714285712,-0.2448979591836737,159.7697658600878
0.7346938775510203,-0.2448979591836737,153.10578977487688
0.8979591836734686,-0.2448979591836737,145.4702457205375
1.0612244897959178,-0.2448979591836737,136.94839596371156
1.224489795918367,-0.2448979591836737,127.64255522436946
1.387755102040816,-0.2448979591836737,117.67209067580995
1.5510204081632653,-0.2448979591836737,107.17342194466036
1.7142857142857135,-0.2448979591836737,96.30002111087622
1.877551020408163,-0.2448979591836737,85.2224127077414
2.040816326530612,-0.2448979591836737,74.12817372186831
2.204081632653061,-0.2448979591836737,63.221933593197775
2.3673469387755093,-0.2448979591836737,52.72537421499898
2.5306122448979584,-0.2448979591836737,42.8772299338694
2.693877551020408,-0.2448979591836737,33.93328754973505
2.8571428571428568,-0.2448979591836737,26.16638631585029
3.020408163265306,-0.2448979591836737,19.8664179387979
3.183673469387754,-0.2448979591836737,15.340326578489028
3.346938775510204,-0.2448979591836737,12.912108848163191
3.5102040816326525,-0.2448979591836737,12.92281381438838
3.6734693877551017,-0.2448979591836737,15.73054299706094
3.836734693877551,-0.2448979591836737,21.710450369405628
4.0,-0.2448979591836737,31.254742357975573
-4.0,-0.0816326530612245,145.0437761858562
-3.836734693877551,-0.0816326530612245,130.53203016027786
-3.673469387755102,-0.0816326530612245,119.60207646369751
-3.510204081632653,-0.0816326530612245,111.86170866956202
-3.346938775510204,-0.0816326530612245,106.93577280464666
-3.183673469387755,-0.0816326530612245,104.46616734905508
-3.020408163265306,-0.0816326530612245,104.11184323621924
-2.857142857142857,-0.0816326530612245,105.54880385289972
-2.6938775510204085,-0.0816326530612245,108.4701050391852
-2.5306122448979598,-0.0816326530612245,112.58585508849308
-2.36734693877551,-0.0816326530612245,117.62321474756892
-2.204081632653061,-0.0816326530612245,123.32639721648673
-2.0408163265306123,-0.0816326530612245,129.456668148649
-1.877551020408164,-0.0816326530612245,135.79234565078656
-1.7142857142857144,-0.0816326530612245,142.1288002829586
-1.5510204081632657,-0.0816326530612245,148.27845505855277
-1.3877551020408163,-0.0816326530612245,154.0707854442851
-1.2244897959183674,-0.0816326530612245,159.35231936019994
-1.0612244897959189,-0.0816326530612245,163.9866371796702
-0.8979591836734695,-0.0816326530612245,167.8543717293971
-0.7346938775510208,-0.0816326530612245,170.85320828941013
-0.5714285714285716,-0.0816326530612245,172.8978845930675
-0.4081632653061229,-0.0816326530612245,173.92019082705542
-0.2448979591836737,-0.0816326530612245,173.86896963138884
-0.0816326530612245,-0.0816326530612245,172.7101160994109
0.0816326530612245,-0.0816326530612245,170.4265777777932
0.2448979591836728,-0.0816326530612245,167.01835466653577
0.408163265306122,-0.0816326530612245,162.502499218967
0.5714285714285712,-0.0816326530612245,156.91311634174366
0.7346938775510203,-0.0816326530612245,150.30136339485094
0.8979591836734686,-0.0816326530612245,142.7354501916025
1.0612244897959178,-0.0816326530612245,134.30063899864024
1.224489795918367,-0.0816326530612245,125.0992445359346
1.387755102040816,-0.0816326530612245,115.25063397678431
1.5510204081632653,-0.0816326530612245,104.89122694781658
1.7142857142857135,-0.0816326530612245,94.17449552898708
1.877551020408163,-0.0816326530612245,83.27096425357966
2.040816326530612,-0.0816326530612245,72.36821010820671
2.204081632653061,-0.0816326530612245,61.67086253280904
2.3673469387755093,-0.0816326530612245,51.40060342065586
2.5306122448979584,-0.0816326530612245,41.79616711834463
2.693877551020408,-0.0816326530612245,33.11334042580137
2.8571428571428568,-0.0816326530612245,25.624962596280437
3.020408163265306,-0.0816326530612245,19.620925336364603
3.183673469387754,-0.0816326530612245,15.408172805965044
3.346938775510204,-0.0816326530612245,13.31070161832126
3.5102040816326525,-0.0816326530612245,13.66956084000124
3.6734693877551017,-0.0816326530612245,16.842851990901323
3.836734693877551,-0.0816326530612245,23.205729044246283
4.0,-0.0816326530612245,33.150398426589234
-4.0,0.0816326530612245,146.67642924708068
-3.836734693877551,0.0816326530612245,131.7468981149566
-3.673469387755102,0.0816326530612245,120.41656702460328
-3.510204081632653,0.0816326530612245,112.29322954946753
-3.346938775510204,0.0816326530612245,107.0017317163246
-3.183673469387755,0.0816326530612245,104.18397200527824
-3.020408163265306,0.0816326530612245,103.49890134976036
-2.857142857142857,0.0816326530612245,104.62252313653153
-2.6938775510204085,0.0816326530612245,107.24789320568046
-2.5306122448979598,0.0816326530612245,111.0851198506245
-2.36734693877551,0.0816326530612245,115.86136381810924
-2.204081632653061,0.0816326530612245,121.32083830820868
-2.0408163265306123,0.0816326530612245,127.22480897432538
-1.877551020408164,0.0816326530612245,133.35159392319008
-1.7142857142857144,0.0816326530612245,139.49656371486196
-1.5510204081632657,0.0816326530612245,145.4721413627287
-1.3877551020408163,0.0816326530612245,151.1078023335064
-1.2244897959183674,0.0816326530612245,156.25007454723936
-1.0612244897959189,0.0816326530612245,160.76253837730042
-0.8979591836734695,0.0816326530612245,164.52582665039088
-0.7346938775510208,0.0816326530612245,167.43762464654026
-0.5714285714285716,0.0816326530612245,169.41267009910666
-0.4081632653061229,0.0816326530612245,170.38275319477634
-0.2448979591836737,0.0816326530612245,170.2967165735643
-0.0816326530612245,0.0816326530612245,169.12045532881362
0.0816326530612245,0.0816326530612245,166.83691700719592
0.2448979591836728,0.0816326530612245,163.44610160871122
0.408163265306122,0.0816326530612245,158.9650615866879
0.5714285714285712,0.0816326530612245,153.42790184778278
0.7346938775510203,0.0816326530612245,146.88577975198103
0.8979591836734686,0.0816326530612245,139.4069051125963
1.0612244897959178,0.0816326530612245,131.07654019627049
1.224489795918367,0.0816326530612245,121.99699972297398
1.387755102040816,0.0816326530612245,112.2876508660056
1.5510204081632653,0.0816326530612245,102.08491325199256
1.7142857142857135,0.0816326530612245,91.54225896089046
1.877551020408163,0.0816326530612245,80.83021252598316
2.040816326530612,0.0816326530612245,70.13635093388308
2.204081632653061,0.0816326530612245,59.66530362453103
2.3673469387755093,0.0816326530612245,49.63875249119619
2.5306122448979584,0.0816326530612245,40.29543188047606
2.693877551020408,0.0816326530612245,31.891128592296617
2.8571428571428568,0.0816326530612245,24.69868187991226
3.020408163265306,0.0816326530612245,19.007983449905737
3.183673469387754,0.0816326530612245,15.125977462188215
3.346938775510204,0.0816326530612245,13.376660529999214
3.5102040816326525,0.0816326530612245,14.101081719906714
3.6734693877551017,0.0816326530612245,17.657342551807062
3.836734693877551,0.0816326530612245,24.420596998925017
4.0,0.0816326530612245,34.78305148781371
-4.0,0.2448979591836728,147.1931013750518
-3.836734693877551,0.2448979591836728,131.8631928491547
-3.673469387755102,0.2448979591836728,120.14989207780116
-3.510204081632653,0.2448979591836728,111.66099263443785
-3.346938775510204,0.2448979591836728,106.0213405458402
-3.183673469387755,0.2448979591836728,102.87283429211172
-3.020408163265306,0.2448979591836728,101.8744248066846
-2.857142857142857,0.2448979591836728,102.70211547631916
-2.6938775510204085,0.2448979591836728,105.04896214110424
-2.5306122448979598,0.2448979591836728,108.6250730944572
-2.36734693877551,0.2448979591836728,113.1576090831236
-2.204081632653061,0.2448979591836728,118.39078330717749
-2.0408163265306123,0.2448979591836728,124.08586142002125
-1.877551020408164,0.2448979591836728,130.0211615283858
-1.7142857142857144,0.2448979591836728,135.99205419233033
-1.5510204081632657,0.2448979591836728,141.81096242524242
-1.3877551020408163,0.2448979591836728,147.30736169383815
-1.2244897959183674,0.2448979591836728,152.32777991816198
-1.0612244897959189,0.2448979591836728,156.73579747158664
-0.8979591836734695,0.2448979591836728,160.41204718081335
-0.7346938775510208,0.2448979591836728,163.2542143258718
-0.5714285714285716,0.2448979591836728,165.17703664011992
-0.4081632653061229,0.2448979591836728,166.1123043102442
-0.2448979591836737,0.2448979591836728,166.0088599762594
-0.0816326530612245,0.2448979591836728,164.8325987315087
0.0816326530612245,0.2448979591836728,162.56646812266374
0.2448979591836728,0.2448979591836728,159.21046814972453
0.408163265306122,0.2448979591836728,154.78165126601945
0.5714285714285712,0.2448979591836728,149.31412237820527
0.7346938775510203,0.2448979591836728,142.8590388462672
0.8979591836734686,0.2448979591836728,135.4846104835189
1.0612244897959178,0.2448979591836728,127.27609955660226
1.224489795918367,0.2448979591836728,118.3358207854877
1.387755102040816,0.2448979591836728,108.783141343474
1.5510204081632653,0.2448979591836728,98.75448085718833
1.7142857142857135,0.2448979591836728,88.40331140658633
1.877551020408163,0.2448979591836728,77.90015752495191
2.040816326530612,0.2448979591836728,67.43259619889744
2.204081632653061,0.2448979591836728,57.20525686836373
2.3673469387755093,0.2448979591836728,47.43982142662
2.5306122448979584,0.2448979591836728,38.37502422026368
2.693877551020408,0.2448979591836728,30.266652049220813
2.8571428571428568,0.2448979591836728,23.38754416674576
3.020408163265306,0.2448979591836728,18.02759227942128
3.183673469387754,0.2448979591836728,14.49374054715854
3.346938775510204,0.2448979591836728,13.10998558319706
3.5102040816326525,0.2448979591836728,14.217376454104826
3.6734693877551017,0.2448979591836728,18.17401467977818
3.836734693877551,0.2448979591836728,25.35505423344188
4.0,0.2448979591836728,36.152701541649066
-4.0,0.408163265306122,146.61084502309794
-3.836734693877551,0.408163265306122,130.89796681620058
-3.673469387755102,0.408163265306122,118.8191040766195
-3.510204081632653,0.408163265306122,109.9820503778014
-3.346938775510204,0.408163265306122,104.01165174652172
-3.183673469387755,0.408163265306122,100.54980666288397
-3.020408163265306,0.408163265306122,99.25546606032022
-2.857142857142857,0.408163265306122,99.80463332559094
-2.6938775510204085,0.408163265306122,101.890364298785
-2.5306122448979598,0.408163265306122,105.22276727331958
-2.36734693877551,0.408163265306122,109.52900299594036
-2.204081632653061,0.408163265306122,114.55328466672135
-2.0408163265306123,0.408163265306122,120.05687793906505
-1.877551020408164,0.408163265306122,125.81810091970216
-1.7142857142857144,0.408163265306122,131.63232416869204
-1.5510204081632657,0.408163265306122,137.31197069942223
-1.3877551020408163,0.408163265306122,142.68651597860878
-1.2244897959183674,0.408163265306122,147.6024879262961
-1.0612244897959189,0.408163265306122,151.92346691585712
-0.8979591836734695,0.408163265306122,155.53008577399288
-0.7346938775510208,0.408163265306122,158.3200297807331
-0.5714285714285716,0.408163265306122,160.20803666943578
-0.4081632653061229,0.408163265306122,161.12589662678732
-0.2448979591836737,0.408163265306122,161.02245229280248
-0.0816326530612245,0.408163265306122,159.86359876082454
0.0816326530612245,0.408163265306122,157.63228357752507
0.2448979591836728,0.408163265306122,154.32850674290407
0.408163265306122,0.408163265306122,149.96932071028994
0.5714285714285712,0.408163265306122,144.58883038633945
0.7346938775510203,0.408163265306122,138.23819313103783
0.8979591836734686,0.408163265306122,130.98561875769872
1.0612244897959178,0.408163265306122,122.91636953296398
1.224489795918367,0.408163265306122,114.13276017680406
1.387755102040816,0.408163265306122,104.75415786251776
1.5510204081632653,0.408163265306122,94.91698221673222
1.7142857142857135,0.408163265306122,84.7747053194031
1.877551020408163,0.408163265306122,74.49785170381426
2.040816326530612,0.408163265306122,64.27399835657816
2.204081632653061,0.408163265306122,54.30777471763554
2.3673469387755093,0.408163265306122,44.82086268025563
2.5306122448979584,0.408163265306122,36.05199659103589
2.693877551020408,0.408163265306122,28.256963249902327
2.8571428571428568,0.408163265306122,21.708601910109312
3.020408163265306,0.408163265306122,16.696804278239618
3.183673469387754,0.408163265306122,13.528514514204408
3.346938775510204,0.408163265306122,12.527729231243194
3.5102040816326525,0.408163265306122,14.03549749592396
3.6734693877551017,0.408163265306122,18.40992082814305
3.836734693877551,0.408163265306122,26.02615320112524
4.0,0.408163265306122,37.27640104142363
-4.0,0.5714285714285712,144.96376509787586
-3.836734693877551,0.5714285714285712,128.88532492275104
-3.673469387755102,0.5714285714285712,116.4583079277151
-3.510204081632653,0.5714285714285712,107.29050768621502
-3.346938775510204,0.5714285714285712,101.006770225026
-3.183673469387755,0.5714285714285712,97.24899402425169
-3.020408163265306,0.5714285714285712,95.67613001732413
-2.857142857142857,0.5714285714285712,95.96418159100376
-2.6938775510204085,0.5714285714285712,97.80620458537946
-2.5306122448979598,0.5714285714285712,100.91230729386842
-2.36734693877551,0.5714285714285712,105.00965046321636
-2.204081632653061,0.5714285714285712,109.84244729349722
-2.0408163265306123,0.5714285714285712,115.1719634381135
-1.877551020408164,0.5714285714285712,120.77651700379596
-1.7142857142857144,0.5714285714285712,126.45147855060392
-1.5510204081632657,0.5714285714285712,132.00927109192492
-1.3877551020408163,0.5714285714285712,137.27937009447504
-1.2244897959183674,0.5714285714285712,142.10830347829875
-1.0612244897959189,0.5714285714285712,146.35965161676873
-0.8979591836734695,0.5714285714285712,149.9140473365863
-0.7346938775510208,0.5714285714285712,152.66917591778105
-0.5714285714285716,0.5714285714285712,154.53977509371094
-0.4081632653061229,0.5714285714285712,155.45763505106248
-0.2448979591836737,0.5714285714285712,155.37159842985042
-0.0816326530612245,0.5714285714285712,154.24756032341793
0.0816326530612245,0.5714285714285712,152.06846827843668
0.2448979591836728,0.5714285714285712,148.83432229490666
0.408163265306122,0.5714285714285712,144.5621748261562
0.5714285714285712,0.5714285714285712,139.28613077884216
0.7346938775510203,0.5714285714285712,133.05734751294972
0.8979591836734686,0.5714285714285712,125.9440348417925
1.0612244897959178,0.5714285714285712,118.03145503201242
1.224489795918367,0.5714285714285712,109.42192280357987
1.387755102040816,0.5714285714285712,100.23480532979372
1.5510204081632653,0.5714285714285712,90.60652223728108
1.7142857142857135,0.5714285714285712,80.69054560599754
1.877551020408163,0.5714285714285712,70.65739996922707
2.040816326530612,0.5714285714285712,60.694662313582064
2.204081632653061,0.5714285714285712,51.00696207900327
2.3673469387755093,0.5714285714285712,41.81598115875992
2.5306122448979584,0.5714285714285712,33.36045389944948
2.693877551020408,0.5714285714285712,25.896167100997964
2.8571428571428568,0.5714285714285712,19.69596001665974
3.020408163265306,0.5714285714285712,15.049724353017572
3.183673469387754,0.5714285714285712,12.26440426998262
3.346938775510204,0.5714285714285712,11.663996380794408
3.5102040816326525,0.5714285714285712,13.589549752020922
3.6734693877551017,0.5714285714285712,18.399165903558497
3.836734693877551,0.5714285714285712,26.4679988086319
4.0,0.5714285714285712,38.18825489379423
-4.0,0.7346938775510203,142.30301895937083
-3.836734693877551,0.7346938775510203,125.87642452879118
-3.673469387755102,0.7346938775510203,113.11866099107324
-3.510204081632653,0.7346938775510203,103.63752191966384
-3.346938775510204,0.7346938775510203,97.05785334133826
-3.183673469387755,0.7346938775510203,93.0215537362001
-3.020408163265306,0.7346938775510203,91.18757403768146
-2.857142857142857,0.7346938775510203,91.23191763254272
-2.6938775510204085,0.7346938775510203,92.8476403608728
-2.5306122448979598,0.7346938775510203,95.74485051608892
-2.36734693877551,0.7346938775510203,99.6507088449367
-2.204081632653061,0.7346938775510203,104.30942854749016
-2.0408163265306123,0.7346938775510203,109.4822752771518
-1.877551020408164,0.7346938775510203,114.94756714065238
-1.7142857142857144,0.7346938775510203,120.50067469805116
-1.5510204081632657,0.7346938775510203,125.95402096273573
-1.3877551020408163,0.7346938775510203,131.13708140142217
-1.2244897959183674,0.7346938775510203,135.89638393415487
-1.0612244897959189,0.7346938775510203,140.09550893430668
-0.8979591836734695,0.7346938775510203,143.61508922857874
-0.7346938775510208,0.7346938775510203,146.35281009700074
-0.5714285714285716,0.7346938775510203,148.22340927293067
-0.4081632653061229,0.7346938775510203,149.15867694305493
-0.2448979591836737,0.7346938775510203,149.10745574738834
-0.0816326530612245,0.7346938775510203,148.0356407792741
0.0816326530612245,0.7346938775510203,145.92617958538378
0.2448979591836728,0.7346938775510203,142.77907216571742
0.408163265306122,0.7346938775510203,138.6113709736034
0.5714285714285712,0.7346938775510203,133.45718091569856
0.7346938775510203,0.7346938775510203,127.36765935198804
0.8979591836734686,0.7346938775510203,120.41101609578548
1.0612244897959178,0.7346938775510203,112.6725134137328
1.224489795918367,0.7346938775510203,104.25446602580038
1.387755102040816,0.7346938775510203,95.27624110528708
1.5510204081632653,0.7346938775510203,85.87425827882004
1.7142857142857135,0.7346938775510203,76.20198962635487
1.877551020408163,0.7346938775510203,66.42995968117549
2.040816326530612,0.7346938775510203,56.7457454298943
2.204081632653061,0.7346938775510203,47.35397631245208
2.3673469387755093,0.7346938775510203,38.47633422211804
2.5306122448979584,0.7346938775510203,30.351553505489647
2.693877551020408,0.7346938775510203,23.23542096249292
2.8571428571428568,0.7346938775510203,17.400775846382217
3.020408163265306,0.7346938775510203,13.137509863740313
3.183673469387754,0.7346938775510203,10.752567174478363
3.346938775510204,0.7346938775510203,10.569944391835897
3.5102040816326525,0.7346938775510203,12.930690582380892
3.6734693877551017,0.7346938775510203,18.19290726600969
3.836734693877551,0.7346938775510203,26.73174841594705
4.0,0.7346938775510203,38.9394204587461
-4.0,0.8979591836734686,138.6968164208964
-3.836734693877551,0.8979591836734686,121.93947544763472
-3.673469387755102,0.8979591836734686,108.86837308000746
-3.510204081632653,0.8979591836734686,99.09130289146152
-3.346938775510204,0.8979591836734686,92.23311090877203
-3.183673469387755,0.8979591836734686,87.93569561204285
-3.020408163265306,0.8979591836734686,85.85800793470582
-2.857142857142857,0.8979591836734686,85.67605126352153
-2.6938775510204085,0.8979591836734686,87.08288143857874
-2.5306122448979598,0.8979591836734686,89.78860675329472
-2.36734693877551,0.8979591836734686,93.5203879544151
-2.204081632653061,0.8979591836734686,98.02243824201392
-2.0408163265306123,0.8979591836734686,103.05602326949362
-1.877551020408164,0.8979591836734686,108.39946114358506
-1.7142857142857144,0.8979591836734686,113.84812242434737
-1.5510204081632657,0.8979591836734686,119.21443012516826
-1.3877551020408163,0.8979591836734686,124.32785971276375
-1.2244897959183674,0.8979591836734686,129.03493910717825
-1.0612244897959189,0.8979591836734686,133.1992486817845
-0.8979591836734695,0.8979591836734686,136.7014212632839
-0.7346938775510208,0.8979591836734686,139.4391421317059
-0.5714285714285716,0.8979591836734686,141.32714902040857
-0.4081632653061229,0.8979591836734686,142.29723211607825
-0.2448979591836737,0.8979591836734686,142.29823405872992
-0.0816326530612245,0.8979591836734686,141.29604994170663
0.0816326530612245,0.8979591836734686,139.27362731168
0.2448979591836728,0.8979591836734686,136.23096616865013
0.408163265306122,0.8979591836734686,132.18511896594526
0.5714285714285712,0.8979591836734686,127.17019061022232
0.7346938775510203,0.8979591836734686,121.23733846146644
0.8979591836734686,0.8979591836734686,114.45477233299128
1.0612244897959178,0.8979591836734686,106.90775449143872
1.224489795918367,0.8979591836734686,98.69859965677917
1.387755102040816,0.8979591836734686,89.94667500231147
1.5510204081632653,0.8979591836734686,80.78840015466277
1.7142857142857135,0.8979591836734686,71.37724719378872
1.877551020408163,0.8979591836734686,61.88374065297316
2.040816326530612,0.8979591836734686,52.49545751882853
2.204081632653061,0.8979591836734686,43.41702723129562
2.3673469387755093,0.8979591836734686,34.870131683643606
2.5306122448979584,0.8979591836734686,27.09350522247
2.693877551020408,0.8979591836734686,20.342934647700798
2.8571428571428568,0.8979591836734686,14.891259212590365
3.020408163265306,0.8979591836734686,11.02837062372146
3.183673469387754,0.8979591836734686,9.061213041005244
3.346938775510204,0.8979591836734686,9.313783077681252
3.5102040816326525,0.8979591836734686,12.127129800317466
3.6734693877551017,0.8979591836734686,17.859354728810217
3.836734693877551,0.8979591836734686,26.88561183638428
4.0,0.8979591836734686,39.59810754959277
-4.0,1.0612244897959178,134.23041974909458
-3.836734693877551,1.0612244897959178,117.15973994592356
-3.673469387755102,1.0612244897959178,103.79270646115974
-3.510204081632653,1.0612244897959178,93.73711286824994
-3.346938775510204,1.0612244897959178,86.61780519396942
-3.183673469387755,1.0612244897959178,82.07668191842185
-3.020408163265306,1.0612244897959178,79.77269397503925
-2.857142857142857,1.0612244897959178,79.38184475058205
-2.6938775510204085,1.0612244897959178,80.59719008513913
-2.5306122448979598,1.0612244897959178,83.12883827212772
-2.36734693877551,1.0612244897959178,86.70395005829346
-2.204081632653061,1.0612244897959178,91.06673864371037
-2.0408163265306123,1.0612244897959178,95.9784696817809
-1.877551020408164,1.0612244897959178,101.21746127923583
-1.7142857142857144,1.0612244897959178,106.5790839961345
-1.5510204081632657,1.0612244897959178,111.87576084586442
-1.3877551020408163,1.0612244897959178,116.9369672951417
-1.2244897959183674,1.0612244897959178,121.6092312640107
-1.0612244897959189,1.0612244897959178,125.75613312584429
-0.8979591836734695,1.0612244897959178,129.25830570734362
-0.7346938775510208,1.0612244897959178,132.01343428853832
-0.5714285714285716,1.0612244897959178,133.9362566027865
-0.4081632653061229,1.0612244897959178,134.95856283677446
-0.2448979591836737,1.0612244897959178,135.02919563051705
-0.0816326530612245,1.0612244897959178,134.11405007735743
0.0816326530612245,1.0612244897959178,132.19607372396726
0.2448979591836728,1.0612244897959178,129.27526657034653
0.408163265306122,1.0612244897959178,125.3686810698236
0.5714285714285712,1.0612244897959178,120.51042212905531
0.7346938775510203,1.0612244897959178,114.75164710802684
0.8979591836734686,1.0612244897959178,108.1605658200518
1.0612244897959178,1.0612244897959178,100.82244053177207
1.224489795918367,1.0612244897959178,92.8395859631582
1.387755102040816,1.0612244897959178,84.33136928750883
1.5510204081632653,1.0612244897959178,75.43421013145121
1.7142857142857135,1.0612244897959178,66.30158057494099
1.877551020408163,1.0612244897959178,57.104005151262
2.040816326530612,1.0612244897959178,48.02906084702667
2.204081632653061,1.0612244897959178,39.2813771021758
2.3673469387755093,1.0612244897959178,31.082635809978584
2.5306122448979584,1.0612244897959178,23.671571317032495
2.693877551020408,1.0612244897959178,17.303970423263557
2.8571428571428568,1.0612244897959178,12.25267238192612
3.020408163265306,1.0612244897959178,8.80756889960296
3.183673469387754,1.0612244897959178,7.275604136205231
3.346938775510204,1.0612244897959178,7.980774704972466
3.5102040816326525,1.0612244897959178,11.264129672472642
3.6734693877551017,1.0612244897959178,17.483770558602096
3.836734693877551,1.0612244897959178,27.014851336585604
4.0,1.0612244897959178,40.24957843297627
-4.0,1.224489795918367,129.00614366393566
-3.836734693877551,1.224489795918367,111.63953274362808
-3.673469387755102,1.224489795918367,97.99397585450048
-3.510204081632653,1.224489795918367,87.67726656999955
-3.346938775510204,1.224489795918367,80.31425091690072
-3.183673469387755,1.224489795918367,75.54682737530753
-3.020408163265306,1.224489795918367,73.03394687865205
-2.857142857142857,1.224489795918367,72.45161281369472
-2.6938775510204085,1.224489795918367,73.4928810205244
-2.5306122448979598,1.224489795918367,75.86785979255833
-2.36734693877551,1.224489795918367,79.30370987654216
-2.204081632653061,1.224489795918367,83.54464447254989
-2.0408163265306123,1.224489795918367,88.351929233984
-1.877551020408164,1.224489795918367,93.50388226757524
-1.7142857142857144,1.224489795918367,98.79587413338294
-1.5510204081632657,1.224489795918367,104.04032784479466
-1.3877551020408163,1.224489795918367,109.06671886852644
-1.2244897959183674,1.224489795918367,113.72157512462272
-1.0612244897959189,1.224489795918367,117.86847698645624
-0.8979591836734695,1.224489795918367,121.38805728072836
-0.7346938775510208,1.224489795918367,124.1780012874686
-0.5714285714285716,1.224489795918367,126.15304674003497
-0.4081632653061229,1.224489795918367,127.24498382511382
-0.2448979591836737,1.224489795918367,127.40265518272012
-0.0816326530612245,1.224489795918367,126.59195590619696
0.0816326530612245,1.224489795918367,124.79583354221596
0.2448979591836728,1.224489795918367,122.01428809077714
0.408163265306122,1.224489795918367,118.26437200520888
0.5714285714285712,1.224489795918367,113.580190192168
0.7346938775510203,1.224489795918367,108.01290001163964
0.8979591836734686,1.224489795918367,101.63071127693746
1.0612244897959178,1.224489795918367,94.5188862547034
1.224489795918367,1.224489795918367,86.7797396649078
1.387755102040816,1.224489795918367,78.53263868084954
1.5510204081632653,1.224489795918367,69.91400292915576
1.7142857142857135,1.224489795918367,61.077304489782094
1.877551020408163,1.224489795918367,52.193067896012415
2.040816326530612,1.224489795918367,43.44887013445914
2.204081632653061,1.224489795918367,35.049340645063054
2.3673469387755093,1.224489795918367,27.21616132109336
2.5306122448979584,1.224489795918367,20.18806650914754
2.693877551020408,1.224489795918367,14.220843009151595
2.8571428571428568,1.224489795918367,9.587330074359912
3.020408163265306,1.224489795918367,6.577419411355232
3.183673469387754,1.224489795918367,5.498055180048716
3.346938775510204,1.224489795918367,6.673233993679908
3.5102040816326525,1.224489795918367,10.44400491881678
3.6734693877551017,1.224489795918367,17.16846947535567
3.836734693877551,1.224489795918367,27.22178163652135
4.0,1.224489795918367,40.99614782886693
-4.0,1.387755102040816,123.14335533871856
-3.836734693877551,1.387755102040816,105.49822101404716
-3.673469387755102,1.387755102040816,91.5915484333284
-3.510204081632653,1.387755102040816,81.03113117000915
-3.346938775510204,1.387755102040816,73.44181525086472
-3.183673469387755,1.387755102040816,68.46549915599861
-3.020408163265306,1.387755102040816,65.76113381884304
-2.857142857142857,1.387755102040816,65.00472262615833
-2.6938775510204085,1.387755102040816,65.88932141803335
-2.5306122448979598,1.387755102040816,68.12503848788538
-2.36734693877551,1.387755102040816,71.43903458246001
-2.204081632653061,1.387755102040816,75.5755229018313
-2.0408163265306123,1.387755102040816,80.2957690994017
-1.877551020408164,1.387755102040816,85.37809128190202
-1.7142857142857144,1.387755102040816,90.61786000939148
-1.5510204081632657,1.387755102040816,95.82749829525773
-1.3877551020408163,1.387755102040816,100.83648160621678
-1.2244897959183674,1.387755102040816,105.49133786231305
-1.0612244897959189,1.387755102040816,109.65564743691937
-0.8979591836734695,1.387755102040816,113.2100431567369
-0.7346938775510208,1.387755102040816,116.05221030179533
-0.5714285714285716,1.387755102040816,118.09688660545268
-0.4081632653061229,1.387755102040816,119.27586225439528
-0.2448979591836737,1.387755102040816,119.537979888638
-0.0816326530612245,1.387755102040816,118.849134601524
0.0816326530612245,1.387755102040816,117.19227393972491
0.2448979591836728,1.387755102040816,114.56739790324076
0.408163265306122,1.387755102040816,110.99155894539987
0.5714285714285712,1.387755102040816,106.49886197285912
0.7346938775510203,1.387755102040816,101.14046434560362
0.8979591836734686,1.387755102040816,94.98457587694702
1.0612244897959178,1.387755102040816,88.11645883353131
1.224489795918367,1.387755102040816,80.63842793532686
1.387755102040816,1.387755102040816,72.66985035563242
1.5510204081632653,1.387755102040816,64.3471457210752
1.7142857142857135,1.387755102040816,55.82378611161084
1.877551020408163,1.387755102040816,47.27029606052321
2.040816326530612,1.387755102040816,38.87425255442472
2.204081632653061,1.387755102040816,30.84028503325615
2.3673469387755093,1.387755102040816,23.39007539028672
2.5306122448979584,1.387755102040816,16.762357972113904
2.693877551020408,1.387755102040816,11.212919578663708
2.8571428571428568,1.387755102040816,7.014599463190498
3.020408163265306,1.387755102040816,4.457289332277043
3.183673469387754,1.387755102040816,3.847933345834488
3.346938775510204,1.387755102040816,5.510528117102384
3.5102040816326525,1.387755102040816,9.7861227126487
3.6734693877551017,1.387755102040816,17.032818652369773
3.836734693877551,1.387755102040816,27.625769909490376
4.0,1.387755102040816,41.95718291056362
-4.0,1.5510204081632653,116.77847440007037
-3.836734693877551,1.5510204081632653,98.87222438380786
-3.673469387755102,1.5510204081632653,84.72184382427079
-3.510204081632653,1.5510204081632653,73.93512629490593
-3.346938775510204,1.5510204081632653,66.13691782248858
-3.183673469387755,1.5510204081632653,60.969116887122375
-3.020408163265306,1.5510204081632653,58.090674422239374
-2.857142857142857,1.5510204081632653,57.17759381460002
-2.6938775510204085,1.5510204081632653,57.92293090429314
-2.5306122448979598,1.5510204081632653,60.03679398473599
-2.36734693877551,1.5510204081632653,63.24634380267421
-2.204081632653061,1.5510204081632653,67.2957935581818
-2.0408163265306123,1.5510204081632653,71.94640890466124
-1.877551020408164,1.5510204081632653,76.97650794884332
-1.7142857142857144,1.5510204081632653,82.18146125078731
-1.5510204081632657,1.5510204081632653,87.37369182388082
-1.3877551020408163,1.5510204081632653,92.38267513483989
-1.2244897959183674,1.5510204081632653,97.05493910370888
-1.0612244897959189,1.5510204081632653,101.25406410386064
-0.8979591836734695,1.5510204081632653,104.86068296199645
-0.7346938775510208,1.5510204081632653,107.77248095814583
-0.5714285714285716,1.5510204081632653,109.90419582566685
-0.4081632653061229,1.5510204081632653,111.18761775124588
-0.2448979591836737,1.5510204081632653,111.57158937489775
-0.0816326530612245,1.5510204081632653,111.0220057899657
0.0816326530612245,1.5510204081632653,109.52181454312128
0.2448979591836728,1.5510204081632653,107.0710156343645
0.408163265306122,1.5510204081632653,103.68666151702377
0.5714285714285712,1.5510204081632653,99.40285709775586
0.7346938775510203,1.5510204081632653,94.270759736546
0.8979591836734686,1.5510204081632653,88.35857924670778
1.0612244897959178,1.5510204081632653,81.75157789488314
1.224489795918367,1.5510204081632653,74.55207040104249
1.387755102040816,1.5510204081632653,66.87942393848462
1.5510204081632653,1.5510204081632653,58.87005813383671
1.7142857142857135,1.5510204081632653,50.6774450670544
1.877551020408163,1.5510204081632653,42.47210927142154
2.040816326530612,1.5510204081632653,34.44162773355058
2.204081632653061,1.5510204081632653,26.790629893382285
2.3673469387755093,1.5510204081632653,19.740797644185847
2.5306122448979584,1.5510204081632653,13.530865332558776
2.693877551020408,1.5510204081632653,8.41661975842706
2.8571428571428568,1.5510204081632653,4.670900175045078
3.020408163265306,1.5510204081632653,2.5835982889955798
3.183673469387754,1.5510204081632653,2.4616582601897217
3.346938775510204,1.5510204081632653,4.629076701867052
3.5102040816326525,1.5510204081632653,9.426902680595544
3.6734693877551017,1.5510204081632653,17.21323771627153
3.836734693877551,1.5510204081632653,28.363235782119784
4.0,1.5510204081632653,43.26910330469342
-4.0,1.7142857142857135,110.06497292794674
-3.836734693877551,1.7142857142857135,91.91501493286589
-3.673469387755102,1.7142857142857135,77.53833410728319
-3.510204081632653,1.7142857142857135,66.54272402464545
-3.346938775510204,1.7142857142857135,58.553030711728
-3.183673469387755,1.7142857142857135,53.2111526486344
-3.020408163265306,1.7142857142857135,50.17604076879674
-2.857142857142857,1.7142857142857135,49.12369845897546
-2.6938775510204085,1.7142857142857135,49.7471815592594
-2.5306122448979598,1.7142857142857135,51.756598363065805
-2.36734693877551,1.7142857142857135,54.87910961714033
-2.204081632653061,1.7142857142857135,58.858928521556976
-2.0408163265306123,1.7142857142857135,63.4573207297182
-1.877551020408164,1.7142857142857135,68.45260434835481
-1.7142857142857144,1.7142857142857135,73.64014993752608
-1.5510204081632657,1.7142857142857135,78.83238051061956
-1.3877551020408163,1.7142857142857135,83.85877153435135
-1.2244897959183674,1.7142857142857135,88.56585092876584
-1.0612244897959189,1.7142857142857135,92.81719906723583
-0.8979591836734695,1.7142857142857135,96.49344877646256
-0.7346938775510208,1.7142857142857135,99.49228533647566
-0.5714285714285716,1.7142857142857135,101.7284464806331
-0.4081632653061229,1.7142857142857135,103.13372239562132
-0.2448979591836737,1.7142857142857135,103.65695572145512
-0.0816326530612245,1.7142857142857135,103.2640415514777
0.0816326530612245,1.7142857142857135,101.93792743236064
0.2448979591836728,1.7142857142857135,99.67861336410402
0.408163265306122,1.7142857142857135,96.50315180003614
0.5714285714285712,1.7142857142857135,92.44564764681388
0.7346938775510203,1.7142857142857135,87.55725826442233
0.8979591836734686,1.7142857142857135,81.90619346617521
1.0612244897959178,1.7142857142857135,75.5777155187144
1.224489795918367,1.7142857142857135,68.67413914201033
1.387755102040816,1.7142857142857135,61.31483150936177
1.5510204081632653,1.7142857142857135,53.63621224739591
1.7142857142857135,1.7142857142857135,45.79175343606835
1.877551020408163,1.7142857142857135,37.95197960866303
2.040816326530612,1.7142857142857135,30.30446775179233
2.204081632653061,1.7142857142857135,23.05384730539704
2.3673469387755093,1.7142857142857135,16.421800162746344
2.5306122448979584,1.7142857142857135,10.647060670437751
2.693877551020408,1.7142857142857135,5.985415628397255
2.8571428571428568,1.7142857142857135,2.7097042898792303
3.020408163265306,1.7142857142857135,1.1098183614664308
3.183673469387754,1.7142857142857135,1.4927020030700042
3.346938775510204,1.7142857142857135,4.182351827929513
3.5102040816326525,1.7142857142857135,9.519816902612922
3.6734693877551017,1.7142857142857135,17.863198747016565
3.836734693877551,1.7142857142857135,29.587651334365237
4.0,1.7142857142857135,45.085381091212014
-4.0,1.877551020408163,103.17337545563151
-3.836734693877551,1.877551020408163,84.79711719450508
-3.673469387755102,1.877551020408163,70.21154381564952
-3.510204081632653,1.877551020408163,59.02444889251166
-3.346938775510204,1.877551020408163,50.86067845186682
-3.183673469387755,1.877551020408163,45.36213097381856
-3.020408163265306,1.877551020408163,42.18775739179898
-2.857142857142857,1.877551020408163,41.01356109256853
-2.6938775510204085,1.877551020408163,41.532597916216034
-2.5306122448979598,1.877551020408163,43.45497615615876
-2.36734693877551,1.877551020408163,46.50785655914231
-2.204081632653061,1.877551020408163,50.43545232524073
-2.0408163265306123,1.877551020408163,54.99902910785649
-1.877551020408164,1.877551020408163,59.97690501372036
-1.7142857142857144,1.877551020408163,65.1644506028916
-1.5510204081632657,1.877551020408163,70.37408888875784
-1.3877551020408163,1.877551020408163,75.4352953380351
-1.2244897959183674,1.877551020408163,80.19459787076781
-1.0612244897959189,1.877551020408163,84.51557686032876
-0.8979591836734695,1.877551020408163,88.2788651334192
-0.7346938775510208,1.877551020408163,91.38214797006871
-0.5714285714285716,1.877551020408163,93.74016310363535
-0.4081632653061229,1.877551020408163,95.28470072080547
-0.2448979591836737,1.877551020408163,95.96460346159392
-0.0816326530612245,1.877551020408163,95.7457664193439
0.0816326530612245,1.877551020408163,94.611137140727
0.2448979591836728,1.877551020408163,92.56071562574324
0.408163265306122,1.877551020408163,89.61155432772097
0.5714285714285712,1.877551020408163,85.79775815331702
0.7346938775510203,1.877551020408163,81.17048446251658
0.8979591836734686,1.877551020408163,75.7979430686333
1.0612244897959178,1.877551020408163,69.76539623830905
1.224489795918367,1.877551020408163,63.17515869151428
1.387755102040816,1.877551020408163,56.14659760154777
1.5510204081632653,1.877551020408163,48.81613259503669
1.7142857142857135,1.877551020408163,41.33723575193667
1.877551020408163,1.877551020408163,33.880431605531605
2.040816326530612,1.877551020408163,26.63329714243391
2.204081632653061,1.877551020408163,19.80046180258436
2.3673469387755093,1.877551020408163,13.603607479252148
2.5306122448979584,1.877551020408163,8.281468519034775
2.693877551020408,1.877551020408163,4.089831721858244
2.8571428571428568,1.877551020408163,1.3015363409769125
3.020408163265306,1.877551020408163,0.2064740829735519
3.183673469387754,1.877551020408163,1.111589107759302
3.346938775510204,1.877551020408163,4.340878028573728
3.5102040816326525,1.877551020408163,10.235389911984797
3.6734693877551017,1.877551020408163,19.15322627788883
3.836734693877551,1.877551020408163,31.469541099510614
4.0,1.877551020408163,47.57654080340326
-4.0,2.040816326530612,96.2912589697372
-3.836734693877551,2.040816326530612,77.70610815533787
-3.673469387755102,2.040816326530612,62.92904993598219
-3.510204081632653,2.040816326530612,51.567877885116935
-3.346938775510204,2.040816326530612,43.24743802951743
-3.183673469387755,2.040816326530612,37.60962884928727
-3.020408163265306,2.040816326530612,34.313401277858524
-2.857142857142857,2.040816326530612,33.03475870199165
-2.6938775510204085,2.040816326530612,33.46675696177545
-2.5306122448979598,2.040816326530612,35.319504350627206
-2.36734693877551,2.040816326530612,38.32016161529255
-2.204081632653061,2.040816326530612,42.21294195584549
-2.0408163265306123,2.040816326530612,46.7591110256885
-1.877551020408164,2.040816326530612,51.736986931552366
-1.7142857142857144,2.040816326530612,56.94194023349636
-1.5510204081632657,2.040816326530612,62.18639394490808
-1.3877551020408163,2.040816326530612,67.29982353250355
-1.2244897959183674,2.040816326530612,72.12875691632723
-1.0612244897959189,2.040816326530612,76.53677446975186
-0.8979591836734695,2.040816326530612,80.40450901947874
-0.7346938775510208,2.040816326530612,83.62964584553744
-0.5714285714285716,2.040816326530612,86.12692268128598
-0.4081632653061229,2.040816326530612,87.82812971341076
-0.2448979591836737,2.040816326530612,88.68210958192661
-0.0816326530612245,2.040816326530612,88.6547573801767
0.0816326530612245,2.040816326530612,87.72902065483268
0.2448979591836728,2.040816326530612,85.90489940589451
0.408163265306122,2.040816326530612,83.1994460866906
0.5714285714285712,2.040816326530612,79.64676560387778
0.7346938775510203,2.040816326530612,75.29801531744114
0.8979591836734686,2.040816326530612,70.22140504069442
1.0612244897959178,2.040816326530612,64.50219704027948
1.224489795918367,2.040816326530612,58.24270603616676
1.387755102040816,2.040816326530612,51.56229920165503
1.5510204081632653,2.040816326530612,44.597396163371485
1.7142857142857135,2.040816326530612,37.50146900127172
1.877551020408163,2.040816326530612,30.44504224863966
2.040816326530612,2.040816326530612,23.615692892087708
2.204081632653061,2.040816326530612,17.21805037155664
2.3673469387755093,2.040816326530612,11.473796580315645
2.5306122448979584,2.040816326530612,6.621665864962233
2.693877551020408,2.040816326530612,2.917445025422395
2.8571428571428568,2.040816326530612,0.6339733149505105
3.020408163265306,2.040816326530612,0.0611424401293285
3.183673469387754,2.040816326530612,1.505896560869994
3.346938775510204,2.040816326530612,5.292232290412077
3.5102040816326525,2.040816326530612,11.76119869532354
3.6734693877551017,2.040816326530612,21.270897295500717
3.836734693877551,2.040816326530612,34.19648206416835
4.0,2.040816326530612,50.93015942787961
-4.0,2.204081632653061,89.62325291020454
-3.836734693877551,2.204081632653061,70.84661725530509
-3.673469387755102,2.204081632653061,55.895481908222
-3.510204081632653,2.204081632653061,44.37764044240208
-3.346938775510204,2.204081632653061,35.91793888462067
-3.183673469387755,2.204081632653061,30.158275714981325
-3.020408163265306,2.204081632653061,26.757601866916144
-2.857142857142857,2.204081632653061,25.39192072718557
-2.6938775510204085,2.204081632653061,25.754288135878426
-2.5306122448979598,2.204081632653061,27.554812386411967
-2.36734693877551,2.204081632653061,30.52065422553182
-2.204081632653061,2.204081632653061,34.39602685331202
-2.0408163265306123,2.204081632653061,38.94219592315503
-1.877551020408164,2.204081632653061,43.93747954179164
-1.7142857142857144,2.204081632653061,49.17724826928112
-1.5510204081632657,2.204081632653061,54.47392511901104
-1.3877551020408163,2.204081632653061,59.65698555769748
-1.2244897959183674,2.204081632653061,64.57295750538485
-1.0612244897959189,2.204081632653061,69.08542133544593
-0.8979591836734695,2.204081632653061,73.07500987458197
-0.7346938775510208,2.204081632653061,76.43940840282258
-0.5714285714285716,2.204081632653061,79.09335465352578
-0.4081632653061229,2.204081632653061,80.96863881337795
-0.2448979591836737,2.204081632653061,82.01410352239392
-0.0816326530612245,2.204081632653061,82.1956438739169
0.0816326530612245,2.204081632653061,81.49620741461847
0.2448979591836728,2.204081632653061,79.91579414449866
0.408163265306122,2.204081632653061,77.47145651688585
0.5714285714285712,2.204081632653061,74.19729943843681
0.7346938775510203,2.204081632653061,70.14448026913678
0.8979591836734686,2.204081632653061,65.38120882229936
1.0612244897959178,2.204081632653061,59.99274736456647
1.224489795918367,2.204081632653061,54.08141061590853
1.387755102040816,2.204081632653061,47.766565749624334
1.5510204081632653,2.204081632653061,41.18463239234105
1.7142857142857135,2.204081632653061,34.48908262401429
1.877551020408163,2.204081632653061,27.850440977927967
2.040816326530612,2.204081632653061,21.4562844406945
2.204081632653061,2.204081632653061,15.511242452254653
2.3673469387755093,2.204081632653061,10.236996905877612
2.5306122448979584,2.204081632653061,5.8722821481609015
2.693877551020408,2.204081632653061,2.6728849790305094
2.8571428571428568,2.204081632653061,0.9116446517407972
3.020408163265306,2.204081632653061,0.8784528728745329
3.183673469387754,2.204081632653061,2.8802538023428523
3.346938775510204,2.204081632653061,7.24104405338533
3.5102040816326525,2.204081632653061,14.301872692569932
3.6734693877551017,2.204081632653061,24.42084123979298
3.836734693877551,2.204081632653061,37.97310366827926
4.0,2.204081632653061,55.35086640458187
-4.0,2.3673469387755093,83.39103917030269
-3.836734693877551,2.3673469387755093,64.44032638767584
-3.673469387755102,2.3673469387755093,49.33252162563811
-3.510204081632653,2.3673469387755093,37.67541845763629
-3.346938775510204,2.3673469387755093,29.093862910445694
-3.183673469387755,2.3673469387755093,23.22975346416992
-3.020408163265306,2.3673469387755093,19.74204105224104
-2.857142857142857,2.3673469387755093,18.306729061419507
-2.6938775510204085,2.3673469387755093,18.616873331794142
-2.5306122448979598,2.3673469387755093,20.38258215678221
-2.36734693877551,2.3673469387755093,23.33101628312933
-2.204081632653061,2.3673469387755093,27.20638891090953
-2.0408163265306123,2.3673469387755093,31.76996569352528
-1.877551020408164,2.3673469387755093,36.80006473770737
-1.7142857142857144,2.3673469387755093,42.092056603515054
-1.5510204081632657,2.3673469387755093,47.45836430433594
-1.3877551020408163,2.3673469387755093,52.72846330688608
-1.2244897959183674,2.3673469387755093,57.74888153120988
-1.0612244897959189,2.3673469387755093,62.38319935068013
-0.8979591836734695,2.3673469387755093,66.5120495919981
-0.7346938775510208,2.3673469387755093,70.03311753519336
-0.5714285714285716,2.3673469387755093,72.86114091362394
-0.4081632653061229,2.3673469387755093,74.92790991397624
-0.2448979591836737,2.3673469387755093,76.18226717626507
-0.0816326530612245,2.3673469387755093,76.59010779383368
0.0816326530612245,2.3673469387755093,76.13437931335362
0.2448979591836728,2.3673469387755093,74.81508173482489
0.408163265306122,2.3673469387755093,72.6492675115759
0.5714285714285712,2.3673469387755093,69.67104155026342
0.7346938775510203,2.3673469387755093,65.9315612108727
0.8979591836734686,2.3673469387755093,61.4990363067173
1.0612244897959178,2.3673469387755093,56.4587291044392
1.224489795918367,2.3673469387755093,50.91295432400878
1.387755102040816,2.3673469387755093,44.98107913872485
1.5510204081632653,2.3673469387755093,38.79952317521455
1.7142857142857135,2.3673469387755093,32.52175851343355
1.877551020408163,2.3673469387755093,26.318309686665717
2.040816326530612,2.3673469387755093,20.376753681523454
2.204081632653061,2.3673469387755093,14.901719937947565
2.3673469387755093,2.3673469387755093,10.11489034920722
2.5306122448979584,2.3673469387755093,6.254999261899947
2.693877551020408,2.3673469387755093,3.577833475951728
2.8571428571428568,2.3673469387755093,2.3562322446169297
3.020408163265306,2.3673469387755093,2.8800872744783232
3.183673469387754,2.3673469387755093,5.456342725447028
3.346938775510204,2.3673469387755093,10.408995210762638
3.5102040816326525,2.3673469387755093,18.079093796993103
3.6734693877551017,2.3673469387755093,28.82474000403477
3.836734693877551,2.3673469387755093,43.0210878051124
4.0,2.3673469387755093,61.06034362677909
-4.0,2.5306122448979584,77.83335209662923
-3.836734693877551,2.5306122448979584,58.72596989904772
-3.673469387755102,2.5306122448979584,43.478903434828055
-3.510204081632653,2.5306122448979584,31.69994627741704
-3.346938775510204,2.5306122448979584,23.013944453590028
-3.183673469387755,2.5306122448979584,17.062796443450544
-3.020408163265306,2.5306122448979584,13.505453180430711
-2.857142857142857,2.5306122448979584,12.01791805129096
-2.6938775510204085,2.5306122448979584,12.29324689612012
-2.5306122448979598,2.5306122448979584,14.041548008335443
-2.36734693877551,2.5306122448979584,16.989982134682563
-2.204081632653061,2.5306122448979584,20.882762475235506
-2.0408163265306123,2.5306122448979584,25.481154683396724
-1.877551020408164,2.5306122448979584,30.56347686589704
-1.7142857142857144,2.5306122448979584,35.92509958279568
-1.5510204081632657,2.5306122448979584,41.378445847480265
-1.3877551020408163,2.5306122448979584,46.75299112666684
-1.2244897959183674,2.5306122448979584,51.89526334039981
-1.0612244897959189,2.5306122448979584,56.66884286205197
-0.8979591836734695,2.5306122448979584,60.954362518324594
-0.7346938775510208,2.5306122448979584,64.64950758924725
-0.5714285714285716,2.5306122448979584,67.66901580817793
-0.4081632653061229,2.5306122448979584,69.94467736180314
-0.2448979591836737,2.5306122448979584,71.42533489013762
-0.0816326530612245,2.5306122448979584,72.07688348652451
0.0816326530612245,2.5306122448979584,71.88227069763552
0.2448979591836728,2.5306122448979584,70.84149652347067
0.408163265306122,2.5306122448979584,68.97161341735823
0.5714285714285712,2.5306122448979584,66.30672628595508
0.7346938775510203,2.5306122448979584,62.8979924892464
0.8979591836734686,2.5306122448979584,58.81362184054578
1.0612244897959178,2.5306122448979584,54.1388766064952
1.224489795918367,2.5306122448979584,48.97607150706505
1.387755102040816,2.5306122448979584,43.444573715554114
1.5510204081632653,2.5306122448979584,37.680802858589566
1.7142857142857135,2.5306122448979584,31.83823101612704
1.877551020408163,2.5306122448979584,26.087382721450425
2.040816326530612,2.5306122448979584,20.615834961172126
2.204081632653061,2.5306122448979584,15.628217175232937
2.3673469387755093,2.5306122448979584,11.34621125690203
2.5306122448979584,2.5306122448979584,8.00855155277693
2.693877551020408,2.5306122448979584,5.871024862783627
2.8571428571428568,2.5306122448979584,5.2064704401764965
3.020408163265306,2.5306122448979584,6.304779991538276
3.183673469387754,2.5306122448979584,9.472897676780123
3.346938775510204,2.5306122448979584,15.034820109141611
3.5102040816326525,2.5306122448979584,23.331596355190698
3.6734693877551017,2.5306122448979584,34.72132793482372
3.836734693877551,2.5306122448979584,49.57916882126544
4.0,2.5306122448979584,68.29732544106898
-4.0,2.693877551020408,73.20597848911002
-3.836734693877551,2.693877551020408,53.95933458934662
-3.673469387755102,2.693877551020408,38.59041413571779
-3.510204081632653,2.693877551020408,26.70701070167037
-3.346938775510204,2.693877551020408,17.933970313979636
-3.183673469387755,2.693877551020408,11.913191452749208
-3.020408163265306,2.693877551020408,8.303625051411153
-2.857142857142857,2.693877551020408,6.781274496725919
-2.6938775510204085,2.693877551020408,7.03919562878234
-2.5306122448979598,2.693877551020408,8.787496740997666
-2.36734693877551,2.693877551020408,11.753338580117523
-2.204081632653061,2.693877551020408,15.680934346215947
-2.0408163265306123,2.693877551020408,20.33154969269539
-1.877551020408164,2.693877551020408,25.483502726286652
-1.7142857142857144,2.693877551020408,30.932164007049
-1.5510204081632657,2.693877551020408,36.48995654837002
-1.3877551020408163,2.693877551020408,41.98635581696577
-1.2244897959183674,2.693877551020408,47.26788973288064
-1.0612244897959189,2.693877551020408,52.19813866948746
-0.8979591836734695,2.693877551020408,56.65773545348748
-0.7346938775510208,2.693877551020408,60.54436536491026
-0.5714285714285716,2.693877551020408,63.77276613711385
-0.4081632653061229,2.693877551020408,66.27472795678462
-0.2448979591836737,2.693877551020408,67.99909346393743
-0.0816326530612245,2.693877551020408,68.91175775191547
0.0816326530612245,2.693877551020408,68.99566836739032
0.2448979591836728,2.693877551020408,68.25082531036199
0.408163265306122,2.693877551020408,66.69428103415886
0.5714285714285712,2.693877551020408,64.36014044543776
0.7346938775510203,2.693877551020408,61.29956090418387
0.8979591836734686,2.693877551020408,57.580752223710775
1.0612244897959178,2.693877551020408,53.28897667066046
1.224489795918367,2.693877551020408,48.52654896500332
1.387755102040816,2.693877551020408,43.41283628003812
1.5510204081632653,2.693877551020408,38.08425824239205
1.7142857142857135,2.693877551020408,32.69428693202075
1.877551020408163,2.693877551020408,27.41344688220809
2.040816326530612,2.693877551020408,22.4293150795665
2.204081632653061,2.693877551020408,17.94652096403674
2.3673469387755093,2.693877551020408,14.186746428888007
2.5306122448979584,2.693877551020408,11.388725820717838
2.693877551020408,2.693877551020408,9.808245939452188
2.8571428571428568,2.693877551020408,9.71814603834545
3.020408163265306,2.693877551020408,11.40831782398037
3.183673469387754,2.693877551020408,15.185705456268089
3.346938775510204,2.693877551020408,21.37430554844817
3.5102040816326525,2.693877551020408,30.315167167088624
3.6734693877551017,2.693877551020408,42.36639183208572
3.836734693877551,2.693877551020408,57.90313351666428
4.0,2.693877551020408,77.31759864737737
-4.0,2.8571428571428568,69.7817576009996
-3.836734693877551,2.8571428571428568,50.41325971182701
-3.673469387755102,2.8571428571428568,34.93989298156174
-3.510204081632653,2.8571428571428568,22.96945098365059
-3.346938775510204,2.8571428571428568,14.126779744868925
-3.183673469387755,2.8571428571428568,8.05377774532026
-3.020408163265306,2.8571428571428568,4.409395918436737
-2.857142857142857,2.8571428571428568,2.869637650978766
-2.6938775510204085,2.8571428571428568,3.1275587830351874
-2.5306122448979598,2.8571428571428568,4.893267608023248
-2.36734693877551,2.8571428571428568,7.893924872688586
-2.204081632653061,2.8571428571428568,11.873743777105224
-2.0408163265306123,2.8571428571428568,16.593989974675626
-1.877551020408164,2.8571428571428568,21.83298157213059
-1.7142857142857144,2.8571428571428568,27.386089129529363
-1.5510204081632657,2.8571428571428568,33.06573566025956
-1.3877551020408163,2.8571428571428568,38.70139663103723
-1.2244897959183674,2.8571428571428568,44.13959996190676
-1.0612244897959189,2.8571428571428568,49.24392602624097
-0.8979591836734695,2.8571428571428568,53.89500765074112
-0.7346938775510208,2.8571428571428568,57.99053011543677
-0.5714285714285716,2.8571428571428568,61.44523115368597
-0.4081632653061229,2.8571428571428568,64.1909009521751
-0.2448979591836737,2.8571428571428568,66.17638215091901
-0.0816326530612245,2.8571428571428568,67.36756984326082
0.0816326530612245,2.8571428571428568,67.74741157587223
0.2448979591836728,2.8571428571428568,67.31590734875324
0.408163265306122,2.8571428571428568,66.09010961523218
0.5714285714285712,2.8571428571428568,64.10412328196585
0.7346938775510203,2.8571428571428568,61.409105708939485
0.8979591836734686,2.8571428571428568,58.07326670946665
1.0612244897959178,2.8571428571428568,54.18186855018934
1.224489795918367,2.8571428571428568,49.83722595107793
1.387755102040816,2.8571428571428568,45.158706085431234
1.5510204081632653,2.8571428571428568,40.28272857987638
1.7142857142857135,2.8571428571428568,35.36276551436903
1.877551020408163,2.8571428571428568,30.56934142219308
2.040816326530612,2.8571428571428568,26.09003328996092
2.204081632653061,2.8571428571428568,22.12947055761335
2.3673469387755093,2.8571428571428568,18.90933511841953
2.5306122448979584,2.8571428571428568,16.668361318977013
2.693877551020408,2.8571428571428568,15.662335959211758
2.8571428571428568,2.8571428571428568,16.164098292378164
3.020408163265306,2.8571428571428568,18.46354002505895
3.183673469387754,2.8571428571428568,22.867605317165285
3.346938775510204,2.8571428571428568,29.700290781936737
3.5102040816326525,2.8571428571428568,39.30264548594127
3.6734693877551017,2.8571428571428568,52.032770949075214
3.836734693877551,2.8571428571428568,68.26582114456335
4.0,2.8571428571428568,88.39400249895877
-4.0,3.020408163265306,67.85058113888057
-3.836734693877551,3.020408163265306,48.37763697307156
-3.673469387755102,3.020408163265306,32.817231678942605
-3.510204081632653,3.020408163265306,20.777158829940525
-3.346938775510204,3.020408163265306,11.882264452840616
-3.183673469387755,3.020408163265306,5.774447027746493
-3.020408163265306,3.020408163265306,2.1126574880902185
-2.857142857142857,3.020408163265306,0.5728992206322502
-2.6938775510204085,3.020408163265306,0.8482280654614082
-2.5306122448979598,3.020408163265306,2.6487523159949498
-2.36734693877551,3.020408163265306,5.701632718978506
-2.204081632653061,3.020408163265306,9.751082474486102
-2.0408163265306123,3.020408163265306,14.5583672359202
-1.877551020408164,3.020408163265306,19.901805110011598
-1.7142857142857144,3.020408163265306,25.576766656819544
-1.5510204081632657,3.020408163265306,31.39567488973165
-1.3877551020408163,3.020408163265306,37.18800527546397
-1.2244897959183674,3.020408163265306,42.8002857340609
-1.0612244897959189,3.020408163265306,48.09609663889524
-0.8979591836734695,3.020408163265306,52.956070816668266
-0.7346938775510208,3.020408163265306,57.277893547409526
-0.5714285714285716,3.020408163265306,60.976302564477066
-0.4081632653061229,3.020408163265306,63.9830880545573
-0.2448979591836737,3.020408163265306,66.24709265766502
-0.0816326530612245,3.020408163265306,67.73421146714344
0.0816326530612245,3.020408163265306,68.42739202966416
0.2448979591836728,3.020408163265306,68.32663434522719
0.408163265306122,3.020408163265306,67.4489908671609
0.5714285714285712,3.020408163265306,65.8285665021221
0.7346938775510203,3.020408163265306,63.516518610096
0.8979591836734686,3.020408163265306,60.581057004396165
1.0612244897959178,3.020408163265306,57.10744395166461
1.224489795918367,3.020408163265306,53.19799417187167
1.387755102040816,3.020408163265306,48.9720748383162
1.5510204081632653,3.020408163265306,44.566105577625294
1.7142857142857135,3.020408163265306,40.133558469754654
1.877551020408163,3.020408163265306,35.844958047988136
2.040816326530612,3.020408163265306,31.88788129893816
2.204081632653061,3.020408163265306,28.466957662545504
2.3673469387755093,3.020408163265306,25.80386903207933
2.5306122448979584,3.020408163265306,24.137349754137222
2.693877551020408,3.020408163265306,23.72318662864509
2.8571428571428568,3.020408163265306,24.834218908857384
3.020408163265306,3.020408163265306,27.76033830135677
3.183673469387754,3.020408163265306,32.808488966054455
3.346938775510204,3.020408163265306,40.30266751619
3.5102040816326525,3.020408163265306,50.58392301833136
3.6734693877551017,3.020408163265306,64.01035699237488
3.836734693877551,3.020408163265306,80.9571234115453
4.0,3.020408163265306,101.81642870239575
-4.0,3.183673469387754,67.71939326266424
-3.836734693877551,3.183673469387754,48.15941053299152
-3.673469387755102,3.183673469387754,32.529374387771604
-3.510204081632653,3.183673469387754,20.43707840045127
-3.346938775510204,3.183673469387754,11.507368597805897
-3.183673469387755,3.183673469387754,5.382143459939026
-3.020408163265306,3.183673469387754,1.7203539202827576
-2.857142857142857,3.183673469387754,0.1980033655975246
-2.6938775510204085,3.183673469387754,0.5081476359721633
-2.5306122448979598,3.183673469387754,2.3608950248239187
-2.36734693877551,3.183673469387754,5.483406278898438
-2.204081632653061,3.183673469387754,9.61989459826972
-2.0408163265306123,3.183673469387754,14.53162563634026
-1.877551020408164,3.183673469387754,19.996917499840823
-1.7142857142857144,3.183673469387754,25.811140748830688
-1.5510204081632657,3.183673469387754,31.78671839669745
-1.3877551020408163,3.183673469387754,37.75312591015715
-1.2244897959183674,3.183673469387754,43.55689120925422
-1.0612244897959189,3.183673469387754,49.06159466736143
-0.8979591836734695,3.183673469387754,54.14786911118006
-0.7346938775510208,3.183673469387754,58.71339982073967
-0.5714285714285716,3.183673469387754,62.6729245293983
-0.4081632653061229,3.183673469387754,65.95823342384236
-0.2448979591836737,3.183673469387754,68.51816914408664
-0.0816326530612245,3.183673469387754,70.31862678347437
0.0816326530612245,3.183673469387754,71.34255388867713
0.2448979591836728,3.183673469387754,71.58995045969493
0.408163265306122,3.183673469387754,71.07786894985617
0.5714285714285712,3.183673469387754,69.84041426581764
0.7346938775510203,3.183673469387754,67.92874376756453
0.8979591836734686,3.183673469387754,65.41106726841045
1.0612244897959178,3.183673469387754,62.37264703499737
1.224489795918367,3.183673469387754,58.915797787295645
1.387755102040816,3.183673469387754,55.15988669860414
1.5510204081632653,3.183673469387754,51.24133339554994
1.7142857142857135,3.183673469387754,47.31360995808872
1.877551020408163,3.183673469387754,43.547240919504375
2.040816326530612,3.183673469387754,40.12980326640932
2.204081632653061,3.183673469387754,37.26592643874432
2.3673469387755093,3.183673469387754,35.17729232977854
2.5306122448979584,3.183673469387754,34.10263528610957
2.693877551020408,3.183673469387754,34.297742107663304
2.8571428571428568,3.183673469387754,36.03545204769421
3.020408163265306,3.183673469387754,39.60565681278494
3.183673469387754,3.183673469387754,45.31530056284672
3.346938775510204,3.183673469387754,53.48837991111909
3.5102040816326525,3.183673469387754,64.46594392417002
3.6734693877551017,3.183673469387754,78.60609412189581
3.836734693877551,3.183673469387754,96.28398447752134
4.0,3.183673469387754,117.8918214175996
-4.0,3.346938775510204,69.71219058559002
-3.836734693877551,3.346938775510204,50.082577004826334
-3.673469387755102,3.346938775510204,34.400317721288204
-3.510204081632653,3.346938775510204,22.273206308422413
-3.346938775510204,3.346938775510204,13.326088793004295
-3.183673469387755,3.346938775510204,7.200863655137425
-3.020408163265306,3.346938775510204,3.556481828253899
-2.857142857142857,3.346938775510204,2.068946699114141
-2.6938775510204085,3.346938775510204,2.4313141078069984
-2.5306122448979598,3.346938775510204,4.353692347749716
-2.36734693877551,3.346938775510204,7.563242165687919
-2.204081632653061,3.346938775510204,11.804176761695656
-2.0408163265306123,3.346938775510204,16.837761789175357
-1.877551020408164,3.346938775510204,22.44231535485784
-1.7142857142857144,3.346938775510204,28.41320801880235
-1.5510204081632657,3.346938775510204,34.56286279439651
-1.3877551020408163,3.346938775510204,40.72075514835634
-1.2244897959183674,3.346938775510204,46.73341300072627
-1.0612244897959189,3.346938775510204,52.4644167248791
-0.8979591836734695,3.346938775510204,57.79439914751607
-0.7346938775510208,3.346938775510204,62.62104554866678
-0.5714285714285716,3.346938775510204,66.85909366168924
-0.4081632653061229,3.346938775510204,70.44033367326986
-0.2448979591836737,3.346938775510204,73.31360822342346
-0.0816326530612245,3.346938775510204,75.44481240549324
0.0816326530612245,3.346938775510204,76.81689376615077
0.2448979591836728,3.346938775510204,77.4298523053961
0.408163265306122,3.346938775510204,77.30074047655759
0.5714285714285712,3.346938775510204,76.46366318629208
0.7346938775510203,3.346938775510204,74.9697777945847
0.8979591836734686,3.346938775510204,72.8872941147491
1.0612244897959178,3.346938775510204,70.30147441342724
1.224489795918367,3.346938775510204,67.3146334105895
1.387755102040816,3.346938775510204,64.04613827953467
1.5510204081632653,3.346938775510204,60.63240864688992
1.7142857142857135,3.346938775510204,57.22691659261087
1.877551020408163,3.346938775510204,54.00018664998144
2.040816326530612,3.346938775510204,51.13979580561405
2.204081632653061,3.346938775510204,48.85037349944944
2.3673469387755093,3.346938775510204,47.35360162475679
2.5306122448979584,3.346938775510204,46.888214528133695
2.693877551020408,3.346938775510204,47.70999900950605
2.8571428571428568,3.346938775510204,50.0917943221283
3.020408163265306,3.346938775510204,54.32349217258314
3.183673469387754,3.346938775510204,60.71203672078173
3.346938775510204,3.346938775510204,69.58142457996368
3.5102040816326525,3.346938775510204,81.27270481669692
3.6734693877551017,3.346938775510204,96.1439789508778
3.836734693877551,3.346938775510204,114.57040095573106
4.0,3.346938775510204,136.94417725780983
-4.0,3.5102040816326525,74.17002217422592
-3.836734693877551,3.5102040816326525,54.48818545514402
-3.673469387755102,3.5102040816326525,38.771110746060415
-3.510204081632653,3.5102040816326525,26.626591620421905
-3.346938775510204,3.5102040816326525,17.679474105003795
-3.183673469387755,3.5102040816326525,11.571656679909657
-3.020408163265306,3.5102040816326525,7.962090278571612
-2.857142857142857,3.5102040816326525,6.526778287750069
-2.6938775510204085,3.5102040816326525,6.958776547533884
-2.5306122448979598,3.5102040816326525,8.968193351340293
-2.36734693877551,3.5102040816326525,12.282189445914945
-2.204081632653061,3.5102040816326525,16.644978031331842
-2.0408163265306123,3.5102040816326525,21.817824760993467
-1.877551020408164,3.5102040816326525,27.579047741630603
-1.7142857142857144,3.5102040816326525,33.72401753330251
-1.5510204081632657,3.5102040816326525,40.06515714939679
-1.3877551020408163,3.5102040816326525,46.431942056629495
-1.2244897959183674,3.5102040816326525,52.67090017504505
-1.0612244897959189,3.5102040816326525,58.64561187801623
-0.8979591836734695,3.5102040816326525,64.23670999224429
-0.7346938775510208,3.5102040816326525,69.34187979775882
-0.5714285714285716,3.5102040816326525,73.87585902791784
-0.4081632653061229,3.5102040816326525,77.77043786940777
-0.2448979591836737,3.5102040816326525,80.9744589622434
-0.0816326530612245,3.5102040816326525,83.45381739976798
0.0816326530612245,3.5102040816326525,85.19146072865304
0.2448979591836728,3.5102040816326525,86.18738894889863
0.408163265306122,3.5102040816326525,86.45865451383312
0.5714285714285712,3.5102040816326525,86.03936233011336
0.7346938775510203,3.5102040816326525,84.98066975772448
0.8979591836734686,3.5102040816326525,83.35078660998008
1.0612244897959178,3.5102040816326525,81.23497515352219
1.224489795918367,3.5102040816326525,78.73555010832112
1.387755102040816,3.5102040816326525,75.97187864767577
1.5510204081632653,3.5102040816326525,73.08038039821318
1.7142857142857135,3.5102040816326525,70.21452743988904
1.877551020408163,3.5102040816326525,67.54484430598728
2.040816326530612,3.5102040816326525,65.25890798312028
2.204081632653061,3.5102040816326525,63.56134791122881
2.3673469387755093,3.5102040816326525,62.67384598358203
2.5306122448979584,3.5102040816326525,62.83513654677756
2.693877551020408,3.5102040816326525,64.30100640074124
2.8571428571428568,3.5102040816326525,67.3442947987276
3.020408163265306,3.5102040816326525,72.25489344731926
3.183673469387754,3.5102040816326525,79.33974650642743
3.346938775510204,3.5102040816326525,88.9228505892917
3.5102040816326525,3.5102040816326525,101.34525476248
3.6734693877551017,3.5102040816326525,116.96506054588866
3.836734693877551,3.5102040816326525,136.15742191274245
4.0,3.5102040816326525,159.31454528959446
-4.0,3.6734693877551017,81.45098954846834
-3.836734693877551,3.6734693877551017,61.734337403840975
-3.673469387755102,3.6734693877551017,45.99985498198463
-3.510204081632653,3.6734693877551017,33.855335856346095
-3.346938775510204,3.6734693877551017,24.92562605370072
-3.183673469387755,3.6734693877551017,18.852624054152056
-3.020408163265306,3.6734693877551017,15.295280791132235
-2.857142857142857,3.6734693877551017,13.929599651401643
-2.6938775510204085,3.6734693877551017,14.448636475049158
-2.5306122448979598,3.6734693877551017,16.562499555492007
-2.36734693877551,3.6734693877551017,19.998349639475823
-2.204081632653061,3.6734693877551017,24.50039992707465
-2.0408163265306123,3.6734693877551017,29.82991607169092
-1.877551020408164,3.6734693877551017,35.76521618005545
-1.7142857142857144,3.6734693877551017,42.10167081222748
-1.5510204081632657,3.6734693877551017,48.65170298159464
-1.3877551020408163,3.6734693877551017,55.24478815487295
-1.2244897959183674,3.6734693877551017,61.72745425210685
-1.0612244897959189,3.6734693877551017,67.96328164666912
-0.8979591836734695,3.6734693877551017,73.832903165261
-0.7346938775510208,3.6734693877551017,79.2340040879121
-0.5714285714285716,3.6734693877551017,84.08132214798044
-0.4081632653061229,3.6734693877551017,88.30664753215243
-0.2448979591836737,3.6734693877551017,91.85882288044284
-0.0816326530612245,3.6734693877551017,94.70374328619494
0.0816326530612245,3.6734693877551017,96.82435629608024
0.2448979591836728,3.6734693877551017,98.22066191009884
0.408163265306122,3.6734693877551017,98.9097125815791
0.5714285714285712,3.6734693877551017,98.9256132171778
0.7346938775510203,3.6734693877551017,98.31952117688014
0.8979591836734686,3.6734693877551017,97.1596462739997
1.0612244897959178,3.6734693877551017,95.5312507751785
1.224489795918367,3.6734693877551017,93.53664940038688
1.387755102040816,3.6734693877551017,91.2952093229237
1.5510204081632653,3.6734693877551017,88.94335016941602
1.7142857142857135,3.6734693877551017,86.63454401981956
1.877551020408163,3.6734693877551017,84.53931540741819
2.040816326530612,3.6734693877551017,82.84524131882432
2.204081632653061,3.6734693877551017,81.75695119397872
2.3673469387755093,3.6734693877551017,81.49612692615055
2.5306122448979584,3.6734693877551017,82.30150286193744
2.693877551020408,3.6734693877551017,84.42886580126522
2.8571428571428568,3.6734693877551017,88.15105499738841
3.020408163265306,3.6734693877551017,93.75796215688965
3.183673469387754,3.6734693877551017,101.55653143968009
3.346938775510204,3.6734693877551017,111.87075945899942
3.5102040816326525,3.6734693877551017,125.04169528141554
3.6734693877551017,3.6734693877551017,141.4274404268247
3.836734693877551,3.6734693877551017,161.40314886845172
4.0,3.6734693877551017,185.3610270328498
-4.0,3.836734693877551,91.93024668154204
-3.836734693877551,3.836734693877551,72.1961868241419
-3.673469387755102,3.836734693877551,56.46170440228556
-3.510204081632653,3.836734693877551,44.33459298941974
-3.346938775510204,3.836734693877551,35.439698612319845
-3.183673469387755,3.836734693877551,29.4189197510894
-3.020408163265306,3.836734693877551,25.931207339160537
-2.857142857142857,3.836734693877551,24.65256476329364
-2.6938775510204085,3.836734693877551,25.276047863577592
-2.5306122448979598,3.836734693877551,27.51176493342961
-2.36734693877551,3.836734693877551,31.08687671959535
-2.204081632653061,3.836734693877551,35.745596422148814
-2.0408163265306123,3.836734693877551,41.249189694492486
-1.877551020408164,3.836734693877551,47.375974643357154
-1.7142857142857144,3.836734693877551,53.92132182880205
-1.5510204081632657,3.836734693877551,60.69765426421482
-1.3877551020408163,3.836734693877551,67.53444741631148
-1.2244897959183674,3.836734693877551,74.27822920513647
-1.0612244897959189,3.836734693877551,80.79258000406257
-0.8979591836734695,3.836734693877551,86.95813263979102
-0.7346938775510208,3.836734693877551,92.67257239235144
-0.5714285714285716,3.836734693877551,97.8506369951018
-0.4081632653061229,3.836734693877551,102.4241166347286
-0.2448979591836737,3.836734693877551,106.34185395124652
-0.0816326530612245,3.836734693877551,109.56974403799887
0.0816326530612245,3.836734693877551,112.0907344416572
0.2448979591836728,3.836734693877551,113.90482516222151
0.408163265306122,3.836734693877551,115.02906865302027
0.5714285714285712,3.836734693877551,115.4975698207102
0.7346938775510203,3.836734693877551,115.36148602527648
0.8979591836734686,3.836734693877551,114.68902708003274
1.0612244897959178,3.836734693877551,113.56545525162102
1.224489795918367,3.836734693877551,112.09308526001156
1.387755102040816,3.836734693877551,110.39128427850328
1.5510204081632653,3.836734693877551,108.59647193372328
1.7142857142857135,3.836734693877551,106.86212030562724
1.877551020408163,3.836734693877551,105.35875392749897
2.040816326530612,3.836734693877551,104.27394978595096
2.204081632653061,3.836734693877551,103.812337320924
2.3673469387755093,3.836734693877551,104.19559842568717
2.5306122448979584,3.836734693877551,105.66246744683814
2.693877551020408,3.836734693877551,108.46873118430275
2.8571428571428568,3.836734693877551,112.88722889133554
3.020408163265306,3.836734693877551,119.20785227451908
3.183673469387754,3.836734693877551,127.73754549376464
3.346938775510204,3.836734693877551,138.8003051623117
3.5102040816326525,3.836734693877551,152.73718034672828
3.6734693877551017,3.836734693877551,169.90627256691073
3.836734693877551,3.836734693877551,190.68273579608388
4.0,3.836734693877551,215.45877646080064
-4.0,4.0,106.0
-3.836734693877551,4.0,86.26594014259989
-3.673469387755102,4.0,70.54886543351628
-3.510204081632653,4.0,58.45656944619594
-3.346938775510204,4.0,49.61389820741429
-3.183673469387755,4.0,43.6627501972748
-3.020408163265306,4.0,40.26207634920964
-2.857142857142857,4.0,39.08788004997917
-2.6938775510204085,4.0,39.83321713967229
-2.5306122448979598,4.0,42.20819591170624
-2.36734693877551,4.0,45.93997711282662
-2.204081632653061,4.0,50.772773943107495
-2.0408163265306123,4.0,56.46785205595128
-1.877551020408164,4.0,62.80352955808882
-1.7142857142857144,4.0,69.57517700957932
-1.5510204081632657,4.0,76.59521742381044
-1.3877551020408163,4.0,83.6931262674982
-1.2244897959183674,4.0,90.715431460687
-1.0612244897959189,4.0,97.52571337674968
-0.8979591836734695,4.0,104.00460484238744
-0.7346938775510208,4.0,110.0497911376299
-0.5714285714285716,4.0,115.57600999583508
-0.4081632653061229,4.0,120.51505160368936
-0.2448979591836737,4.0,124.81575860120756
-0.0816326530612245,4.0,128.44402608173291
0.0816326530612245,4.0,131.38280159193698
0.2448979591836728,4.0,133.63208513181985
0.408163265306122,4.0,135.20892915470978
0.5714285714285712,4.0,136.1474385672636
0.7346938775510203,4.0,136.49877072946663
0.8979591836734686,4.0,136.33113545463232
1.0612244897959178,4.0,135.72979500940278
1.224489795918367,4.0,134.79706411374823
1.387755102040816,4.0,133.65230994096763
1.5510204081632653,4.0,132.431952117688
1.7142857142857135,4.0,131.28946272386509
1.877551020408163,4.0,130.39536629278268
2.040816326530612,4.0,129.93723981105327
2.204081632653061,4.0,130.1197127186177
2.3673469387755093,4.0,131.16446690874497
2.5306122448979584,4.0,133.31023672803278
2.693877551020408,4.0,136.81280897640696
2.8571428571428568,4.0,141.94502290712202
3.020408163265306,4.0,148.99677022676062
3.183673469387754,4.0,158.27499509523398
3.346938775510204,4.0,170.10369412578154
3.5102040816326525,4.0,184.8239163849714
3.6734693877551017,4.0,202.7937633926999
3.836734693877551,4.0,224.3883891221917
4.0,4.0,250.0
