x1,x2,y
0.554809676,0.557992709,39.37547404
0.943652852,-0.730895583,13.24237549
0.001482372,0.072136072,1.01532752
-0.712204995,0.02844574,13.01981539
-0.972127425,0.715144288,13.78200556
-0.54068794,-0.074401269,21.04578965
-0.736355564,-0.229821008,20.18680334
0.355317347,0.279126542,28.16885203
-0.756334991,-0.467073365,30.179023
0.012659863,-0.720463178,12.39606563
0.388524871,-0.044245452,18.18257611
0.162233218,-0.166221263,9.790461962
-0.600448697,-0.534860119,38.4812618
0.608249052,-0.26497638,29.15457611
0.430814259,-0.2672151,30.40648901
0.477968008,-0.345008871,35.8731164
-0.737884497,-0.241071841,20.80241505
-0.752492393,0.371486691,27.46091741
0.855125102,-0.406247051,23.07558921
-0.204843612,0.897715853,10.04352657
-0.398102616,0.832696039,23.90610932
-0.022831909,-0.038179143,0.391053151
0.325728426,-0.34327759,30.33557358
0.911246514,0.07086958,3.32553431
-0.427107546,0.697120978,32.8994944
0.849616859,0.305174681,18.35432457
-0.950281017,0.608783656,19.51126712
0.110396085,0.065444552,3.160807781
0.267950223,0.265835259,22.26123979
-0.788205192,-0.423688772,27.29562512
-0.719320806,0.469786325,32.47418465
-0.161771361,-0.595190814,23.38051688
0.932463824,0.389596258,19.59711442
0.192085106,0.721438137,18.78322523
0.866046443,-0.735794325,15.52051878
0.608721831,0.228759481,26.84832494
-0.065236797,-0.809808504,7.818362749
0.569526899,0.451431257,39.12700791
-0.964326432,-0.831013562,6.997415526
-0.781712006,0.871879645,12.46079785
0.65885723,-0.72518414,27.93165514
0.593634177,0.917760492,20.81901011
-0.534718516,0.601768352,38.43542329
0.061539181,0.187364009,6.942435825
0.212031641,0.565248209,27.17274612
0.735477908,0.590229678,30.23602111
0.206214315,0.892054126,10.33496526
-0.174856861,-0.493233292,25.71690054
-0.251631913,0.180151791,15.94914624
-0.148235827,-0.809901605,11.03525177
0.303862051,0.2323314,22.35845881
0.734981264,-0.657417392,27.40921587
-0.092206236,0.129901223,4.807189252
-0.504320874,0.144861028,24.13567146
-0.526675274,-0.068029694,21.04159861
0.49202856,0.045263551,20.6332967
0.633137527,0.52784678,37.22725292
-0.78944384,0.598489433,26.67396655
-0.866882286,-0.015693569,4.098939257
0.188867328,0.199186883,13.18930574
-0.707653512,0.862472471,17.38089284
0.649328381,-0.760532823,26.25066357
-0.379330652,-0.765792868,27.00049525
-0.712256134,-0.824581976,19.02010742
0.841940945,0.31572657,19.36104689
-0.668936555,-0.162783398,20.14016171
-0.430559835,0.548642832,39.08615222
-0.69277321,0.342462827,29.60417652
-0.769019873,-0.332724483,24.47671935
-0.957703967,0.796733095,9.008719172
-0.889209182,0.525064294,23.26927138
-0.650717058,-0.458930118,36.1442883
-0.893236135,-0.271615964,14.39250578
0.182287632,-0.37112004,22.94025935
0.361429054,-0.684776703,31.02706782
-0.212739086,-0.704433255,21.04572931
-0.364017806,0.872254927,20.51197727
0.009052474,-0.124191926,2.924798652
0.750009884,-0.233360354,19.57275469
0.702263254,0.459371417,33.33474748
-0.913049876,0.105986131,4.437067512
-0.637003181,0.872279974,20.73563763
-0.526510258,0.560602988,39.73683437
-0.501224848,-0.041260872,20.58680674
0.142465303,-0.247281053,13.65648833
-0.167475149,0.97326309,6.160122638
-0.90149176,0.435520472,22.04794334
-0.252771723,0.90238932,12.87484725
0.047505897,-0.763042846,10.20808083
-0.796656194,0.701067358,21.26278767
0.666917108,0.274147768,27.01773617
-0.896076267,-0.756156643,13.04517243
0.849683738,0.176516,10.43652646
-0.801773717,0.37219273,24.53065193
0.687149903,-0.975394628,15.38998564
0.805306288,-0.091364076,8.854340424
0.959141361,0.650799022,17.50838027
0.604051761,-0.409281949,36.88933549
0.558955082,-0.082903836,20.9673215
0.284966552,-0.115371746,14.78825429
0.064179242,0.901148593,3.485904507
0.495677221,0.212966593,27.98142559
-0.784942979,-0.662204882,24.11750201
0.574077602,0.800388429,26.79304169
0.052074948,0.488395014,20.7451987
0.12904517,0.499831592,23.37739754
0.58849393,-0.730120953,30.61879922
0.248521167,-0.319283823,24.28782231
-0.253269291,0.72363222,22.44235802
-0.717030895,-0.221453875,20.83589694
0.236761504,0.302799636,22.57388332
0.293777622,-0.537421135,32.81605637
-0.952714158,-0.963855027,2.531580876
-0.828901621,0.346864498,21.76778535
-0.98114295,0.272099346,12.490873
0.206597868,0.330176162,22.28557075
-0.751381443,0.77148509,19.72711419
0.590027586,0.811615492,25.67377202
0.526551439,0.574842338,39.38342351
-0.446208893,0.296372169,32.59380332
-0.639517867,-0.661061161,32.54539091
0.434839387,0.146204719,23.31490986
0.133072774,0.75503927,13.56775544
0.238668181,-0.358490989,25.77497958
0.19689553,0.421962617,25.76354369
0.597066181,0.768107735,28.00832805
0.848032096,-0.962823846,6.140385818
0.903402095,0.956073176,3.894723534
-0.525100018,0.929551434,21.97945993
0.318236657,-0.944275377,15.756927
-0.579914995,-0.122810362,21.9493438
-0.701210503,-0.384022133,31.11725237
0.404352094,-0.458999203,38.29203835
0.154866054,0.090368159,5.973495448
-0.320539437,0.727496833,26.32964294
-0.815332383,-0.571188197,26.01661744
0.089992178,-0.809866353,8.54700291
-0.65021829,0.268071058,27.49439671
0.872963544,0.618562063,21.51590582
0.347699785,0.94635452,17.33950454
-0.792635272,0.408699854,26.54760454
-0.136151217,-0.359540564,19.94108912
0.600944861,0.15306561,22.71875551
-0.899468361,0.281415625,14.77885628
0.986292106,-0.844013038,6.152761866
-0.402007419,0.616336425,36.15045881
-0.139190647,0.424735174,22.68893242
-0.569144753,0.38952287,37.23266211
-0.192379258,-0.939927892,8.082534043
-0.261534524,0.809431234,17.79968545
0.783066947,0.935704151,10.23096646
-0.473185034,-0.615630396,37.93616506
-0.122136847,-0.614458896,20.71890482
-0.254162771,0.084128463,11.69803476
-0.652574532,-0.480257789,36.32588562
0.962685321,0.215610706,9.102871357
0.979585852,0.084682651,2.43135429
-0.426463139,0.925667977,21.06111549
-0.003700951,0.601066343,18.41460487
0.206247792,0.10424332,9.408266285
-0.452045451,-0.136065529,23.20960074
0.424532028,-0.042032757,19.42539268
0.520099598,-0.381397383,37.68583618
0.194971615,0.099701224,8.557707084
0.425780737,-0.539405094,39.09953533
-0.318451969,-0.316747642,28.44333888
-0.738257218,0.710875146,24.2211207
0.321866022,0.346393374,30.28019788
0.27872358,-0.40864755,30.43709617
0.279701014,0.745297752,22.7844661
0.979706433,-0.382200063,18.57069778
0.493736088,-0.814995247,26.92904374
0.937759022,0.025034322,1.758461688
0.405865623,0.560484285,38.06664415
0.562209391,0.889885328,22.65320507
-0.921919035,-0.942671857,3.559796658
-0.524926601,-0.156342765,24.62673973
-0.32295334,-0.547424701,34.3882463
0.230684449,0.425648266,27.95222005
0.594030875,-0.927907305,20.52725805
0.218954248,0.495169583,28.35021358
0.217641427,0.918349672,10.15892124
0.665544492,-0.22510269,23.99658634
-0.992077813,0.30734034,14.61642497
0.5795658,-0.126583506,22.12773141
-0.828382793,0.642474481,22.62442312
0.344830935,0.249785646,25.77987777
0.947475365,-0.60341425,19.76369051
0.462301183,0.039589774,20.24385566
0.475254041,-0.215631443,28.00903503
-0.769333836,-0.098556162,11.24663303
0.255970378,0.936154293,12.11083929
-0.579649665,0.846263281,24.13950031
-0.58716951,-0.554196971,38.61491454
0.570480831,0.643672164,35.96990743
0.253952236,0.128425652,13.41204173
0.394893722,0.021964116,18.14895439
0.318608231,-0.560986656,33.86948858
-0.314543469,-0.549015127,33.87499763
-0.527412278,-0.200167422,27.09010644
0.23758129,0.930789058,11.07404566
0.461805013,-0.603327133,38.25621479
-0.89354527,-0.674851992,17.95683835
-0.294387495,0.315891696,26.96222058
0.342870585,-0.394128112,33.6504271
0.052637833,0.384501788,18.1729401
0.837499647,0.475937455,25.58888173
0.775674268,0.45779342,28.85549358
0.575545523,0.581955177,38.26760123
0.729135621,-0.313382625,25.81505402
-0.927624803,0.524828711,22.03077141
-0.727677208,-0.547557845,31.78418278
0.77512199,0.505773239,29.27812759
0.800805453,-0.239110632,16.87653645
0.708998574,0.613313285,30.99739968
-0.839770978,0.411820503,24.03271524
-0.502424375,0.934957672,21.94892623
0.034848559,0.172128427,5.569685388
0.990209234,0.507065083,21.2466939
-0.602332988,-0.947399521,19.80470696
0.762415785,-0.124951382,12.74434735
-0.413966358,-0.023003188,18.85034391
-0.921863664,0.043049909,2.396409706
-0.680702801,-0.420096147,33.62360849
-0.198030846,0.885519406,10.09310758
-0.285695874,-0.243436921,21.95271159
0.378545682,-0.328193446,32.19559808
0.823096305,-0.684923181,20.68950834
0.019693192,0.014237666,0.11703276
-0.430859447,0.35310324,35.41592187
-0.137929979,0.498723381,23.79351462
-0.807578074,0.756303333,17.28889364
0.602061531,-0.221286814,26.63047164
-0.962148303,0.480540508,21.36347794
0.713335623,0.12175851,15.59343451
-0.085191166,0.345130861,17.15270536
0.697111806,-0.820987798,20.10835747
0.920608696,0.26458221,13.05104244
-0.655079784,-0.170653377,21.29341771
-0.610293078,-0.531131177,38.15724598
-0.719363671,-0.933463601,14.16312934
0.45702735,-0.37346257,36.98847633
-0.443638097,0.824995194,25.71727333
-0.497928856,-0.935290118,21.93708355
-0.018932775,0.620414512,17.72777726
0.691678245,0.000520477,14.06147288
-0.385634222,-0.66402341,33.26017872
-0.748191094,0.192397053,17.16966252
-0.874030219,0.059146328,4.422200162
0.936681207,0.65059968,17.92899404
0.443249639,-0.281491241,31.61246049
-0.843995269,-0.556611835,24.82765572
-0.80032988,0.038369507,7.821323915
0.972562688,0.541502762,21.0492523
-0.337516103,-0.723989876,27.49092607
-0.26469637,0.642496818,27.65753739
-0.169110888,-0.927580649,7.040084628
-0.135583401,-0.63648238,20.38088154
-0.099306555,-0.556037726,21.58985798
0.775423157,0.648399225,25.39002768
-0.139585472,-0.925524598,5.556812145
0.374706023,0.932038641,18.96502985
0.849614494,0.677684304,19.71185102
0.999735223,0.727167299,12.95796156
-0.33559205,0.016119016,15.28652306
-0.695707757,-0.791287711,21.89046675
-0.033859757,-0.406568642,18.71770139
0.892625239,0.025086672,3.112157428
0.137906885,-0.775117175,12.57318978
-0.800304031,0.853678676,12.19766124
-0.519960595,-0.468436887,40.21524488
-0.020455357,0.727797984,12.00306156
0.812681564,-0.834028496,12.48090469
-0.904356997,-0.770884692,11.85563406
-0.21103001,-0.106933167,9.805282713
0.132635802,-0.983022449,4.316955558
0.137389787,-0.957464673,4.790881665
0.988446445,-0.695262931,14.85858499
-0.955651032,0.687776759,15.58279993
0.477372795,-0.2028661,27.24973706
-0.407312608,0.506081519,38.76632596
0.00536277,-0.732805026,11.62099978
0.032171918,-0.34212406,15.7921666
-0.721808168,0.281264252,24.31399456
0.317298578,-0.641864436,30.89981624
-0.381405924,-0.104733392,19.59450518
0.785773044,0.659872598,24.18908757
-0.476269907,-0.963296335,21.3085658
0.739821405,-0.049569489,11.67000777
-0.738879217,-0.191991869,17.71637824
-0.039412399,-0.64973714,16.61997065
-0.799574068,0.632711889,24.69520858
0.416812234,0.234221029,27.90361685
-0.494967787,0.520703301,40.42663858
-0.924694866,-0.874047952,5.689032326
-0.972035388,0.095430969,2.852372569
-0.097691859,0.915888348,4.038136556
0.033104868,-0.307239304,13.83046252
0.357628763,0.182881974,22.32682472
0.066627869,0.456785421,20.71027592
0.804254123,0.889381118,10.41428785
0.918311879,0.334282454,17.29512142
-0.802293887,-0.283403978,19.58053253
-0.213837955,-0.940972914,9.358433547
0.109081946,0.803387177,9.62369605
-0.073344903,0.40724493,19.56369753
-0.282234357,-0.450705399,31.81848551
0.085405237,-0.538860324,21.40662452
0.381544496,-0.233624604,26.52884745
-0.155747874,0.668782019,19.7740767
-0.002868757,0.652989833,16.15287343
0.189431173,-0.715304501,18.99584901
0.416883065,-0.937820748,20.47385479
-0.290626263,-0.354111336,28.81970683
0.961751098,0.378604037,18.58506372
-0.352123233,-0.757276098,26.2257009
-0.000408378,-0.771225623,9.265126723
-0.403018951,-0.195416141,25.03804785
0.189832003,-0.026988697,6.489140947
-0.957034079,0.984899037,2.293111628
-0.798114525,-0.584047113,26.63855471
0.371914804,-0.773342426,26.20765991
0.638405925,0.735499166,28.3094679
-0.999788839,0.117981401,3.637585814
-0.757081706,0.153589965,14.45806517
0.559933412,0.253639904,29.90584483
0.218269446,-0.573289879,27.35412588
0.568973848,0.879058522,22.92294479
-0.926765355,0.105042802,4.010153531
0.655969353,-0.421214163,34.97763615
0.585601549,-0.302666078,32.27169961
0.191198843,0.900475298,9.128619502
0.615470296,0.563592782,37.39027915
-0.377500141,-0.224677685,25.78991181
-0.252774143,-0.363598612,26.91720898
-0.935942342,0.403970695,20.0725617
-0.849937365,-0.578024782,24.00401721
-0.105756602,-0.522342074,22.3133314
-0.102233406,-0.451470381,21.74609237
0.269763711,-0.547194715,31.17434882
-0.601390463,-0.513763598,38.6267633
-0.915445978,-0.317321784,16.42201927
-0.136882212,-0.730967587,15.22209603
0.00447709,-0.343014282,15.63884231
-0.047114397,0.246878418,10.30202037
0.045038481,0.135543875,3.830691778
0.921721728,0.462087176,21.96603794
0.490938304,-0.171193773,25.50245067
0.559502148,0.946969228,21.06902947
0.183127836,0.58476923,24.91112453
-0.906274615,0.353238761,18.67181301
-0.767211212,0.139949508,13.1522091
-0.81716982,0.859199405,10.97436281
0.962651806,0.001281131,1.201102675
0.881464998,-0.542561152,23.36352461
0.59454303,0.457657143,38.49801665
-0.37313734,0.222878547,25.48088044
-0.061681275,-0.886184664,3.980641869
0.085796026,-0.898712026,4.190853066
-0.05309372,0.969819268,1.673925827
-0.169620367,0.668436217,20.5405571
0.985824965,0.464560944,20.98041647
-0.193374256,-0.755642922,16.77059848
-0.753269112,0.406024474,28.83369551
-0.785635018,-0.968696226,9.528048247
-0.693605339,0.310390292,27.75116225
-0.161155505,0.71863446,17.20360241
0.405143904,0.124645874,21.36877905
-0.929094924,-0.66152774,17.55389971
0.69398218,-0.649639287,30.24729592
0.456330676,-0.392433618,37.78986447
0.972220473,0.36641653,17.91103341
0.304345704,-0.291936061,26.13105997
0.099883324,-0.147127592,5.914248721
0.491001426,0.90005267,22.94308307
-0.007448503,0.855453546,4.591242838
0.205033133,-0.211701808,14.91575414
-0.239487472,-0.615656307,27.25012201
0.394424393,-0.58105863,37.10336057
0.740136521,-0.01011943,11.18745519
-0.782566981,0.96872118,9.711338556
0.322960526,-0.695943527,28.34554041
-0.810848062,-0.840149574,12.26638881
0.744333702,0.122548365,13.74585171
-0.269705835,-0.656088515,27.30232232
0.628390096,-0.150975023,21.50834458
0.809882573,-0.044984174,7.380334633
0.08981249,0.548569728,21.39735981
0.100805534,-0.522414826,22.12375145
0.396715769,0.766324993,27.68786963
0.487633518,0.535781762,40.24301141
-0.412165435,-0.479432897,38.83175359
0.503962504,0.706503418,33.44910226
-0.035892002,-0.855851205,4.815738852
-0.00330843,0.421963419,19.00205474
-0.167100822,0.001942518,5.052313983
-0.223545151,-0.490926475,28.62017111
0.311060452,-0.44588156,33.46610945
-0.068143613,0.128413154,4.006005558
0.673677718,-0.550222525,34.87659537
-0.675205391,-0.507589469,35.23058447
-0.644721027,-0.02672546,16.69994708
0.852026721,0.964176019,5.92744632
0.072361692,-0.533870447,21.08056212
0.366458885,-0.159573339,21.46047078
0.496934647,0.206720891,27.60190634
0.971473309,0.007162575,1.114139275
-0.157808296,-0.899342995,7.293856847
-0.76762195,0.710630444,22.4377922
0.848919373,-0.052404066,5.437818939
0.930053286,0.595077183,20.43749931
0.297108824,-0.575271166,32.23843051
0.44405098,-0.795293064,27.41052544
-0.467782726,0.997123827,21.01052447
0.222838787,-0.596514731,26.92410605
0.119152249,0.567201583,22.13160197
-0.748635938,0.992717898,11.64211577
-0.082448323,-0.856549897,5.846825716
0.127956852,-0.35730925,19.44862574
0.850186715,0.890877015,7.888999521
-0.095144214,-0.445558988,21.36251293
-0.790918235,0.65833537,23.96250117
0.141768111,0.260562403,14.46291016
0.225541099,0.482500352,28.69253135
0.955092048,0.119318291,4.002948309
-0.397149345,-0.247672148,28.05640957
0.107819842,-0.026246924,2.356266433
-0.772937207,0.801157477,16.64382728
-0.013843614,0.614377886,17.94236039
0.770297808,-0.830213172,15.18144858
-0.703810436,-0.1010687,15.31665225
-0.140242919,-0.744022675,14.58624387
-0.875130414,-0.093583345,5.377242434
-0.412058168,0.046936878,19.11558465
0.165063339,0.829538125,10.83630552
-0.385995932,-0.016368137,17.74444465
0.978471724,-0.347640166,16.92686152
-0.68176695,-0.228330497,23.31668674
0.192646554,-0.793974931,14.41337172
0.664499676,-0.246170567,25.37902009
0.859894032,0.047382905,4.812463691
-0.067425967,0.839149716,6.279688942
-0.880169595,-0.105482557,5.605917885
-0.790372185,-0.133071446,11.42932842
0.946648657,-0.961616922,2.666862514
0.314268567,-0.239961895,23.45531138
0.597160092,0.582431355,37.57803669
-0.639489461,0.75256791,27.21288934
0.518529502,-0.870008914,24.11221246
0.46077576,-0.5377846,39.91887405
-0.789496132,-0.628622792,25.47054209
0.060501038,0.071906615,1.726085366
0.002009916,-0.678483812,14.80493838
0.301013954,-0.396759641,31.36755463
0.080824093,-0.627022033,18.64234755
-0.094760747,-0.665051088,17.25967746
0.469529942,0.008424049,20.05182935
-0.279087157,0.66093535,27.64072287
-0.140970347,0.664512463,19.25106216
-0.350194556,-0.520809803,36.19625838
0.059297358,0.560725349,20.28489388
-0.701703069,-0.061328815,14.21766799
-0.498181476,0.014800264,20.29095821
-0.440354167,0.252500042,29.72067754
-0.650623765,-0.146115183,20.21720598
0.844324578,0.547631001,24.98260673
0.376117349,0.111733842,19.63924908
0.492236152,-0.459120728,40.11313703
0.255922152,0.458821605,30.31518042
0.241623141,-0.615089785,27.40800542
0.347775031,-0.211750468,23.54974705
0.155814228,0.452979563,24.21776789
0.570839663,0.435636592,38.73467679
0.319493225,-0.762735,24.11349079
0.977282467,-0.497541464,21.30313394
-0.258302661,-0.174323624,16.04081413
-0.337620483,-0.899940619,18.06734315
-0.471238999,0.859613527,24.44265278
0.206880258,-0.932198666,9.129298898
-0.711706038,-0.444690929,32.48941949
0.587921211,-0.007947778,18.87072424
0.910765599,-0.784063731,10.85130878
-0.909805973,0.214982522,10.25471957
0.169378479,-0.852827455,9.883640179
0.354432062,0.875697211,19.89132676
-0.913980236,0.008934138,2.276563494
-0.800951435,-0.751291184,17.97786611
-0.94908426,-0.894944745,4.30963754
-0.304016811,0.260856937,24.17129658
0.540149785,-0.187194386,26.16572247
0.368739122,-0.129088626,20.05303618
-0.081070834,0.188014205,7.514501451
-0.632157761,0.454608768,36.94835653
-0.290784269,-0.83109066,18.43238973
-0.163509401,0.154592993,9.237863692
-0.272123027,-0.259718882,22.1373395
0.422773322,0.594897846,37.65273168
-0.978761774,0.352419238,17.17122156
-0.802565679,-0.668010144,22.77398983
-0.885172127,-0.183659538,9.260368215
0.129275599,-0.061135278,3.87060073
0.608661907,0.817795849,24.66563187
-0.593782692,0.123439941,21.54133143
0.554579945,-0.464115322,39.68756833
-0.349530383,-0.673754789,31.03954909
-0.687606559,0.232997253,23.28145517
-0.267954285,-0.813349777,17.98293886
0.491470009,0.565697479,39.70725106
-0.057343485,0.198938372,7.53141282
-0.036928913,-0.428517769,19.46120334
0.992214549,-0.645773103,17.50409102
0.341842329,-0.469704329,35.6124964
-0.338110721,0.356926857,31.72366237
0.946093506,-0.886595826,4.682244597
-0.748953515,0.917611621,12.7789067
0.608530374,-0.187435864,24.33854679
-0.825755634,-0.930589084,7.901743679
-0.696082425,0.911136767,16.15667721
0.744889571,-0.976784733,11.93620713
0.042282407,0.54328718,20.28018109
0.997826938,-0.639065247,17.82437878
-0.538655828,0.836463778,25.52694941
0.809904538,0.858317364,11.42456197
0.549365466,-0.082723987,21.1521217
-0.561015568,-0.968991435,20.71696757
0.92755265,-0.570574861,21.23701153
0.392281518,-0.554772753,37.67100596
0.04968637,-0.715920517,13.12332613
-0.509256329,-0.643126587,36.87769902
-0.576280564,0.973561494,20.29082933
-0.687368601,-0.925773898,16.23195818
0.255961138,0.010004469,10.45982831
-0.123683621,-0.944822612,4.373650544
0.448007428,0.227382666,28.30723567
0.862059961,0.605677409,22.51195241
-0.300930126,0.134433349,16.61454589
0.458136183,0.057527153,20.51540579
-0.776810619,0.403733013,27.31562844
-0.010068259,0.968058032,1.157962589
0.82032788,0.14636988,10.35710343
0.128715778,-0.697614692,16.83152146
0.708645472,-0.030159455,13.25133929
0.280876226,0.637818954,28.89279723
-0.55702562,-0.721016239,32.0061306
0.724642316,0.448119657,31.78584895
0.786936664,-0.237942434,17.61898962
-0.92803824,-0.430798928,21.12126995
-0.070251833,-0.561604549,20.53899282
0.077549491,-0.924944247,3.116860664
-0.428910088,0.171702546,24.50882557
-0.871874527,0.303615276,17.2268861
-0.136871692,-0.022364869,3.593355812
0.464337189,-0.469268641,39.99997855
0.405372204,0.287452912,30.86246062
0.086412946,-0.722953213,13.65947046
0.378412433,-0.186744673,23.52847383
0.187179846,-0.178160427,11.85927671
0.181774734,-0.369580656,22.83923905
-0.15936044,-0.252885331,14.87847379
0.016554802,0.350216193,16.06581086
-0.328479268,0.357213715,31.20746513
-0.319129351,0.286233922,26.64903332
0.540496975,-0.54669818,39.84165722
-0.554232546,-0.399202265,37.9521753
-0.159071826,0.210673368,12.21637329
0.72855561,0.757214662,21.99432956
0.292915906,0.119831556,15.46715956
0.574296999,0.237109638,28.5070293
-0.950026021,0.010838316,1.414775154
0.00225169,-0.611417551,18.02289116
-0.590899896,0.307496577,32.3911117
0.719152839,0.492449854,32.67450972
0.64310423,0.187085651,22.82046282
0.799133089,-0.091375932,9.21200173
0.759541264,-0.401219419,28.27371084
0.825898883,-0.679178235,20.85769191
-0.074930213,-0.072157695,2.109049163
-0.719485075,0.254092105,22.74489171
-0.632216863,0.754382075,27.43676394
0.474655067,0.341031534,35.62794841
0.305312479,-0.594234079,32.14993514
-0.587779838,0.172055827,24.18834567
0.101190445,-0.707904273,15.07961007
0.726890993,-0.738904106,23.21784597
0.718150839,0.75369541,22.83944114
-0.530877834,-0.727326245,32.04304262
-0.545410259,-0.34440008,35.60141498
0.178682336,-0.165604963,10.6691346
0.556732006,0.543185871,39.61050267
-0.896400938,0.275486675,14.51877352
-0.160652236,-0.988790335,5.704687335
0.255590099,0.752043924,20.85364041
-0.921086501,0.3283798,16.88856397
-0.684032057,0.379517479,31.90805306
0.703393806,0.225026377,21.86937229
0.254184135,0.643094475,26.9642792
0.508958326,-0.876186791,23.88730654
-0.271242437,-0.541038181,31.36644062
-0.07842106,0.587551012,20.06566409
0.957939592,-0.779739257,10.01509807
-1.0,-1.0,2.0
-0.9591836734693876,-1.0,2.2470846890599354
-0.9183673469387756,-1.0,3.130211542689471
-0.8775510204081632,-1.0,4.586602292442137
-0.8367346938775511,-1.0,6.516199264833107
-0.7959183673469388,-1.0,8.788210181169898
-0.7551020408163265,-1.0,11.249663316328434
-0.7142857142857143,-1.0,13.735413421195798
-0.6734693877551021,-1.0,16.078943918651586
-0.6326530612244898,-1.0,18.12325879848989
-0.5918367346938775,-1.0,19.73115176945152
-0.5510204081632654,-1.0,20.794180960319096
-0.5102040816326531,-1.0,21.239762132417983
-0.4693877551020409,-1.0,21.035916434550387
-0.4285714285714286,-1.0,20.193362148411943
-0.3877551020408164,-1.0,18.764813602850037
-0.3469387755102041,-1.0,16.841533115174215
-0.3061224489795918,-1.0,14.547361497982337
-0.2653061224489796,-1.0,12.030617597685731
-0.2244897959183673,-1.0,9.45439671813768
-0.1836734693877552,-1.0,6.985902512133002
-0.1428571428571429,-1.0,4.785510144677973
-0.1020408163265307,-1.0,2.996276109517023
-0.0612244897959184,-1.0,1.734580864690555
-0.0204081632653061,-1.0,1.082516354895402
0.0204081632653061,-1.0,1.082516354895402
0.0612244897959182,-1.0,1.7345808646905496
0.1020408163265305,-1.0,2.996276109517014
0.1428571428571428,-1.0,4.785510144677968
0.183673469387755,-1.0,6.985902512132995
0.2244897959183671,-1.0,9.454396718137666
0.2653061224489794,-1.0,12.03061759768572
0.3061224489795917,-1.0,14.547361497982331
0.346938775510204,-1.0,16.841533115174215
0.3877551020408163,-1.0,18.764813602850023
0.4285714285714284,-1.0,20.19336214841194
0.4693877551020406,-1.0,21.035916434550387
0.510204081632653,-1.0,21.239762132417983
0.5510204081632653,-1.0,20.7941809603191
0.5918367346938773,-1.0,19.731151769451525
0.6326530612244896,-1.0,18.123258798489893
0.6734693877551019,-1.0,16.078943918651593
0.7142857142857142,-1.0,13.735413421195808
0.7551020408163265,-1.0,11.249663316328434
0.7959183673469385,-1.0,8.788210181169905
0.8367346938775508,-1.0,6.516199264833123
0.8775510204081631,-1.0,4.586602292442137
0.9183673469387754,-1.0,3.1302115426894748
0.9591836734693876,-1.0,2.2470846890599354
1.0,-1.0,2.0
-1.0,-0.9591836734693876,2.2470846890599354
-0.9591836734693876,-0.9591836734693876,2.494169378119871
-0.9183673469387756,-0.9591836734693876,3.377296231749406
-0.8775510204081632,-0.9591836734693876,4.833686981502073
-0.8367346938775511,-0.9591836734693876,6.763283953893042
-0.7959183673469388,-0.9591836734693876,9.035294870229832
-0.7551020408163265,-0.9591836734693876,11.496748005388367
-0.7142857142857143,-0.9591836734693876,13.982498110255731
-0.6734693877551021,-0.9591836734693876,16.32602860771152
-0.6326530612244898,-0.9591836734693876,18.37034348754982
-0.5918367346938775,-0.9591836734693876,19.978236458511454
-0.5510204081632654,-0.9591836734693876,21.04126564937903
-0.5102040816326531,-0.9591836734693876,21.48684682147792
-0.4693877551020409,-0.9591836734693876,21.28300112361032
-0.4285714285714286,-0.9591836734693876,20.44044683747188
-0.3877551020408164,-0.9591836734693876,19.01189829190997
-0.3469387755102041,-0.9591836734693876,17.08861780423415
-0.3061224489795918,-0.9591836734693876,14.794446187042272
-0.2653061224489796,-0.9591836734693876,12.277702286745669
-0.2244897959183673,-0.9591836734693876,9.701481407197615
-0.1836734693877552,-0.9591836734693876,7.2329872011929375
-0.1428571428571429,-0.9591836734693876,5.0325948337379085
-0.1020408163265307,-0.9591836734693876,3.2433607985769584
-0.0612244897959184,-0.9591836734693876,1.9816655537504904
-0.0204081632653061,-0.9591836734693876,1.3296010439553374
0.0204081632653061,-0.9591836734693876,1.3296010439553374
0.0612244897959182,-0.9591836734693876,1.981665553750485
0.1020408163265305,-0.9591836734693876,3.243360798576949
0.1428571428571428,-0.9591836734693876,5.032594833737903
0.183673469387755,-0.9591836734693876,7.23298720119293
0.2244897959183671,-0.9591836734693876,9.7014814071976
0.2653061224489794,-0.9591836734693876,12.277702286745654
0.3061224489795917,-0.9591836734693876,14.794446187042269
0.346938775510204,-0.9591836734693876,17.08861780423415
0.3877551020408163,-0.9591836734693876,19.01189829190996
0.4285714285714284,-0.9591836734693876,20.440446837471875
0.4693877551020406,-0.9591836734693876,21.28300112361032
0.510204081632653,-0.9591836734693876,21.48684682147792
0.5510204081632653,-0.9591836734693876,21.041265649379035
0.5918367346938773,-0.9591836734693876,19.97823645851146
0.6326530612244896,-0.9591836734693876,18.370343487549828
0.6734693877551019,-0.9591836734693876,16.326028607711528
0.7142857142857142,-0.9591836734693876,13.982498110255744
0.7551020408163265,-0.9591836734693876,11.496748005388367
0.7959183673469385,-0.9591836734693876,9.03529487022984
0.8367346938775508,-0.9591836734693876,6.763283953893058
0.8775510204081631,-0.9591836734693876,4.833686981502073
0.9183673469387754,-0.9591836734693876,3.37729623174941
0.9591836734693876,-0.9591836734693876,2.494169378119871
1.0,-0.9591836734693876,2.2470846890599354
-1.0,-0.9183673469387756,3.130211542689471
-0.9591836734693876,-0.9183673469387756,3.377296231749406
-0.9183673469387756,-0.9183673469387756,4.260423085378942
-0.8775510204081632,-0.9183673469387756,5.7168138351316085
-0.8367346938775511,-0.9183673469387756,7.646410807522578
-0.7959183673469388,-0.9183673469387756,9.91842172385937
-0.7551020408163265,-0.9183673469387756,12.379874859017905
-0.7142857142857143,-0.9183673469387756,14.865624963885269
-0.6734693877551021,-0.9183673469387756,17.209155461341055
-0.6326530612244898,-0.9183673469387756,19.25347034117936
-0.5918367346938775,-0.9183673469387756,20.861363312140988
-0.5510204081632654,-0.9183673469387756,21.92439250300857
-0.5102040816326531,-0.9183673469387756,22.36997367510745
-0.4693877551020409,-0.9183673469387756,22.16612797723986
-0.4285714285714286,-0.9183673469387756,21.323573691101416
-0.3877551020408164,-0.9183673469387756,19.895025145539503
-0.3469387755102041,-0.9183673469387756,17.971744657863688
-0.3061224489795918,-0.9183673469387756,15.677573040671808
-0.2653061224489796,-0.9183673469387756,13.160829140375204
-0.2244897959183673,-0.9183673469387756,10.584608260827151
-0.1836734693877552,-0.9183673469387756,8.116114054822473
-0.1428571428571429,-0.9183673469387756,5.915721687367444
-0.1020408163265307,-0.9183673469387756,4.126487652206494
-0.0612244897959184,-0.9183673469387756,2.864792407380026
-0.0204081632653061,-0.9183673469387756,2.212727897584873
0.0204081632653061,-0.9183673469387756,2.212727897584873
0.0612244897959182,-0.9183673469387756,2.864792407380021
0.1020408163265305,-0.9183673469387756,4.126487652206485
0.1428571428571428,-0.9183673469387756,5.915721687367439
0.183673469387755,-0.9183673469387756,8.116114054822466
0.2244897959183671,-0.9183673469387756,10.584608260827135
0.2653061224489794,-0.9183673469387756,13.16082914037519
0.3061224489795917,-0.9183673469387756,15.677573040671804
0.346938775510204,-0.9183673469387756,17.971744657863688
0.3877551020408163,-0.9183673469387756,19.8950251455395
0.4285714285714284,-0.9183673469387756,21.32357369110141
0.4693877551020406,-0.9183673469387756,22.16612797723986
0.510204081632653,-0.9183673469387756,22.36997367510745
0.5510204081632653,-0.9183673469387756,21.92439250300857
0.5918367346938773,-0.9183673469387756,20.861363312140995
0.6326530612244896,-0.9183673469387756,19.25347034117937
0.6734693877551019,-0.9183673469387756,17.209155461341062
0.7142857142857142,-0.9183673469387756,14.86562496388528
0.7551020408163265,-0.9183673469387756,12.379874859017905
0.7959183673469385,-0.9183673469387756,9.918421723859376
0.8367346938775508,-0.9183673469387756,7.646410807522594
0.8775510204081631,-0.9183673469387756,5.7168138351316085
0.9183673469387754,-0.9183673469387756,4.260423085378946
0.9591836734693876,-0.9183673469387756,3.377296231749406
1.0,-0.9183673469387756,3.130211542689471
-1.0,-0.8775510204081632,4.586602292442138
-0.9591836734693876,-0.8775510204081632,4.8336869815020735
-0.9183673469387756,-0.8775510204081632,5.716813835131609
-0.8775510204081632,-0.8775510204081632,7.173204584884275
-0.8367346938775511,-0.8775510204081632,9.102801557275246
-0.7959183673469388,-0.8775510204081632,11.374812473612035
-0.7551020408163265,-0.8775510204081632,13.83626560877057
-0.7142857142857143,-0.8775510204081632,16.322015713637935
-0.6734693877551021,-0.8775510204081632,18.665546211093723
-0.6326530612244898,-0.8775510204081632,20.709861090932023
-0.5918367346938775,-0.8775510204081632,22.317754061893652
-0.5510204081632654,-0.8775510204081632,23.380783252761237
-0.5102040816326531,-0.8775510204081632,23.82636442486012
-0.4693877551020409,-0.8775510204081632,23.622518726992524
-0.4285714285714286,-0.8775510204081632,22.779964440854084
-0.3877551020408164,-0.8775510204081632,21.35141589529217
-0.3469387755102041,-0.8775510204081632,19.428135407616352
-0.3061224489795918,-0.8775510204081632,17.133963790424474
-0.2653061224489796,-0.8775510204081632,14.61721989012787
-0.2244897959183673,-0.8775510204081632,12.040999010579815
-0.1836734693877552,-0.8775510204081632,9.57250480457514
-0.1428571428571429,-0.8775510204081632,7.372112437120111
-0.1020408163265307,-0.8775510204081632,5.582878401959161
-0.0612244897959184,-0.8775510204081632,4.321183157132693
-0.0204081632653061,-0.8775510204081632,3.66911864733754
0.0204081632653061,-0.8775510204081632,3.66911864733754
0.0612244897959182,-0.8775510204081632,4.321183157132688
0.1020408163265305,-0.8775510204081632,5.582878401959152
0.1428571428571428,-0.8775510204081632,7.372112437120106
0.183673469387755,-0.8775510204081632,9.572504804575132
0.2244897959183671,-0.8775510204081632,12.040999010579805
0.2653061224489794,-0.8775510204081632,14.617219890127856
0.3061224489795917,-0.8775510204081632,17.13396379042447
0.346938775510204,-0.8775510204081632,19.428135407616352
0.3877551020408163,-0.8775510204081632,21.351415895292163
0.4285714285714284,-0.8775510204081632,22.77996444085408
0.4693877551020406,-0.8775510204081632,23.622518726992524
0.510204081632653,-0.8775510204081632,23.82636442486012
0.5510204081632653,-0.8775510204081632,23.38078325276124
0.5918367346938773,-0.8775510204081632,22.317754061893663
0.6326530612244896,-0.8775510204081632,20.70986109093203
0.6734693877551019,-0.8775510204081632,18.66554621109373
0.7142857142857142,-0.8775510204081632,16.322015713637946
0.7551020408163265,-0.8775510204081632,13.83626560877057
0.7959183673469385,-0.8775510204081632,11.374812473612042
0.8367346938775508,-0.8775510204081632,9.10280155727526
0.8775510204081631,-0.8775510204081632,7.173204584884275
0.9183673469387754,-0.8775510204081632,5.716813835131613
0.9591836734693876,-0.8775510204081632,4.8336869815020735
1.0,-0.8775510204081632,4.586602292442138
-1.0,-0.8367346938775511,6.516199264833107
-0.9591836734693876,-0.8367346938775511,6.763283953893042
-0.9183673469387756,-0.8367346938775511,7.646410807522578
-0.8775510204081632,-0.8367346938775511,9.102801557275244
-0.8367346938775511,-0.8367346938775511,11.032398529666214
-0.7959183673469388,-0.8367346938775511,13.304409446003003
-0.7551020408163265,-0.8367346938775511,15.76586258116154
-0.7142857142857143,-0.8367346938775511,18.251612686028903
-0.6734693877551021,-0.8367346938775511,20.59514318348469
-0.6326530612244898,-0.8367346938775511,22.63945806332299
-0.5918367346938775,-0.8367346938775511,24.247351034284627
-0.5510204081632654,-0.8367346938775511,25.3103802251522
-0.5102040816326531,-0.8367346938775511,25.75596139725109
-0.4693877551020409,-0.8367346938775511,25.55211569938349
-0.4285714285714286,-0.8367346938775511,24.70956141324505
-0.3877551020408164,-0.8367346938775511,23.28101286768314
-0.3469387755102041,-0.8367346938775511,21.35773238000732
-0.3061224489795918,-0.8367346938775511,19.06356076281544
-0.2653061224489796,-0.8367346938775511,16.54681686251884
-0.2244897959183673,-0.8367346938775511,13.970595982970789
-0.1836734693877552,-0.8367346938775511,11.502101776966107
-0.1428571428571429,-0.8367346938775511,9.30170940951108
-0.1020408163265307,-0.8367346938775511,7.51247537435013
-0.0612244897959184,-0.8367346938775511,6.250780129523662
-0.0204081632653061,-0.8367346938775511,5.598715619728509
0.0204081632653061,-0.8367346938775511,5.598715619728509
0.0612244897959182,-0.8367346938775511,6.2507801295236565
0.1020408163265305,-0.8367346938775511,7.512475374350121
0.1428571428571428,-0.8367346938775511,9.301709409511076
0.183673469387755,-0.8367346938775511,11.502101776966102
0.2244897959183671,-0.8367346938775511,13.970595982970773
0.2653061224489794,-0.8367346938775511,16.546816862518824
0.3061224489795917,-0.8367346938775511,19.06356076281544
0.346938775510204,-0.8367346938775511,21.35773238000732
0.3877551020408163,-0.8367346938775511,23.28101286768313
0.4285714285714284,-0.8367346938775511,24.709561413245048
0.4693877551020406,-0.8367346938775511,25.55211569938349
0.510204081632653,-0.8367346938775511,25.75596139725109
0.5510204081632653,-0.8367346938775511,25.31038022515221
0.5918367346938773,-0.8367346938775511,24.247351034284637
0.6326530612244896,-0.8367346938775511,22.639458063323
0.6734693877551019,-0.8367346938775511,20.5951431834847
0.7142857142857142,-0.8367346938775511,18.251612686028917
0.7551020408163265,-0.8367346938775511,15.76586258116154
0.7959183673469385,-0.8367346938775511,13.304409446003012
0.8367346938775508,-0.8367346938775511,11.03239852966623
0.8775510204081631,-0.8367346938775511,9.102801557275244
0.9183673469387754,-0.8367346938775511,7.646410807522582
0.9591836734693876,-0.8367346938775511,6.763283953893042
1.0,-0.8367346938775511,6.516199264833107
-1.0,-0.7959183673469388,8.788210181169896
-0.9591836734693876,-0.7959183673469388,9.035294870229832
-0.9183673469387756,-0.7959183673469388,9.918421723859367
-0.8775510204081632,-0.7959183673469388,11.374812473612034
-0.8367346938775511,-0.7959183673469388,13.304409446003003
-0.7959183673469388,-0.7959183673469388,15.576420362339794
-0.7551020408163265,-0.7959183673469388,18.03787349749833
-0.7142857142857143,-0.7959183673469388,20.523623602365696
-0.6734693877551021,-0.7959183673469388,22.867154099821484
-0.6326530612244898,-0.7959183673469388,24.911468979659784
-0.5918367346938775,-0.7959183673469388,26.519361950621416
-0.5510204081632654,-0.7959183673469388,27.582391141488998
-0.5102040816326531,-0.7959183673469388,28.02797231358788
-0.4693877551020409,-0.7959183673469388,27.824126615720285
-0.4285714285714286,-0.7959183673469388,26.981572329581844
-0.3877551020408164,-0.7959183673469388,25.55302378401993
-0.3469387755102041,-0.7959183673469388,23.629743296344117
-0.3061224489795918,-0.7959183673469388,21.335571679152235
-0.2653061224489796,-0.7959183673469388,18.81882777885563
-0.2244897959183673,-0.7959183673469388,16.242606899307578
-0.1836734693877552,-0.7959183673469388,13.774112693302898
-0.1428571428571429,-0.7959183673469388,11.57372032584787
-0.1020408163265307,-0.7959183673469388,9.78448629068692
-0.0612244897959184,-0.7959183673469388,8.522791045860451
-0.0204081632653061,-0.7959183673469388,7.870726536065298
0.0204081632653061,-0.7959183673469388,7.870726536065298
0.0612244897959182,-0.7959183673469388,8.522791045860446
0.1020408163265305,-0.7959183673469388,9.78448629068691
0.1428571428571428,-0.7959183673469388,11.573720325847864
0.183673469387755,-0.7959183673469388,13.774112693302891
0.2244897959183671,-0.7959183673469388,16.242606899307564
0.2653061224489794,-0.7959183673469388,18.818827778855617
0.3061224489795917,-0.7959183673469388,21.33557167915223
0.346938775510204,-0.7959183673469388,23.629743296344117
0.3877551020408163,-0.7959183673469388,25.553023784019924
0.4285714285714284,-0.7959183673469388,26.98157232958184
0.4693877551020406,-0.7959183673469388,27.824126615720285
0.510204081632653,-0.7959183673469388,28.02797231358788
0.5510204081632653,-0.7959183673469388,27.582391141489
0.5918367346938773,-0.7959183673469388,26.519361950621423
0.6326530612244896,-0.7959183673469388,24.91146897965979
0.6734693877551019,-0.7959183673469388,22.86715409982149
0.7142857142857142,-0.7959183673469388,20.523623602365703
0.7551020408163265,-0.7959183673469388,18.03787349749833
0.7959183673469385,-0.7959183673469388,15.5764203623398
0.8367346938775508,-0.7959183673469388,13.30440944600302
0.8775510204081631,-0.7959183673469388,11.374812473612034
0.9183673469387754,-0.7959183673469388,9.918421723859373
0.9591836734693876,-0.7959183673469388,9.035294870229832
1.0,-0.7959183673469388,8.788210181169896
-1.0,-0.7551020408163265,11.249663316328432
-0.9591836734693876,-0.7551020408163265,11.496748005388367
-0.9183673469387756,-0.7551020408163265,12.379874859017905
-0.8775510204081632,-0.7551020408163265,13.836265608770567
-0.8367346938775511,-0.7551020408163265,15.76586258116154
-0.7959183673469388,-0.7551020408163265,18.03787349749833
-0.7551020408163265,-0.7551020408163265,20.499326632656867
-0.7142857142857143,-0.7551020408163265,22.98507673752423
-0.6734693877551021,-0.7551020408163265,25.32860723498002
-0.6326530612244898,-0.7551020408163265,27.37292211481832
-0.5918367346938775,-0.7551020408163265,28.980815085779952
-0.5510204081632654,-0.7551020408163265,30.04384427664753
-0.5102040816326531,-0.7551020408163265,30.489425448746417
-0.4693877551020409,-0.7551020408163265,30.28557975087882
-0.4285714285714286,-0.7551020408163265,29.44302546474038
-0.3877551020408164,-0.7551020408163265,28.014476919178467
-0.3469387755102041,-0.7551020408163265,26.09119643150265
-0.3061224489795918,-0.7551020408163265,23.79702481431077
-0.2653061224489796,-0.7551020408163265,21.280280914014167
-0.2244897959183673,-0.7551020408163265,18.704060034466117
-0.1836734693877552,-0.7551020408163265,16.235565828461436
-0.1428571428571429,-0.7551020408163265,14.035173461006403
-0.1020408163265307,-0.7551020408163265,12.245939425845457
-0.0612244897959184,-0.7551020408163265,10.984244181018989
-0.0204081632653061,-0.7551020408163265,10.332179671223834
0.0204081632653061,-0.7551020408163265,10.332179671223834
0.0612244897959182,-0.7551020408163265,10.98424418101898
0.1020408163265305,-0.7551020408163265,12.245939425845446
0.1428571428571428,-0.7551020408163265,14.0351734610064
0.183673469387755,-0.7551020408163265,16.23556582846143
0.2244897959183671,-0.7551020408163265,18.7040600344661
0.2653061224489794,-0.7551020408163265,21.280280914014156
0.3061224489795917,-0.7551020408163265,23.797024814310767
0.346938775510204,-0.7551020408163265,26.09119643150265
0.3877551020408163,-0.7551020408163265,28.01447691917846
0.4285714285714284,-0.7551020408163265,29.443025464740373
0.4693877551020406,-0.7551020408163265,30.28557975087882
0.510204081632653,-0.7551020408163265,30.489425448746417
0.5510204081632653,-0.7551020408163265,30.043844276647533
0.5918367346938773,-0.7551020408163265,28.98081508577996
0.6326530612244896,-0.7551020408163265,27.372922114818326
0.6734693877551019,-0.7551020408163265,25.328607234980023
0.7142857142857142,-0.7551020408163265,22.98507673752424
0.7551020408163265,-0.7551020408163265,20.499326632656867
0.7959183673469385,-0.7551020408163265,18.03787349749834
0.8367346938775508,-0.7551020408163265,15.765862581161556
0.8775510204081631,-0.7551020408163265,13.836265608770567
0.9183673469387754,-0.7551020408163265,12.379874859017908
0.9591836734693876,-0.7551020408163265,11.496748005388367
1.0,-0.7551020408163265,11.249663316328432
-1.0,-0.7142857142857143,13.7354134211958
-0.9591836734693876,-0.7142857142857143,13.982498110255737
-0.9183673469387756,-0.7142857142857143,14.86562496388527
-0.8775510204081632,-0.7142857142857143,16.322015713637935
-0.8367346938775511,-0.7142857142857143,18.251612686028903
-0.7959183673469388,-0.7142857142857143,20.523623602365696
-0.7551020408163265,-0.7142857142857143,22.98507673752423
-0.7142857142857143,-0.7142857142857143,25.470826842391595
-0.6734693877551021,-0.7142857142857143,27.814357339847383
-0.6326530612244898,-0.7142857142857143,29.858672219685683
-0.5918367346938775,-0.7142857142857143,31.46656519064732
-0.5510204081632654,-0.7142857142857143,32.5295943815149
-0.5102040816326531,-0.7142857142857143,32.97517555361378
-0.4693877551020409,-0.7142857142857143,32.77132985574619
-0.4285714285714286,-0.7142857142857143,31.928775569607744
-0.3877551020408164,-0.7142857142857143,30.50022702404583
-0.3469387755102041,-0.7142857142857143,28.576946536370013
-0.3061224489795918,-0.7142857142857143,26.28277491917813
-0.2653061224489796,-0.7142857142857143,23.76603101888153
-0.2244897959183673,-0.7142857142857143,21.18981013933348
-0.1836734693877552,-0.7142857142857143,18.7213159333288
-0.1428571428571429,-0.7142857142857143,16.520923565873773
-0.1020408163265307,-0.7142857142857143,14.731689530712822
-0.0612244897959184,-0.7142857142857143,13.469994285886354
-0.0204081632653061,-0.7142857142857143,12.8179297760912
0.0204081632653061,-0.7142857142857143,12.8179297760912
0.0612244897959182,-0.7142857142857143,13.469994285886347
0.1020408163265305,-0.7142857142857143,14.731689530712814
0.1428571428571428,-0.7142857142857143,16.520923565873765
0.183673469387755,-0.7142857142857143,18.721315933328796
0.2244897959183671,-0.7142857142857143,21.189810139333463
0.2653061224489794,-0.7142857142857143,23.76603101888152
0.3061224489795917,-0.7142857142857143,26.28277491917813
0.346938775510204,-0.7142857142857143,28.576946536370013
0.3877551020408163,-0.7142857142857143,30.500227024045824
0.4285714285714284,-0.7142857142857143,31.928775569607737
0.4693877551020406,-0.7142857142857143,32.77132985574619
0.510204081632653,-0.7142857142857143,32.97517555361378
0.5510204081632653,-0.7142857142857143,32.5295943815149
0.5918367346938773,-0.7142857142857143,31.466565190647323
0.6326530612244896,-0.7142857142857143,29.85867221968569
0.6734693877551019,-0.7142857142857143,27.81435733984739
0.7142857142857142,-0.7142857142857143,25.47082684239161
0.7551020408163265,-0.7142857142857143,22.98507673752423
0.7959183673469385,-0.7142857142857143,20.523623602365703
0.8367346938775508,-0.7142857142857143,18.25161268602892
0.8775510204081631,-0.7142857142857143,16.322015713637935
0.9183673469387754,-0.7142857142857143,14.865624963885274
0.9591836734693876,-0.7142857142857143,13.982498110255737
1.0,-0.7142857142857143,13.7354134211958
-1.0,-0.6734693877551021,16.078943918651586
-0.9591836734693876,-0.6734693877551021,16.32602860771152
-0.9183673469387756,-0.6734693877551021,17.209155461341055
-0.8775510204081632,-0.6734693877551021,18.665546211093723
-0.8367346938775511,-0.6734693877551021,20.59514318348469
-0.7959183673469388,-0.6734693877551021,22.867154099821484
-0.7551020408163265,-0.6734693877551021,25.32860723498002
-0.7142857142857143,-0.6734693877551021,27.814357339847383
-0.6734693877551021,-0.6734693877551021,30.15788783730317
-0.6326530612244898,-0.6734693877551021,32.202202717141475
-0.5918367346938775,-0.6734693877551021,33.810095688103104
-0.5510204081632654,-0.6734693877551021,34.873124878970685
-0.5102040816326531,-0.6734693877551021,35.31870605106957
-0.4693877551020409,-0.6734693877551021,35.114860353201976
-0.4285714285714286,-0.6734693877551021,34.27230606706353
-0.3877551020408164,-0.6734693877551021,32.843757521501615
-0.3469387755102041,-0.6734693877551021,30.9204770338258
-0.3061224489795918,-0.6734693877551021,28.62630541663392
-0.2653061224489796,-0.6734693877551021,26.10956151633732
-0.2244897959183673,-0.6734693877551021,23.533340636789266
-0.1836734693877552,-0.6734693877551021,21.064846430784588
-0.1428571428571429,-0.6734693877551021,18.86445406332956
-0.1020408163265307,-0.6734693877551021,17.07522002816861
-0.0612244897959184,-0.6734693877551021,15.81352478334214
-0.0204081632653061,-0.6734693877551021,15.161460273546988
0.0204081632653061,-0.6734693877551021,15.161460273546988
0.0612244897959182,-0.6734693877551021,15.813524783342135
0.1020408163265305,-0.6734693877551021,17.0752200281686
0.1428571428571428,-0.6734693877551021,18.864454063329557
0.183673469387755,-0.6734693877551021,21.06484643078458
0.2244897959183671,-0.6734693877551021,23.53334063678925
0.2653061224489794,-0.6734693877551021,26.109561516337305
0.3061224489795917,-0.6734693877551021,28.62630541663392
0.346938775510204,-0.6734693877551021,30.9204770338258
0.3877551020408163,-0.6734693877551021,32.843757521501615
0.4285714285714284,-0.6734693877551021,34.272306067063525
0.4693877551020406,-0.6734693877551021,35.114860353201976
0.510204081632653,-0.6734693877551021,35.31870605106957
0.5510204081632653,-0.6734693877551021,34.873124878970685
0.5918367346938773,-0.6734693877551021,33.81009568810311
0.6326530612244896,-0.6734693877551021,32.202202717141475
0.6734693877551019,-0.6734693877551021,30.15788783730318
0.7142857142857142,-0.6734693877551021,27.814357339847398
0.7551020408163265,-0.6734693877551021,25.32860723498002
0.7959183673469385,-0.6734693877551021,22.86715409982149
0.8367346938775508,-0.6734693877551021,20.59514318348471
0.8775510204081631,-0.6734693877551021,18.665546211093723
0.9183673469387754,-0.6734693877551021,17.209155461341062
0.9591836734693876,-0.6734693877551021,16.32602860771152
1.0,-0.6734693877551021,16.078943918651586
-1.0,-0.6326530612244898,18.12325879848989
-0.9591836734693876,-0.6326530612244898,18.37034348754982
-0.9183673469387756,-0.6326530612244898,19.253470341179355
-0.8775510204081632,-0.6326530612244898,20.709861090932023
-0.8367346938775511,-0.6326530612244898,22.63945806332299
-0.7959183673469388,-0.6326530612244898,24.911468979659784
-0.7551020408163265,-0.6326530612244898,27.37292211481832
-0.7142857142857143,-0.6326530612244898,29.858672219685683
-0.6734693877551021,-0.6326530612244898,32.20220271714147
-0.6326530612244898,-0.6326530612244898,34.24651759697977
-0.5918367346938775,-0.6326530612244898,35.8544105679414
-0.5510204081632654,-0.6326530612244898,36.91743975880898
-0.5102040816326531,-0.6326530612244898,37.363020930907865
-0.4693877551020409,-0.6326530612244898,37.15917523304027
-0.4285714285714286,-0.6326530612244898,36.31662094690183
-0.3877551020408164,-0.6326530612244898,34.88807240133992
-0.3469387755102041,-0.6326530612244898,32.9647919136641
-0.3061224489795918,-0.6326530612244898,30.670620296472222
-0.2653061224489796,-0.6326530612244898,28.15387639617562
-0.2244897959183673,-0.6326530612244898,25.57765551662757
-0.1836734693877552,-0.6326530612244898,23.109161310622888
-0.1428571428571429,-0.6326530612244898,20.908768943167857
-0.1020408163265307,-0.6326530612244898,19.11953490800691
-0.0612244897959184,-0.6326530612244898,17.85783966318044
-0.0204081632653061,-0.6326530612244898,17.205775153385286
0.0204081632653061,-0.6326530612244898,17.205775153385286
0.0612244897959182,-0.6326530612244898,17.857839663180435
0.1020408163265305,-0.6326530612244898,19.119534908006894
0.1428571428571428,-0.6326530612244898,20.908768943167853
0.183673469387755,-0.6326530612244898,23.10916131062288
0.2244897959183671,-0.6326530612244898,25.57765551662755
0.2653061224489794,-0.6326530612244898,28.153876396175605
0.3061224489795917,-0.6326530612244898,30.67062029647222
0.346938775510204,-0.6326530612244898,32.9647919136641
0.3877551020408163,-0.6326530612244898,34.88807240133991
0.4285714285714284,-0.6326530612244898,36.31662094690182
0.4693877551020406,-0.6326530612244898,37.15917523304027
0.510204081632653,-0.6326530612244898,37.363020930907865
0.5510204081632653,-0.6326530612244898,36.91743975880898
0.5918367346938773,-0.6326530612244898,35.85441056794141
0.6326530612244896,-0.6326530612244898,34.24651759697978
0.6734693877551019,-0.6326530612244898,32.202202717141475
0.7142857142857142,-0.6326530612244898,29.85867221968569
0.7551020408163265,-0.6326530612244898,27.37292211481832
0.7959183673469385,-0.6326530612244898,24.91146897965979
0.8367346938775508,-0.6326530612244898,22.63945806332301
0.8775510204081631,-0.6326530612244898,20.709861090932023
0.9183673469387754,-0.6326530612244898,19.25347034117936
0.9591836734693876,-0.6326530612244898,18.37034348754982
1.0,-0.6326530612244898,18.12325879848989
-1.0,-0.5918367346938775,19.73115176945152
-0.9591836734693876,-0.5918367346938775,19.978236458511454
-0.9183673469387756,-0.5918367346938775,20.861363312140988
-0.8775510204081632,-0.5918367346938775,22.317754061893652
-0.8367346938775511,-0.5918367346938775,24.247351034284627
-0.7959183673469388,-0.5918367346938775,26.519361950621416
-0.7551020408163265,-0.5918367346938775,28.980815085779952
-0.7142857142857143,-0.5918367346938775,31.46656519064732
-0.6734693877551021,-0.5918367346938775,33.810095688103104
-0.6326530612244898,-0.5918367346938775,35.8544105679414
-0.5918367346938775,-0.5918367346938775,37.46230353890304
-0.5510204081632654,-0.5918367346938775,38.52533272977061
-0.5102040816326531,-0.5918367346938775,38.9709139018695
-0.4693877551020409,-0.5918367346938775,38.7670682040019
-0.4285714285714286,-0.5918367346938775,37.92451391786346
-0.3877551020408164,-0.5918367346938775,36.49596537230156
-0.3469387755102041,-0.5918367346938775,34.57268488462573
-0.3061224489795918,-0.5918367346938775,32.27851326743385
-0.2653061224489796,-0.5918367346938775,29.76176936713725
-0.2244897959183673,-0.5918367346938775,27.1855484875892
-0.1836734693877552,-0.5918367346938775,24.71705428158452
-0.1428571428571429,-0.5918367346938775,22.516661914129493
-0.1020408163265307,-0.5918367346938775,20.72742787896854
-0.0612244897959184,-0.5918367346938775,19.46573263414207
-0.0204081632653061,-0.5918367346938775,18.81366812434692
0.0204081632653061,-0.5918367346938775,18.81366812434692
0.0612244897959182,-0.5918367346938775,19.465732634142068
0.1020408163265305,-0.5918367346938775,20.72742787896853
0.1428571428571428,-0.5918367346938775,22.51666191412949
0.183673469387755,-0.5918367346938775,24.717054281584517
0.2244897959183671,-0.5918367346938775,27.185548487589184
0.2653061224489794,-0.5918367346938775,29.76176936713724
0.3061224489795917,-0.5918367346938775,32.27851326743385
0.346938775510204,-0.5918367346938775,34.57268488462573
0.3877551020408163,-0.5918367346938775,36.49596537230154
0.4285714285714284,-0.5918367346938775,37.92451391786346
0.4693877551020406,-0.5918367346938775,38.7670682040019
0.510204081632653,-0.5918367346938775,38.9709139018695
0.5510204081632653,-0.5918367346938775,38.52533272977062
0.5918367346938773,-0.5918367346938775,37.46230353890304
0.6326530612244896,-0.5918367346938775,35.854410567941414
0.6734693877551019,-0.5918367346938775,33.81009568810311
0.7142857142857142,-0.5918367346938775,31.466565190647326
0.7551020408163265,-0.5918367346938775,28.980815085779952
0.7959183673469385,-0.5918367346938775,26.519361950621423
0.8367346938775508,-0.5918367346938775,24.24735103428464
0.8775510204081631,-0.5918367346938775,22.317754061893652
0.9183673469387754,-0.5918367346938775,20.861363312140995
0.9591836734693876,-0.5918367346938775,19.978236458511454
1.0,-0.5918367346938775,19.73115176945152
-1.0,-0.5510204081632654,20.794180960319096
-0.9591836734693876,-0.5510204081632654,21.04126564937903
-0.9183673469387756,-0.5510204081632654,21.92439250300857
-0.8775510204081632,-0.5510204081632654,23.380783252761237
-0.8367346938775511,-0.5510204081632654,25.3103802251522
-0.7959183673469388,-0.5510204081632654,27.582391141488998
-0.7551020408163265,-0.5510204081632654,30.04384427664753
-0.7142857142857143,-0.5510204081632654,32.5295943815149
-0.6734693877551021,-0.5510204081632654,34.873124878970685
-0.6326530612244898,-0.5510204081632654,36.91743975880898
-0.5918367346938775,-0.5510204081632654,38.52533272977061
-0.5510204081632654,-0.5510204081632654,39.58836192063819
-0.5102040816326531,-0.5510204081632654,40.03394309273708
-0.4693877551020409,-0.5510204081632654,39.83009739486948
-0.4285714285714286,-0.5510204081632654,38.987543108731046
-0.3877551020408164,-0.5510204081632654,37.55899456316913
-0.3469387755102041,-0.5510204081632654,35.63571407549331
-0.3061224489795918,-0.5510204081632654,33.34154245830143
-0.2653061224489796,-0.5510204081632654,30.82479855800483
-0.2244897959183673,-0.5510204081632654,28.248577678456776
-0.1836734693877552,-0.5510204081632654,25.780083472452095
-0.1428571428571429,-0.5510204081632654,23.579691104997067
-0.1020408163265307,-0.5510204081632654,21.79045706983612
-0.0612244897959184,-0.5510204081632654,20.528761825009653
-0.0204081632653061,-0.5510204081632654,19.8766973152145
0.0204081632653061,-0.5510204081632654,19.8766973152145
0.0612244897959182,-0.5510204081632654,20.52876182500965
0.1020408163265305,-0.5510204081632654,21.79045706983611
0.1428571428571428,-0.5510204081632654,23.579691104997064
0.183673469387755,-0.5510204081632654,25.78008347245209
0.2244897959183671,-0.5510204081632654,28.24857767845676
0.2653061224489794,-0.5510204081632654,30.82479855800481
0.3061224489795917,-0.5510204081632654,33.34154245830143
0.346938775510204,-0.5510204081632654,35.63571407549331
0.3877551020408163,-0.5510204081632654,37.55899456316912
0.4285714285714284,-0.5510204081632654,38.98754310873103
0.4693877551020406,-0.5510204081632654,39.83009739486948
0.510204081632653,-0.5510204081632654,40.03394309273708
0.5510204081632653,-0.5510204081632654,39.58836192063819
0.5918367346938773,-0.5510204081632654,38.52533272977063
0.6326530612244896,-0.5510204081632654,36.91743975880899
0.6734693877551019,-0.5510204081632654,34.873124878970685
0.7142857142857142,-0.5510204081632654,32.529594381514904
0.7551020408163265,-0.5510204081632654,30.04384427664753
0.7959183673469385,-0.5510204081632654,27.582391141489
0.8367346938775508,-0.5510204081632654,25.31038022515222
0.8775510204081631,-0.5510204081632654,23.380783252761237
0.9183673469387754,-0.5510204081632654,21.92439250300857
0.9591836734693876,-0.5510204081632654,21.04126564937903
1.0,-0.5510204081632654,20.794180960319096
-1.0,-0.5102040816326531,21.239762132417983
-0.9591836734693876,-0.5102040816326531,21.48684682147792
-0.9183673469387756,-0.5102040816326531,22.36997367510745
-0.8775510204081632,-0.5102040816326531,23.82636442486012
-0.8367346938775511,-0.5102040816326531,25.75596139725109
-0.7959183673469388,-0.5102040816326531,28.02797231358788
-0.7551020408163265,-0.5102040816326531,30.489425448746417
-0.7142857142857143,-0.5102040816326531,32.97517555361378
-0.6734693877551021,-0.5102040816326531,35.31870605106957
-0.6326530612244898,-0.5102040816326531,37.363020930907865
-0.5918367346938775,-0.5102040816326531,38.9709139018695
-0.5510204081632654,-0.5102040816326531,40.03394309273708
-0.5102040816326531,-0.5102040816326531,40.479524264835966
-0.4693877551020409,-0.5102040816326531,40.27567856696837
-0.4285714285714286,-0.5102040816326531,39.43312428082993
-0.3877551020408164,-0.5102040816326531,38.00457573526802
-0.3469387755102041,-0.5102040816326531,36.0812952475922
-0.3061224489795918,-0.5102040816326531,33.78712363040032
-0.2653061224489796,-0.5102040816326531,31.27037973010372
-0.2244897959183673,-0.5102040816326531,28.694158850555663
-0.1836734693877552,-0.5102040816326531,26.225664644550985
-0.1428571428571429,-0.5102040816326531,24.02527227709596
-0.1020408163265307,-0.5102040816326531,22.23603824193501
-0.0612244897959184,-0.5102040816326531,20.974342997108536
-0.0204081632653061,-0.5102040816326531,20.322278487313383
0.0204081632653061,-0.5102040816326531,20.322278487313383
0.0612244897959182,-0.5102040816326531,20.974342997108533
0.1020408163265305,-0.5102040816326531,22.236038241935
0.1428571428571428,-0.5102040816326531,24.02527227709595
0.183673469387755,-0.5102040816326531,26.225664644550974
0.2244897959183671,-0.5102040816326531,28.69415885055565
0.2653061224489794,-0.5102040816326531,31.270379730103706
0.3061224489795917,-0.5102040816326531,33.78712363040032
0.346938775510204,-0.5102040816326531,36.0812952475922
0.3877551020408163,-0.5102040816326531,38.004575735268006
0.4285714285714284,-0.5102040816326531,39.43312428082992
0.4693877551020406,-0.5102040816326531,40.27567856696837
0.510204081632653,-0.5102040816326531,40.479524264835966
0.5510204081632653,-0.5102040816326531,40.03394309273708
0.5918367346938773,-0.5102040816326531,38.97091390186951
0.6326530612244896,-0.5102040816326531,37.36302093090788
0.6734693877551019,-0.5102040816326531,35.318706051069576
0.7142857142857142,-0.5102040816326531,32.975175553613795
0.7551020408163265,-0.5102040816326531,30.489425448746417
0.7959183673469385,-0.5102040816326531,28.027972313587888
0.8367346938775508,-0.5102040816326531,25.755961397251102
0.8775510204081631,-0.5102040816326531,23.82636442486012
0.9183673469387754,-0.5102040816326531,22.36997367510746
0.9591836734693876,-0.5102040816326531,21.48684682147792
1.0,-0.5102040816326531,21.239762132417983
-1.0,-0.4693877551020409,21.035916434550387
-0.9591836734693876,-0.4693877551020409,21.28300112361033
-0.9183673469387756,-0.4693877551020409,22.16612797723986
-0.8775510204081632,-0.4693877551020409,23.622518726992524
-0.8367346938775511,-0.4693877551020409,25.552115699383496
-0.7959183673469388,-0.4693877551020409,27.82412661572029
-0.7551020408163265,-0.4693877551020409,30.285579750878824
-0.7142857142857143,-0.4693877551020409,32.77132985574619
-0.6734693877551021,-0.4693877551020409,35.114860353201976
-0.6326530612244898,-0.4693877551020409,37.15917523304027
-0.5918367346938775,-0.4693877551020409,38.76706820400191
-0.5510204081632654,-0.4693877551020409,39.83009739486948
-0.5102040816326531,-0.4693877551020409,40.27567856696837
-0.4693877551020409,-0.4693877551020409,40.07183286910077
-0.4285714285714286,-0.4693877551020409,39.22927858296234
-0.3877551020408164,-0.4693877551020409,37.80073003740042
-0.3469387755102041,-0.4693877551020409,35.8774495497246
-0.3061224489795918,-0.4693877551020409,33.583277932532724
-0.2653061224489796,-0.4693877551020409,31.06653403223612
-0.2244897959183673,-0.4693877551020409,28.490313152688067
-0.1836734693877552,-0.4693877551020409,26.02181894668339
-0.1428571428571429,-0.4693877551020409,23.82142657922836
-0.1020408163265307,-0.4693877551020409,22.032192544067414
-0.0612244897959184,-0.4693877551020409,20.770497299240944
-0.0204081632653061,-0.4693877551020409,20.11843278944579
0.0204081632653061,-0.4693877551020409,20.11843278944579
0.0612244897959182,-0.4693877551020409,20.770497299240937
0.1020408163265305,-0.4693877551020409,22.032192544067403
0.1428571428571428,-0.4693877551020409,23.82142657922836
0.183673469387755,-0.4693877551020409,26.021818946683386
0.2244897959183671,-0.4693877551020409,28.490313152688053
0.2653061224489794,-0.4693877551020409,31.066534032236103
0.3061224489795917,-0.4693877551020409,33.583277932532724
0.346938775510204,-0.4693877551020409,35.8774495497246
0.3877551020408163,-0.4693877551020409,37.80073003740041
0.4285714285714284,-0.4693877551020409,39.22927858296233
0.4693877551020406,-0.4693877551020409,40.07183286910077
0.510204081632653,-0.4693877551020409,40.27567856696837
0.5510204081632653,-0.4693877551020409,39.83009739486949
0.5918367346938773,-0.4693877551020409,38.76706820400192
0.6326530612244896,-0.4693877551020409,37.15917523304028
0.6734693877551019,-0.4693877551020409,35.11486035320198
0.7142857142857142,-0.4693877551020409,32.771329855746195
0.7551020408163265,-0.4693877551020409,30.285579750878824
0.7959183673469385,-0.4693877551020409,27.824126615720296
0.8367346938775508,-0.4693877551020409,25.552115699383517
0.8775510204081631,-0.4693877551020409,23.622518726992524
0.9183673469387754,-0.4693877551020409,22.166127977239864
0.9591836734693876,-0.4693877551020409,21.28300112361033
1.0,-0.4693877551020409,21.035916434550387
-1.0,-0.4285714285714286,20.193362148411943
-0.9591836734693876,-0.4285714285714286,20.44044683747188
-0.9183673469387756,-0.4285714285714286,21.323573691101416
-0.8775510204081632,-0.4285714285714286,22.779964440854084
-0.8367346938775511,-0.4285714285714286,24.70956141324505
-0.7959183673469388,-0.4285714285714286,26.981572329581844
-0.7551020408163265,-0.4285714285714286,29.44302546474038
-0.7142857142857143,-0.4285714285714286,31.928775569607744
-0.6734693877551021,-0.4285714285714286,34.27230606706353
-0.6326530612244898,-0.4285714285714286,36.31662094690184
-0.5918367346938775,-0.4285714285714286,37.92451391786346
-0.5510204081632654,-0.4285714285714286,38.987543108731046
-0.5102040816326531,-0.4285714285714286,39.43312428082993
-0.4693877551020409,-0.4285714285714286,39.22927858296234
-0.4285714285714286,-0.4285714285714286,38.38672429682389
-0.3877551020408164,-0.4285714285714286,36.958175751261976
-0.3469387755102041,-0.4285714285714286,35.034895263586165
-0.3061224489795918,-0.4285714285714286,32.74072364639429
-0.2653061224489796,-0.4285714285714286,30.22397974609768
-0.2244897959183673,-0.4285714285714286,27.647758866549623
-0.1836734693877552,-0.4285714285714286,25.17926466054495
-0.1428571428571429,-0.4285714285714286,22.97887229308992
-0.1020408163265307,-0.4285714285714286,21.18963825792897
-0.0612244897959184,-0.4285714285714286,19.9279430131025
-0.0204081632653061,-0.4285714285714286,19.275878503307347
0.0204081632653061,-0.4285714285714286,19.275878503307347
0.0612244897959182,-0.4285714285714286,19.927943013102496
0.1020408163265305,-0.4285714285714286,21.18963825792896
0.1428571428571428,-0.4285714285714286,22.978872293089918
0.183673469387755,-0.4285714285714286,25.17926466054494
0.2244897959183671,-0.4285714285714286,27.64775886654961
0.2653061224489794,-0.4285714285714286,30.223979746097665
0.3061224489795917,-0.4285714285714286,32.74072364639428
0.346938775510204,-0.4285714285714286,35.034895263586165
0.3877551020408163,-0.4285714285714286,36.958175751261976
0.4285714285714284,-0.4285714285714286,38.386724296823886
0.4693877551020406,-0.4285714285714286,39.22927858296234
0.510204081632653,-0.4285714285714286,39.43312428082993
0.5510204081632653,-0.4285714285714286,38.987543108731046
0.5918367346938773,-0.4285714285714286,37.92451391786347
0.6326530612244896,-0.4285714285714286,36.31662094690184
0.6734693877551019,-0.4285714285714286,34.27230606706354
0.7142857142857142,-0.4285714285714286,31.928775569607755
0.7551020408163265,-0.4285714285714286,29.44302546474038
0.7959183673469385,-0.4285714285714286,26.98157232958185
0.8367346938775508,-0.4285714285714286,24.70956141324507
0.8775510204081631,-0.4285714285714286,22.779964440854084
0.9183673469387754,-0.4285714285714286,21.323573691101423
0.9591836734693876,-0.4285714285714286,20.44044683747188
1.0,-0.4285714285714286,20.193362148411943
-1.0,-0.3877551020408164,18.764813602850037
-0.9591836734693876,-0.3877551020408164,19.011898291909965
-0.9183673469387756,-0.3877551020408164,19.895025145539503
-0.8775510204081632,-0.3877551020408164,21.35141589529217
-0.8367346938775511,-0.3877551020408164,23.28101286768314
-0.7959183673469388,-0.3877551020408164,25.553023784019928
-0.7551020408163265,-0.3877551020408164,28.014476919178463
-0.7142857142857143,-0.3877551020408164,30.500227024045827
-0.6734693877551021,-0.3877551020408164,32.843757521501615
-0.6326530612244898,-0.3877551020408164,34.88807240133992
-0.5918367346938775,-0.3877551020408164,36.49596537230155
-0.5510204081632654,-0.3877551020408164,37.55899456316913
-0.5102040816326531,-0.3877551020408164,38.00457573526801
-0.4693877551020409,-0.3877551020408164,37.80073003740042
-0.4285714285714286,-0.3877551020408164,36.958175751261976
-0.3877551020408164,-0.3877551020408164,35.529627205700066
-0.3469387755102041,-0.3877551020408164,33.60634671802425
-0.3061224489795918,-0.3877551020408164,31.31217510083237
-0.2653061224489796,-0.3877551020408164,28.795431200535766
-0.2244897959183673,-0.3877551020408164,26.219210320987717
-0.1836734693877552,-0.3877551020408164,23.750716114983035
-0.1428571428571429,-0.3877551020408164,21.550323747528005
-0.1020408163265307,-0.3877551020408164,19.761089712367053
-0.0612244897959184,-0.3877551020408164,18.499394467540583
-0.0204081632653061,-0.3877551020408164,17.847329957745433
0.0204081632653061,-0.3877551020408164,17.847329957745433
0.0612244897959182,-0.3877551020408164,18.499394467540583
0.1020408163265305,-0.3877551020408164,19.761089712367045
0.1428571428571428,-0.3877551020408164,21.550323747528
0.183673469387755,-0.3877551020408164,23.750716114983028
0.2244897959183671,-0.3877551020408164,26.2192103209877
0.2653061224489794,-0.3877551020408164,28.795431200535752
0.3061224489795917,-0.3877551020408164,31.312175100832363
0.346938775510204,-0.3877551020408164,33.60634671802425
0.3877551020408163,-0.3877551020408164,35.52962720570006
0.4285714285714284,-0.3877551020408164,36.95817575126197
0.4693877551020406,-0.3877551020408164,37.80073003740042
0.510204081632653,-0.3877551020408164,38.00457573526801
0.5510204081632653,-0.3877551020408164,37.55899456316913
0.5918367346938773,-0.3877551020408164,36.49596537230156
0.6326530612244896,-0.3877551020408164,34.888072401339926
0.6734693877551019,-0.3877551020408164,32.84375752150162
0.7142857142857142,-0.3877551020408164,30.50022702404584
0.7551020408163265,-0.3877551020408164,28.014476919178463
0.7959183673469385,-0.3877551020408164,25.55302378401993
0.8367346938775508,-0.3877551020408164,23.281012867683152
0.8775510204081631,-0.3877551020408164,21.35141589529217
0.9183673469387754,-0.3877551020408164,19.895025145539503
0.9591836734693876,-0.3877551020408164,19.011898291909965
1.0,-0.3877551020408164,18.764813602850037
-1.0,-0.3469387755102041,16.841533115174215
-0.9591836734693876,-0.3469387755102041,17.088617804234154
-0.9183673469387756,-0.3469387755102041,17.971744657863688
-0.8775510204081632,-0.3469387755102041,19.428135407616352
-0.8367346938775511,-0.3469387755102041,21.357732380007324
-0.7959183673469388,-0.3469387755102041,23.62974329634412
-0.7551020408163265,-0.3469387755102041,26.09119643150265
-0.7142857142857143,-0.3469387755102041,28.576946536370016
-0.6734693877551021,-0.3469387755102041,30.920477033825804
-0.6326530612244898,-0.3469387755102041,32.9647919136641
-0.5918367346938775,-0.3469387755102041,34.57268488462574
-0.5510204081632654,-0.3469387755102041,35.63571407549331
-0.5102040816326531,-0.3469387755102041,36.0812952475922
-0.4693877551020409,-0.3469387755102041,35.8774495497246
-0.4285714285714286,-0.3469387755102041,35.034895263586165
-0.3877551020408164,-0.3469387755102041,33.60634671802425
-0.3469387755102041,-0.3469387755102041,31.68306623034843
-0.3061224489795918,-0.3469387755102041,29.388894613156552
-0.2653061224489796,-0.3469387755102041,26.87215071285995
-0.2244897959183673,-0.3469387755102041,24.29592983331189
-0.1836734693877552,-0.3469387755102041,21.827435627307217
-0.1428571428571429,-0.3469387755102041,19.62704325985219
-0.1020408163265307,-0.3469387755102041,17.83780922469124
-0.0612244897959184,-0.3469387755102041,16.576113979864772
-0.0204081632653061,-0.3469387755102041,15.92404947006962
0.0204081632653061,-0.3469387755102041,15.92404947006962
0.0612244897959182,-0.3469387755102041,16.576113979864765
0.1020408163265305,-0.3469387755102041,17.83780922469123
0.1428571428571428,-0.3469387755102041,19.627043259852183
0.183673469387755,-0.3469387755102041,21.82743562730721
0.2244897959183671,-0.3469387755102041,24.29592983331188
0.2653061224489794,-0.3469387755102041,26.87215071285993
0.3061224489795917,-0.3469387755102041,29.388894613156552
0.346938775510204,-0.3469387755102041,31.68306623034843
0.3877551020408163,-0.3469387755102041,33.60634671802424
0.4285714285714284,-0.3469387755102041,35.03489526358616
0.4693877551020406,-0.3469387755102041,35.8774495497246
0.510204081632653,-0.3469387755102041,36.0812952475922
0.5510204081632653,-0.3469387755102041,35.63571407549332
0.5918367346938773,-0.3469387755102041,34.572684884625744
0.6326530612244896,-0.3469387755102041,32.96479191366411
0.6734693877551019,-0.3469387755102041,30.92047703382581
0.7142857142857142,-0.3469387755102041,28.576946536370023
0.7551020408163265,-0.3469387755102041,26.09119643150265
0.7959183673469385,-0.3469387755102041,23.629743296344124
0.8367346938775508,-0.3469387755102041,21.35773238000734
0.8775510204081631,-0.3469387755102041,19.428135407616352
0.9183673469387754,-0.3469387755102041,17.97174465786369
0.9591836734693876,-0.3469387755102041,17.088617804234154
1.0,-0.3469387755102041,16.841533115174215
-1.0,-0.3061224489795918,14.547361497982338
-0.9591836734693876,-0.3061224489795918,14.794446187042274
-0.9183673469387756,-0.3061224489795918,15.67757304067181
-0.8775510204081632,-0.3061224489795918,17.133963790424474
-0.8367346938775511,-0.3061224489795918,19.063560762815445
-0.7959183673469388,-0.3061224489795918,21.335571679152235
-0.7551020408163265,-0.3061224489795918,23.79702481431077
-0.7142857142857143,-0.3061224489795918,26.28277491917813
-0.6734693877551021,-0.3061224489795918,28.62630541663392
-0.6326530612244898,-0.3061224489795918,30.670620296472222
-0.5918367346938775,-0.3061224489795918,32.27851326743386
-0.5510204081632654,-0.3061224489795918,33.34154245830143
-0.5102040816326531,-0.3061224489795918,33.78712363040032
-0.4693877551020409,-0.3061224489795918,33.583277932532724
-0.4285714285714286,-0.3061224489795918,32.74072364639429
-0.3877551020408164,-0.3061224489795918,31.31217510083237
-0.3469387755102041,-0.3061224489795918,29.388894613156552
-0.3061224489795918,-0.3061224489795918,27.094722995964677
-0.2653061224489796,-0.3061224489795918,24.57797909566807
-0.2244897959183673,-0.3061224489795918,22.001758216120017
-0.1836734693877552,-0.3061224489795918,19.53326401011534
-0.1428571428571429,-0.3061224489795918,17.33287164266031
-0.1020408163265307,-0.3061224489795918,15.54363760749936
-0.0612244897959184,-0.3061224489795918,14.281942362672892
-0.0204081632653061,-0.3061224489795918,13.62987785287774
0.0204081632653061,-0.3061224489795918,13.62987785287774
0.0612244897959182,-0.3061224489795918,14.281942362672888
0.1020408163265305,-0.3061224489795918,15.543637607499353
0.1428571428571428,-0.3061224489795918,17.332871642660304
0.183673469387755,-0.3061224489795918,19.53326401011533
0.2244897959183671,-0.3061224489795918,22.00175821612
0.2653061224489794,-0.3061224489795918,24.577979095668056
0.3061224489795917,-0.3061224489795918,27.09472299596467
0.346938775510204,-0.3061224489795918,29.388894613156552
0.3877551020408163,-0.3061224489795918,31.312175100832363
0.4285714285714284,-0.3061224489795918,32.74072364639428
0.4693877551020406,-0.3061224489795918,33.583277932532724
0.510204081632653,-0.3061224489795918,33.78712363040032
0.5510204081632653,-0.3061224489795918,33.34154245830144
0.5918367346938773,-0.3061224489795918,32.278513267433866
0.6326530612244896,-0.3061224489795918,30.67062029647223
0.6734693877551019,-0.3061224489795918,28.62630541663393
0.7142857142857142,-0.3061224489795918,26.282774919178145
0.7551020408163265,-0.3061224489795918,23.79702481431077
0.7959183673469385,-0.3061224489795918,21.33557167915224
0.8367346938775508,-0.3061224489795918,19.06356076281546
0.8775510204081631,-0.3061224489795918,17.133963790424474
0.9183673469387754,-0.3061224489795918,15.677573040671811
0.9591836734693876,-0.3061224489795918,14.794446187042274
1.0,-0.3061224489795918,14.547361497982338
-1.0,-0.2653061224489796,12.030617597685737
-0.9591836734693876,-0.2653061224489796,12.27770228674567
-0.9183673469387756,-0.2653061224489796,13.160829140375206
-0.8775510204081632,-0.2653061224489796,14.617219890127872
-0.8367346938775511,-0.2653061224489796,16.546816862518842
-0.7959183673469388,-0.2653061224489796,18.818827778855635
-0.7551020408163265,-0.2653061224489796,21.28028091401417
-0.7142857142857143,-0.2653061224489796,23.76603101888153
-0.6734693877551021,-0.2653061224489796,26.10956151633732
-0.6326530612244898,-0.2653061224489796,28.15387639617562
-0.5918367346938775,-0.2653061224489796,29.76176936713725
-0.5510204081632654,-0.2653061224489796,30.82479855800483
-0.5102040816326531,-0.2653061224489796,31.27037973010372
-0.4693877551020409,-0.2653061224489796,31.06653403223612
-0.4285714285714286,-0.2653061224489796,30.223979746097683
-0.3877551020408164,-0.2653061224489796,28.795431200535766
-0.3469387755102041,-0.2653061224489796,26.87215071285995
-0.3061224489795918,-0.2653061224489796,24.57797909566807
-0.2653061224489796,-0.2653061224489796,22.061235195371463
-0.2244897959183673,-0.2653061224489796,19.485014315823413
-0.1836734693877552,-0.2653061224489796,17.016520109818735
-0.1428571428571429,-0.2653061224489796,14.816127742363708
-0.1020408163265307,-0.2653061224489796,13.026893707202758
-0.0612244897959184,-0.2653061224489796,11.76519846237629
-0.0204081632653061,-0.2653061224489796,11.113133952581135
0.0204081632653061,-0.2653061224489796,11.113133952581135
0.0612244897959182,-0.2653061224489796,11.765198462376285
0.1020408163265305,-0.2653061224489796,13.026893707202747
0.1428571428571428,-0.2653061224489796,14.816127742363705
0.183673469387755,-0.2653061224489796,17.016520109818728
0.2244897959183671,-0.2653061224489796,19.4850143158234
0.2653061224489794,-0.2653061224489796,22.06123519537145
0.3061224489795917,-0.2653061224489796,24.57797909566807
0.346938775510204,-0.2653061224489796,26.87215071285995
0.3877551020408163,-0.2653061224489796,28.79543120053576
0.4285714285714284,-0.2653061224489796,30.22397974609768
0.4693877551020406,-0.2653061224489796,31.06653403223612
0.510204081632653,-0.2653061224489796,31.27037973010372
0.5510204081632653,-0.2653061224489796,30.82479855800484
0.5918367346938773,-0.2653061224489796,29.761769367137266
0.6326530612244896,-0.2653061224489796,28.153876396175622
0.6734693877551019,-0.2653061224489796,26.10956151633733
0.7142857142857142,-0.2653061224489796,23.76603101888154
0.7551020408163265,-0.2653061224489796,21.28028091401417
0.7959183673469385,-0.2653061224489796,18.81882777885564
0.8367346938775508,-0.2653061224489796,16.54681686251886
0.8775510204081631,-0.2653061224489796,14.617219890127872
0.9183673469387754,-0.2653061224489796,13.16082914037521
0.9591836734693876,-0.2653061224489796,12.27770228674567
1.0,-0.2653061224489796,12.030617597685737
-1.0,-0.2244897959183673,9.45439671813768
-0.9591836734693876,-0.2244897959183673,9.701481407197615
-0.9183673469387756,-0.2244897959183673,10.58460826082715
-0.8775510204081632,-0.2244897959183673,12.040999010579815
-0.8367346938775511,-0.2244897959183673,13.970595982970783
-0.7959183673469388,-0.2244897959183673,16.242606899307578
-0.7551020408163265,-0.2244897959183673,18.704060034466117
-0.7142857142857143,-0.2244897959183673,21.18981013933348
-0.6734693877551021,-0.2244897959183673,23.533340636789266
-0.6326530612244898,-0.2244897959183673,25.57765551662757
-0.5918367346938775,-0.2244897959183673,27.1855484875892
-0.5510204081632654,-0.2244897959183673,28.248577678456776
-0.5102040816326531,-0.2244897959183673,28.694158850555663
-0.4693877551020409,-0.2244897959183673,28.490313152688067
-0.4285714285714286,-0.2244897959183673,27.647758866549623
-0.3877551020408164,-0.2244897959183673,26.219210320987717
-0.3469387755102041,-0.2244897959183673,24.29592983331189
-0.3061224489795918,-0.2244897959183673,22.001758216120017
-0.2653061224489796,-0.2244897959183673,19.485014315823413
-0.2244897959183673,-0.2244897959183673,16.90879343627536
-0.1836734693877552,-0.2244897959183673,14.440299230270682
-0.1428571428571429,-0.2244897959183673,12.239906862815651
-0.1020408163265307,-0.2244897959183673,10.450672827654705
-0.0612244897959184,-0.2244897959183673,9.188977582828231
-0.0204081632653061,-0.2244897959183673,8.53691307303308
0.0204081632653061,-0.2244897959183673,8.53691307303308
0.0612244897959182,-0.2244897959183673,9.18897758282823
0.1020408163265305,-0.2244897959183673,10.450672827654692
0.1428571428571428,-0.2244897959183673,12.239906862815648
0.183673469387755,-0.2244897959183673,14.440299230270677
0.2244897959183671,-0.2244897959183673,16.908793436275346
0.2653061224489794,-0.2244897959183673,19.4850143158234
0.3061224489795917,-0.2244897959183673,22.001758216120013
0.346938775510204,-0.2244897959183673,24.29592983331189
0.3877551020408163,-0.2244897959183673,26.219210320987703
0.4285714285714284,-0.2244897959183673,27.64775886654962
0.4693877551020406,-0.2244897959183673,28.490313152688067
0.510204081632653,-0.2244897959183673,28.694158850555663
0.5510204081632653,-0.2244897959183673,28.24857767845678
0.5918367346938773,-0.2244897959183673,27.185548487589205
0.6326530612244896,-0.2244897959183673,25.577655516627573
0.6734693877551019,-0.2244897959183673,23.533340636789276
0.7142857142857142,-0.2244897959183673,21.18981013933349
0.7551020408163265,-0.2244897959183673,18.704060034466117
0.7959183673469385,-0.2244897959183673,16.242606899307585
0.8367346938775508,-0.2244897959183673,13.970595982970805
0.8775510204081631,-0.2244897959183673,12.040999010579815
0.9183673469387754,-0.2244897959183673,10.584608260827151
0.9591836734693876,-0.2244897959183673,9.701481407197615
1.0,-0.2244897959183673,9.45439671813768
-1.0,-0.1836734693877552,6.985902512133001
-0.9591836734693876,-0.1836734693877552,7.232987201192937
-0.9183673469387756,-0.1836734693877552,8.116114054822472
-0.8775510204081632,-0.1836734693877552,9.57250480457514
-0.8367346938775511,-0.1836734693877552,11.502101776966107
-0.7959183673469388,-0.1836734693877552,13.7741126933029
-0.7551020408163265,-0.1836734693877552,16.235565828461436
-0.7142857142857143,-0.1836734693877552,18.7213159333288
-0.6734693877551021,-0.1836734693877552,21.064846430784588
-0.6326530612244898,-0.1836734693877552,23.109161310622888
-0.5918367346938775,-0.1836734693877552,24.71705428158452
-0.5510204081632654,-0.1836734693877552,25.780083472452095
-0.5102040816326531,-0.1836734693877552,26.225664644550985
-0.4693877551020409,-0.1836734693877552,26.02181894668339
-0.4285714285714286,-0.1836734693877552,25.17926466054495
-0.3877551020408164,-0.1836734693877552,23.750716114983035
-0.3469387755102041,-0.1836734693877552,21.827435627307217
-0.3061224489795918,-0.1836734693877552,19.53326401011534
-0.2653061224489796,-0.1836734693877552,17.016520109818735
-0.2244897959183673,-0.1836734693877552,14.440299230270682
-0.1836734693877552,-0.1836734693877552,11.971805024266004
-0.1428571428571429,-0.1836734693877552,9.771412656810972
-0.1020408163265307,-0.1836734693877552,7.982178621650024
-0.0612244897959184,-0.1836734693877552,6.720483376823556
-0.0204081632653061,-0.1836734693877552,6.068418867028403
0.0204081632653061,-0.1836734693877552,6.068418867028403
0.0612244897959182,-0.1836734693877552,6.720483376823551
0.1020408163265305,-0.1836734693877552,7.982178621650015
0.1428571428571428,-0.1836734693877552,9.77141265681097
0.183673469387755,-0.1836734693877552,11.971805024265995
0.2244897959183671,-0.1836734693877552,14.440299230270668
0.2653061224489794,-0.1836734693877552,17.01652010981872
0.3061224489795917,-0.1836734693877552,19.53326401011533
0.346938775510204,-0.1836734693877552,21.827435627307217
0.3877551020408163,-0.1836734693877552,23.750716114983028
0.4285714285714284,-0.1836734693877552,25.17926466054494
0.4693877551020406,-0.1836734693877552,26.02181894668339
0.510204081632653,-0.1836734693877552,26.225664644550985
0.5510204081632653,-0.1836734693877552,25.7800834724521
0.5918367346938773,-0.1836734693877552,24.717054281584527
0.6326530612244896,-0.1836734693877552,23.10916131062289
0.6734693877551019,-0.1836734693877552,21.064846430784595
0.7142857142857142,-0.1836734693877552,18.72131593332881
0.7551020408163265,-0.1836734693877552,16.235565828461436
0.7959183673469385,-0.1836734693877552,13.774112693302907
0.8367346938775508,-0.1836734693877552,11.502101776966123
0.8775510204081631,-0.1836734693877552,9.57250480457514
0.9183673469387754,-0.1836734693877552,8.116114054822475
0.9591836734693876,-0.1836734693877552,7.232987201192937
1.0,-0.1836734693877552,6.985902512133001
-1.0,-0.1428571428571429,4.785510144677973
-0.9591836734693876,-0.1428571428571429,5.0325948337379085
-0.9183673469387756,-0.1428571428571429,5.915721687367444
-0.8775510204081632,-0.1428571428571429,7.37211243712011
-0.8367346938775511,-0.1428571428571429,9.30170940951108
-0.7959183673469388,-0.1428571428571429,11.573720325847871
-0.7551020408163265,-0.1428571428571429,14.035173461006409
-0.7142857142857143,-0.1428571428571429,16.520923565873773
-0.6734693877551021,-0.1428571428571429,18.86445406332956
-0.6326530612244898,-0.1428571428571429,20.908768943167857
-0.5918367346938775,-0.1428571428571429,22.516661914129493
-0.5510204081632654,-0.1428571428571429,23.579691104997067
-0.5102040816326531,-0.1428571428571429,24.02527227709596
-0.4693877551020409,-0.1428571428571429,23.82142657922836
-0.4285714285714286,-0.1428571428571429,22.97887229308992
-0.3877551020408164,-0.1428571428571429,21.550323747528005
-0.3469387755102041,-0.1428571428571429,19.627043259852183
-0.3061224489795918,-0.1428571428571429,17.332871642660308
-0.2653061224489796,-0.1428571428571429,14.816127742363706
-0.2244897959183673,-0.1428571428571429,12.239906862815651
-0.1836734693877552,-0.1428571428571429,9.771412656810975
-0.1428571428571429,-0.1428571428571429,7.571020289355946
-0.1020408163265307,-0.1428571428571429,5.781786254194996
-0.0612244897959184,-0.1428571428571429,4.520091009368528
-0.0204081632653061,-0.1428571428571429,3.868026499573375
0.0204081632653061,-0.1428571428571429,3.868026499573375
0.0612244897959182,-0.1428571428571429,4.520091009368523
0.1020408163265305,-0.1428571428571429,5.781786254194987
0.1428571428571428,-0.1428571428571429,7.571020289355941
0.183673469387755,-0.1428571428571429,9.771412656810968
0.2244897959183671,-0.1428571428571429,12.23990686281564
0.2653061224489794,-0.1428571428571429,14.816127742363692
0.3061224489795917,-0.1428571428571429,17.332871642660308
0.346938775510204,-0.1428571428571429,19.627043259852183
0.3877551020408163,-0.1428571428571429,21.550323747528
0.4285714285714284,-0.1428571428571429,22.978872293089918
0.4693877551020406,-0.1428571428571429,23.82142657922836
0.510204081632653,-0.1428571428571429,24.02527227709596
0.5510204081632653,-0.1428571428571429,23.579691104997075
0.5918367346938773,-0.1428571428571429,22.5166619141295
0.6326530612244896,-0.1428571428571429,20.908768943167864
0.6734693877551019,-0.1428571428571429,18.864454063329568
0.7142857142857142,-0.1428571428571429,16.52092356587378
0.7551020408163265,-0.1428571428571429,14.035173461006409
0.7959183673469385,-0.1428571428571429,11.573720325847878
0.8367346938775508,-0.1428571428571429,9.301709409511096
0.8775510204081631,-0.1428571428571429,7.37211243712011
0.9183673469387754,-0.1428571428571429,5.915721687367448
0.9591836734693876,-0.1428571428571429,5.0325948337379085
1.0,-0.1428571428571429,4.785510144677973
-1.0,-0.1020408163265307,2.996276109517023
-0.9591836734693876,-0.1020408163265307,3.2433607985769584
-0.9183673469387756,-0.1020408163265307,4.126487652206494
-0.8775510204081632,-0.1020408163265307,5.58287840195916
-0.8367346938775511,-0.1020408163265307,7.51247537435013
-0.7959183673469388,-0.1020408163265307,9.78448629068692
-0.7551020408163265,-0.1020408163265307,12.245939425845457
-0.7142857142857143,-0.1020408163265307,14.73168953071282
-0.6734693877551021,-0.1020408163265307,17.07522002816861
-0.6326530612244898,-0.1020408163265307,19.11953490800691
-0.5918367346938775,-0.1020408163265307,20.72742787896854
-0.5510204081632654,-0.1020408163265307,21.79045706983612
-0.5102040816326531,-0.1020408163265307,22.23603824193501
-0.4693877551020409,-0.1020408163265307,22.03219254406741
-0.4285714285714286,-0.1020408163265307,21.18963825792897
-0.3877551020408164,-0.1020408163265307,19.761089712367056
-0.3469387755102041,-0.1020408163265307,17.837809224691238
-0.3061224489795918,-0.1020408163265307,15.54363760749936
-0.2653061224489796,-0.1020408163265307,13.026893707202756
-0.2244897959183673,-0.1020408163265307,10.450672827654705
-0.1836734693877552,-0.1020408163265307,7.982178621650025
-0.1428571428571429,-0.1020408163265307,5.781786254194996
-0.1020408163265307,-0.1020408163265307,3.992552219034046
-0.0612244897959184,-0.1020408163265307,2.730856974207578
-0.0204081632653061,-0.1020408163265307,2.078792464412425
0.0204081632653061,-0.1020408163265307,2.078792464412425
0.0612244897959182,-0.1020408163265307,2.730856974207573
0.1020408163265305,-0.1020408163265307,3.992552219034037
0.1428571428571428,-0.1020408163265307,5.781786254194991
0.183673469387755,-0.1020408163265307,7.982178621650018
0.2244897959183671,-0.1020408163265307,10.450672827654689
0.2653061224489794,-0.1020408163265307,13.026893707202742
0.3061224489795917,-0.1020408163265307,15.543637607499356
0.346938775510204,-0.1020408163265307,17.837809224691238
0.3877551020408163,-0.1020408163265307,19.76108971236705
0.4285714285714284,-0.1020408163265307,21.18963825792896
0.4693877551020406,-0.1020408163265307,22.03219254406741
0.510204081632653,-0.1020408163265307,22.23603824193501
0.5510204081632653,-0.1020408163265307,21.790457069836123
0.5918367346938773,-0.1020408163265307,20.727427878968548
0.6326530612244896,-0.1020408163265307,19.11953490800692
0.6734693877551019,-0.1020408163265307,17.075220028168616
0.7142857142857142,-0.1020408163265307,14.731689530712831
0.7551020408163265,-0.1020408163265307,12.245939425845457
0.7959183673469385,-0.1020408163265307,9.784486290686928
0.8367346938775508,-0.1020408163265307,7.512475374350146
0.8775510204081631,-0.1020408163265307,5.58287840195916
0.9183673469387754,-0.1020408163265307,4.126487652206498
0.9591836734693876,-0.1020408163265307,3.2433607985769584
1.0,-0.1020408163265307,2.996276109517023
-1.0,-0.0612244897959184,1.734580864690555
-0.9591836734693876,-0.0612244897959184,1.9816655537504904
-0.9183673469387756,-0.0612244897959184,2.864792407380026
-0.8775510204081632,-0.0612244897959184,4.321183157132692
-0.8367346938775511,-0.0612244897959184,6.250780129523662
-0.7959183673469388,-0.0612244897959184,8.522791045860453
-0.7551020408163265,-0.0612244897959184,10.984244181018989
-0.7142857142857143,-0.0612244897959184,13.469994285886353
-0.6734693877551021,-0.0612244897959184,15.81352478334214
-0.6326530612244898,-0.0612244897959184,17.857839663180442
-0.5918367346938775,-0.0612244897959184,19.46573263414207
-0.5510204081632654,-0.0612244897959184,20.528761825009653
-0.5102040816326531,-0.0612244897959184,20.974342997108536
-0.4693877551020409,-0.0612244897959184,20.770497299240944
-0.4285714285714286,-0.0612244897959184,19.9279430131025
-0.3877551020408164,-0.0612244897959184,18.49939446754059
-0.3469387755102041,-0.0612244897959184,16.576113979864772
-0.3061224489795918,-0.0612244897959184,14.281942362672892
-0.2653061224489796,-0.0612244897959184,11.765198462376288
-0.2244897959183673,-0.0612244897959184,9.188977582828237
-0.1836734693877552,-0.0612244897959184,6.720483376823557
-0.1428571428571429,-0.0612244897959184,4.520091009368528
-0.1020408163265307,-0.0612244897959184,2.730856974207578
-0.0612244897959184,-0.0612244897959184,1.46916172938111
-0.0204081632653061,-0.0612244897959184,0.8170972195859569
0.0204081632653061,-0.0612244897959184,0.8170972195859569
0.0612244897959182,-0.0612244897959184,1.4691617293811046
0.1020408163265305,-0.0612244897959184,2.730856974207569
0.1428571428571428,-0.0612244897959184,4.520091009368523
0.183673469387755,-0.0612244897959184,6.72048337682355
0.2244897959183671,-0.0612244897959184,9.18897758282822
0.2653061224489794,-0.0612244897959184,11.765198462376274
0.3061224489795917,-0.0612244897959184,14.281942362672888
0.346938775510204,-0.0612244897959184,16.576113979864772
0.3877551020408163,-0.0612244897959184,18.499394467540583
0.4285714285714284,-0.0612244897959184,19.92794301310249
0.4693877551020406,-0.0612244897959184,20.770497299240944
0.510204081632653,-0.0612244897959184,20.974342997108536
0.5510204081632653,-0.0612244897959184,20.528761825009653
0.5918367346938773,-0.0612244897959184,19.46573263414208
0.6326530612244896,-0.0612244897959184,17.85783966318045
0.6734693877551019,-0.0612244897959184,15.813524783342148
0.7142857142857142,-0.0612244897959184,13.469994285886363
0.7551020408163265,-0.0612244897959184,10.984244181018989
0.7959183673469385,-0.0612244897959184,8.52279104586046
0.8367346938775508,-0.0612244897959184,6.250780129523678
0.8775510204081631,-0.0612244897959184,4.321183157132692
0.9183673469387754,-0.0612244897959184,2.8647924073800297
0.9591836734693876,-0.0612244897959184,1.9816655537504904
1.0,-0.0612244897959184,1.734580864690555
-1.0,-0.0204081632653061,1.082516354895402
-0.9591836734693876,-0.0204081632653061,1.3296010439553374
-0.9183673469387756,-0.0204081632653061,2.212727897584873
-0.8775510204081632,-0.0204081632653061,3.6691186473375392
-0.8367346938775511,-0.0204081632653061,5.598715619728509
-0.7959183673469388,-0.0204081632653061,7.8707265360653
-0.7551020408163265,-0.0204081632653061,10.332179671223836
-0.7142857142857143,-0.0204081632653061,12.8179297760912
-0.6734693877551021,-0.0204081632653061,15.161460273546988
-0.6326530612244898,-0.0204081632653061,17.20577515338529
-0.5918367346938775,-0.0204081632653061,18.81366812434692
-0.5510204081632654,-0.0204081632653061,19.8766973152145
-0.5102040816326531,-0.0204081632653061,20.322278487313383
-0.4693877551020409,-0.0204081632653061,20.11843278944579
-0.4285714285714286,-0.0204081632653061,19.275878503307347
-0.3877551020408164,-0.0204081632653061,17.847329957745437
-0.3469387755102041,-0.0204081632653061,15.924049470069615
-0.3061224489795918,-0.0204081632653061,13.62987785287774
-0.2653061224489796,-0.0204081632653061,11.113133952581135
-0.2244897959183673,-0.0204081632653061,8.536913073033082
-0.1836734693877552,-0.0204081632653061,6.068418867028404
-0.1428571428571429,-0.0204081632653061,3.868026499573375
-0.1020408163265307,-0.0204081632653061,2.078792464412425
-0.0612244897959184,-0.0204081632653061,0.8170972195859569
-0.0204081632653061,-0.0204081632653061,0.1650327097908039
0.0204081632653061,-0.0204081632653061,0.1650327097908039
0.0612244897959182,-0.0204081632653061,0.8170972195859516
0.1020408163265305,-0.0204081632653061,2.078792464412416
0.1428571428571428,-0.0204081632653061,3.8680264995733697
0.183673469387755,-0.0204081632653061,6.068418867028397
0.2244897959183671,-0.0204081632653061,8.536913073033068
0.2653061224489794,-0.0204081632653061,11.11313395258112
0.3061224489795917,-0.0204081632653061,13.629877852877735
0.346938775510204,-0.0204081632653061,15.924049470069615
0.3877551020408163,-0.0204081632653061,17.84732995774543
0.4285714285714284,-0.0204081632653061,19.27587850330734
0.4693877551020406,-0.0204081632653061,20.11843278944579
0.510204081632653,-0.0204081632653061,20.322278487313383
0.5510204081632653,-0.0204081632653061,19.8766973152145
0.5918367346938773,-0.0204081632653061,18.813668124346925
0.6326530612244896,-0.0204081632653061,17.205775153385297
0.6734693877551019,-0.0204081632653061,15.161460273546997
0.7142857142857142,-0.0204081632653061,12.81792977609121
0.7551020408163265,-0.0204081632653061,10.332179671223836
0.7959183673469385,-0.0204081632653061,7.870726536065307
0.8367346938775508,-0.0204081632653061,5.598715619728525
0.8775510204081631,-0.0204081632653061,3.6691186473375392
0.9183673469387754,-0.0204081632653061,2.2127278975848768
0.9591836734693876,-0.0204081632653061,1.3296010439553374
1.0,-0.0204081632653061,1.082516354895402
-1.0,0.0204081632653061,1.082516354895402
-0.9591836734693876,0.0204081632653061,1.3296010439553374
-0.9183673469387756,0.0204081632653061,2.212727897584873
-0.8775510204081632,0.0204081632653061,3.6691186473375392
-0.8367346938775511,0.0204081632653061,5.598715619728509
-0.7959183673469388,0.0204081632653061,7.8707265360653
-0.7551020408163265,0.0204081632653061,10.332179671223836
-0.7142857142857143,0.0204081632653061,12.8179297760912
-0.6734693877551021,0.0204081632653061,15.161460273546988
-0.6326530612244898,0.0204081632653061,17.20577515338529
-0.5918367346938775,0.0204081632653061,18.81366812434692
-0.5510204081632654,0.0204081632653061,19.8766973152145
-0.5102040816326531,0.0204081632653061,20.322278487313383
-0.4693877551020409,0.0204081632653061,20.11843278944579
-0.4285714285714286,0.0204081632653061,19.275878503307347
-0.3877551020408164,0.0204081632653061,17.847329957745437
-0.3469387755102041,0.0204081632653061,15.924049470069615
-0.3061224489795918,0.0204081632653061,13.62987785287774
-0.2653061224489796,0.0204081632653061,11.113133952581135
-0.2244897959183673,0.0204081632653061,8.536913073033082
-0.1836734693877552,0.0204081632653061,6.068418867028404
-0.1428571428571429,0.0204081632653061,3.868026499573375
-0.1020408163265307,0.0204081632653061,2.078792464412425
-0.0612244897959184,0.0204081632653061,0.8170972195859569
-0.0204081632653061,0.0204081632653061,0.1650327097908039
0.0204081632653061,0.0204081632653061,0.1650327097908039
0.0612244897959182,0.0204081632653061,0.8170972195859516
0.1020408163265305,0.0204081632653061,2.078792464412416
0.1428571428571428,0.0204081632653061,3.8680264995733697
0.183673469387755,0.0204081632653061,6.068418867028397
0.2244897959183671,0.0204081632653061,8.536913073033068
0.2653061224489794,0.0204081632653061,11.11313395258112
0.3061224489795917,0.0204081632653061,13.629877852877735
0.346938775510204,0.0204081632653061,15.924049470069615
0.3877551020408163,0.0204081632653061,17.84732995774543
0.4285714285714284,0.0204081632653061,19.27587850330734
0.4693877551020406,0.0204081632653061,20.11843278944579
0.510204081632653,0.0204081632653061,20.322278487313383
0.5510204081632653,0.0204081632653061,19.8766973152145
0.5918367346938773,0.0204081632653061,18.813668124346925
0.6326530612244896,0.0204081632653061,17.205775153385297
0.6734693877551019,0.0204081632653061,15.161460273546997
0.7142857142857142,0.0204081632653061,12.81792977609121
0.7551020408163265,0.0204081632653061,10.332179671223836
0.7959183673469385,0.0204081632653061,7.870726536065307
0.8367346938775508,0.0204081632653061,5.598715619728525
0.8775510204081631,0.0204081632653061,3.6691186473375392
0.9183673469387754,0.0204081632653061,2.2127278975848768
0.9591836734693876,0.0204081632653061,1.3296010439553374
1.0,0.0204081632653061,1.082516354895402
-1.0,0.0612244897959182,1.7345808646905496
-0.9591836734693876,0.0612244897959182,1.981665553750485
-0.9183673469387756,0.0612244897959182,2.864792407380021
-0.8775510204081632,0.0612244897959182,4.321183157132687
-0.8367346938775511,0.0612244897959182,6.2507801295236565
-0.7959183673469388,0.0612244897959182,8.522791045860448
-0.7551020408163265,0.0612244897959182,10.984244181018983
-0.7142857142857143,0.0612244897959182,13.469994285886347
-0.6734693877551021,0.0612244897959182,15.813524783342135
-0.6326530612244898,0.0612244897959182,17.857839663180435
-0.5918367346938775,0.0612244897959182,19.465732634142068
-0.5510204081632654,0.0612244897959182,20.52876182500965
-0.5102040816326531,0.0612244897959182,20.974342997108533
-0.4693877551020409,0.0612244897959182,20.770497299240937
-0.4285714285714286,0.0612244897959182,19.927943013102496
-0.3877551020408164,0.0612244897959182,18.499394467540583
-0.3469387755102041,0.0612244897959182,16.576113979864765
-0.3061224489795918,0.0612244897959182,14.281942362672886
-0.2653061224489796,0.0612244897959182,11.765198462376285
-0.2244897959183673,0.0612244897959182,9.18897758282823
-0.1836734693877552,0.0612244897959182,6.720483376823552
-0.1428571428571429,0.0612244897959182,4.520091009368523
-0.1020408163265307,0.0612244897959182,2.730856974207573
-0.0612244897959184,0.0612244897959182,1.4691617293811046
-0.0204081632653061,0.0612244897959182,0.8170972195859516
0.0204081632653061,0.0612244897959182,0.8170972195859516
0.0612244897959182,0.0612244897959182,1.4691617293810992
0.1020408163265305,0.0612244897959182,2.730856974207564
0.1428571428571428,0.0612244897959182,4.520091009368517
0.183673469387755,0.0612244897959182,6.720483376823545
0.2244897959183671,0.0612244897959182,9.188977582828215
0.2653061224489794,0.0612244897959182,11.765198462376269
0.3061224489795917,0.0612244897959182,14.281942362672885
0.346938775510204,0.0612244897959182,16.576113979864765
0.3877551020408163,0.0612244897959182,18.499394467540576
0.4285714285714284,0.0612244897959182,19.92794301310249
0.4693877551020406,0.0612244897959182,20.770497299240937
0.510204081632653,0.0612244897959182,20.974342997108533
0.5510204081632653,0.0612244897959182,20.52876182500965
0.5918367346938773,0.0612244897959182,19.465732634142075
0.6326530612244896,0.0612244897959182,17.857839663180442
0.6734693877551019,0.0612244897959182,15.813524783342142
0.7142857142857142,0.0612244897959182,13.469994285886358
0.7551020408163265,0.0612244897959182,10.984244181018983
0.7959183673469385,0.0612244897959182,8.522791045860455
0.8367346938775508,0.0612244897959182,6.2507801295236725
0.8775510204081631,0.0612244897959182,4.321183157132687
0.9183673469387754,0.0612244897959182,2.8647924073800244
0.9591836734693876,0.0612244897959182,1.981665553750485
1.0,0.0612244897959182,1.7345808646905496
-1.0,0.1020408163265305,2.996276109517014
-0.9591836734693876,0.1020408163265305,3.243360798576949
-0.9183673469387756,0.1020408163265305,4.126487652206485
-0.8775510204081632,0.1020408163265305,5.582878401959151
-0.8367346938775511,0.1020408163265305,7.512475374350121
-0.7959183673469388,0.1020408163265305,9.784486290686912
-0.7551020408163265,0.1020408163265305,12.245939425845448
-0.7142857142857143,0.1020408163265305,14.731689530712812
-0.6734693877551021,0.1020408163265305,17.0752200281686
-0.6326530612244898,0.1020408163265305,19.119534908006894
-0.5918367346938775,0.1020408163265305,20.72742787896853
-0.5510204081632654,0.1020408163265305,21.79045706983611
-0.5102040816326531,0.1020408163265305,22.236038241935
-0.4693877551020409,0.1020408163265305,22.0321925440674
-0.4285714285714286,0.1020408163265305,21.18963825792896
-0.3877551020408164,0.1020408163265305,19.761089712367045
-0.3469387755102041,0.1020408163265305,17.837809224691227
-0.3061224489795918,0.1020408163265305,15.54363760749935
-0.2653061224489796,0.1020408163265305,13.026893707202747
-0.2244897959183673,0.1020408163265305,10.450672827654694
-0.1836734693877552,0.1020408163265305,7.982178621650016
-0.1428571428571429,0.1020408163265305,5.781786254194987
-0.1020408163265307,0.1020408163265305,3.992552219034037
-0.0612244897959184,0.1020408163265305,2.730856974207569
-0.0204081632653061,0.1020408163265305,2.078792464412416
0.0204081632653061,0.1020408163265305,2.078792464412416
0.0612244897959182,0.1020408163265305,2.730856974207564
0.1020408163265305,0.1020408163265305,3.992552219034028
0.1428571428571428,0.1020408163265305,5.781786254194982
0.183673469387755,0.1020408163265305,7.982178621650009
0.2244897959183671,0.1020408163265305,10.45067282765468
0.2653061224489794,0.1020408163265305,13.026893707202731
0.3061224489795917,0.1020408163265305,15.543637607499347
0.346938775510204,0.1020408163265305,17.837809224691227
0.3877551020408163,0.1020408163265305,19.76108971236704
0.4285714285714284,0.1020408163265305,21.189638257928955
0.4693877551020406,0.1020408163265305,22.0321925440674
0.510204081632653,0.1020408163265305,22.236038241935
0.5510204081632653,0.1020408163265305,21.79045706983612
0.5918367346938773,0.1020408163265305,20.72742787896854
0.6326530612244896,0.1020408163265305,19.119534908006905
0.6734693877551019,0.1020408163265305,17.07522002816861
0.7142857142857142,0.1020408163265305,14.731689530712822
0.7551020408163265,0.1020408163265305,12.245939425845448
0.7959183673469385,0.1020408163265305,9.78448629068692
0.8367346938775508,0.1020408163265305,7.512475374350137
0.8775510204081631,0.1020408163265305,5.582878401959151
0.9183673469387754,0.1020408163265305,4.126487652206489
0.9591836734693876,0.1020408163265305,3.243360798576949
1.0,0.1020408163265305,2.996276109517014
-1.0,0.1428571428571428,4.785510144677967
-0.9591836734693876,0.1428571428571428,5.032594833737902
-0.9183673469387756,0.1428571428571428,5.915721687367438
-0.8775510204081632,0.1428571428571428,7.372112437120104
-0.8367346938775511,0.1428571428571428,9.301709409511073
-0.7959183673469388,0.1428571428571428,11.573720325847866
-0.7551020408163265,0.1428571428571428,14.0351734610064
-0.7142857142857143,0.1428571428571428,16.520923565873765
-0.6734693877551021,0.1428571428571428,18.864454063329557
-0.6326530612244898,0.1428571428571428,20.908768943167853
-0.5918367346938775,0.1428571428571428,22.51666191412949
-0.5510204081632654,0.1428571428571428,23.579691104997064
-0.5102040816326531,0.1428571428571428,24.02527227709595
-0.4693877551020409,0.1428571428571428,23.821426579228355
-0.4285714285714286,0.1428571428571428,22.978872293089918
-0.3877551020408164,0.1428571428571428,21.550323747528
-0.3469387755102041,0.1428571428571428,19.627043259852183
-0.3061224489795918,0.1428571428571428,17.332871642660304
-0.2653061224489796,0.1428571428571428,14.8161277423637
-0.2244897959183673,0.1428571428571428,12.239906862815648
-0.1836734693877552,0.1428571428571428,9.77141265681097
-0.1428571428571429,0.1428571428571428,7.57102028935594
-0.1020408163265307,0.1428571428571428,5.78178625419499
-0.0612244897959184,0.1428571428571428,4.520091009368522
-0.0204081632653061,0.1428571428571428,3.868026499573369
0.0204081632653061,0.1428571428571428,3.868026499573369
0.0612244897959182,0.1428571428571428,4.5200910093685165
0.1020408163265305,0.1428571428571428,5.781786254194981
0.1428571428571428,0.1428571428571428,7.571020289355935
0.183673469387755,0.1428571428571428,9.771412656810964
0.2244897959183671,0.1428571428571428,12.239906862815634
0.2653061224489794,0.1428571428571428,14.816127742363689
0.3061224489795917,0.1428571428571428,17.3328716426603
0.346938775510204,0.1428571428571428,19.627043259852183
0.3877551020408163,0.1428571428571428,21.550323747527997
0.4285714285714284,0.1428571428571428,22.978872293089907
0.4693877551020406,0.1428571428571428,23.821426579228355
0.510204081632653,0.1428571428571428,24.02527227709595
0.5510204081632653,0.1428571428571428,23.579691104997067
0.5918367346938773,0.1428571428571428,22.516661914129493
0.6326530612244896,0.1428571428571428,20.90876894316786
0.6734693877551019,0.1428571428571428,18.86445406332956
0.7142857142857142,0.1428571428571428,16.520923565873776
0.7551020408163265,0.1428571428571428,14.0351734610064
0.7959183673469385,0.1428571428571428,11.573720325847871
0.8367346938775508,0.1428571428571428,9.30170940951109
0.8775510204081631,0.1428571428571428,7.372112437120104
0.9183673469387754,0.1428571428571428,5.915721687367442
0.9591836734693876,0.1428571428571428,5.032594833737902
1.0,0.1428571428571428,4.785510144677967
-1.0,0.183673469387755,6.985902512132995
-0.9591836734693876,0.183673469387755,7.23298720119293
-0.9183673469387756,0.183673469387755,8.116114054822466
-0.8775510204081632,0.183673469387755,9.572504804575132
-0.8367346938775511,0.183673469387755,11.502101776966102
-0.7959183673469388,0.183673469387755,13.774112693302891
-0.7551020408163265,0.183673469387755,16.23556582846143
-0.7142857142857143,0.183673469387755,18.721315933328796
-0.6734693877551021,0.183673469387755,21.06484643078458
-0.6326530612244898,0.183673469387755,23.10916131062288
-0.5918367346938775,0.183673469387755,24.717054281584517
-0.5510204081632654,0.183673469387755,25.78008347245209
-0.5102040816326531,0.183673469387755,26.225664644550974
-0.4693877551020409,0.183673469387755,26.021818946683386
-0.4285714285714286,0.183673469387755,25.17926466054494
-0.3877551020408164,0.183673469387755,23.750716114983028
-0.3469387755102041,0.183673469387755,21.82743562730721
-0.3061224489795918,0.183673469387755,19.53326401011533
-0.2653061224489796,0.183673469387755,17.016520109818728
-0.2244897959183673,0.183673469387755,14.440299230270677
-0.1836734693877552,0.183673469387755,11.971805024265995
-0.1428571428571429,0.183673469387755,9.771412656810968
-0.1020408163265307,0.183673469387755,7.982178621650018
-0.0612244897959184,0.183673469387755,6.72048337682355
-0.0204081632653061,0.183673469387755,6.068418867028397
0.0204081632653061,0.183673469387755,6.068418867028397
0.0612244897959182,0.183673469387755,6.720483376823545
0.1020408163265305,0.183673469387755,7.982178621650009
0.1428571428571428,0.183673469387755,9.771412656810964
0.183673469387755,0.183673469387755,11.97180502426599
0.2244897959183671,0.183673469387755,14.44029923027066
0.2653061224489794,0.183673469387755,17.016520109818714
0.3061224489795917,0.183673469387755,19.533264010115328
0.346938775510204,0.183673469387755,21.82743562730721
0.3877551020408163,0.183673469387755,23.75071611498302
0.4285714285714284,0.183673469387755,25.17926466054493
0.4693877551020406,0.183673469387755,26.021818946683386
0.510204081632653,0.183673469387755,26.225664644550974
0.5510204081632653,0.183673469387755,25.78008347245209
0.5918367346938773,0.183673469387755,24.71705428158452
0.6326530612244896,0.183673469387755,23.109161310622888
0.6734693877551019,0.183673469387755,21.064846430784588
0.7142857142857142,0.183673469387755,18.721315933328803
0.7551020408163265,0.183673469387755,16.23556582846143
0.7959183673469385,0.183673469387755,13.7741126933029
0.8367346938775508,0.183673469387755,11.502101776966118
0.8775510204081631,0.183673469387755,9.572504804575132
0.9183673469387754,0.183673469387755,8.11611405482247
0.9591836734693876,0.183673469387755,7.23298720119293
1.0,0.183673469387755,6.985902512132995
-1.0,0.2244897959183671,9.454396718137666
-0.9591836734693876,0.2244897959183671,9.7014814071976
-0.9183673469387756,0.2244897959183671,10.584608260827135
-0.8775510204081632,0.2244897959183671,12.040999010579805
-0.8367346938775511,0.2244897959183671,13.970595982970773
-0.7959183673469388,0.2244897959183671,16.242606899307564
-0.7551020408163265,0.2244897959183671,18.7040600344661
-0.7142857142857143,0.2244897959183671,21.189810139333463
-0.6734693877551021,0.2244897959183671,23.53334063678925
-0.6326530612244898,0.2244897959183671,25.57765551662755
-0.5918367346938775,0.2244897959183671,27.185548487589184
-0.5510204081632654,0.2244897959183671,28.24857767845676
-0.5102040816326531,0.2244897959183671,28.69415885055565
-0.4693877551020409,0.2244897959183671,28.490313152688053
-0.4285714285714286,0.2244897959183671,27.64775886654961
-0.3877551020408164,0.2244897959183671,26.2192103209877
-0.3469387755102041,0.2244897959183671,24.29592983331188
-0.3061224489795918,0.2244897959183671,22.00175821612
-0.2653061224489796,0.2244897959183671,19.4850143158234
-0.2244897959183673,0.2244897959183671,16.908793436275346
-0.1836734693877552,0.2244897959183671,14.440299230270668
-0.1428571428571429,0.2244897959183671,12.23990686281564
-0.1020408163265307,0.2244897959183671,10.450672827654689
-0.0612244897959184,0.2244897959183671,9.18897758282822
-0.0204081632653061,0.2244897959183671,8.536913073033068
0.0204081632653061,0.2244897959183671,8.536913073033068
0.0612244897959182,0.2244897959183671,9.188977582828215
0.1020408163265305,0.2244897959183671,10.45067282765468
0.1428571428571428,0.2244897959183671,12.239906862815634
0.183673469387755,0.2244897959183671,14.44029923027066
0.2244897959183671,0.2244897959183671,16.90879343627533
0.2653061224489794,0.2244897959183671,19.485014315823385
0.3061224489795917,0.2244897959183671,22.00175821612
0.346938775510204,0.2244897959183671,24.29592983331188
0.3877551020408163,0.2244897959183671,26.21921032098769
0.4285714285714284,0.2244897959183671,27.647758866549605
0.4693877551020406,0.2244897959183671,28.490313152688053
0.510204081632653,0.2244897959183671,28.69415885055565
0.5510204081632653,0.2244897959183671,28.248577678456765
0.5918367346938773,0.2244897959183671,27.18554848758919
0.6326530612244896,0.2244897959183671,25.57765551662756
0.6734693877551019,0.2244897959183671,23.53334063678926
0.7142857142857142,0.2244897959183671,21.189810139333478
0.7551020408163265,0.2244897959183671,18.7040600344661
0.7959183673469385,0.2244897959183671,16.24260689930757
0.8367346938775508,0.2244897959183671,13.970595982970789
0.8775510204081631,0.2244897959183671,12.040999010579805
0.9183673469387754,0.2244897959183671,10.58460826082714
0.9591836734693876,0.2244897959183671,9.7014814071976
1.0,0.2244897959183671,9.454396718137666
-1.0,0.2653061224489794,12.03061759768572
-0.9591836734693876,0.2653061224489794,12.277702286745654
-0.9183673469387756,0.2653061224489794,13.16082914037519
-0.8775510204081632,0.2653061224489794,14.617219890127856
-0.8367346938775511,0.2653061224489794,16.546816862518828
-0.7959183673469388,0.2653061224489794,18.818827778855617
-0.7551020408163265,0.2653061224489794,21.280280914014156
-0.7142857142857143,0.2653061224489794,23.76603101888152
-0.6734693877551021,0.2653061224489794,26.109561516337305
-0.6326530612244898,0.2653061224489794,28.153876396175605
-0.5918367346938775,0.2653061224489794,29.76176936713724
-0.5510204081632654,0.2653061224489794,30.82479855800481
-0.5102040816326531,0.2653061224489794,31.270379730103706
-0.4693877551020409,0.2653061224489794,31.066534032236103
-0.4285714285714286,0.2653061224489794,30.223979746097665
-0.3877551020408164,0.2653061224489794,28.795431200535752
-0.3469387755102041,0.2653061224489794,26.87215071285993
-0.3061224489795918,0.2653061224489794,24.577979095668056
-0.2653061224489796,0.2653061224489794,22.06123519537145
-0.2244897959183673,0.2653061224489794,19.4850143158234
-0.1836734693877552,0.2653061224489794,17.01652010981872
-0.1428571428571429,0.2653061224489794,14.816127742363692
-0.1020408163265307,0.2653061224489794,13.026893707202742
-0.0612244897959184,0.2653061224489794,11.765198462376274
-0.0204081632653061,0.2653061224489794,11.11313395258112
0.0204081632653061,0.2653061224489794,11.11313395258112
0.0612244897959182,0.2653061224489794,11.765198462376269
0.1020408163265305,0.2653061224489794,13.026893707202731
0.1428571428571428,0.2653061224489794,14.816127742363689
0.183673469387755,0.2653061224489794,17.016520109818714
0.2244897959183671,0.2653061224489794,19.485014315823385
0.2653061224489794,0.2653061224489794,22.06123519537144
0.3061224489795917,0.2653061224489794,24.57797909566805
0.346938775510204,0.2653061224489794,26.87215071285993
0.3877551020408163,0.2653061224489794,28.795431200535745
0.4285714285714284,0.2653061224489794,30.22397974609766
0.4693877551020406,0.2653061224489794,31.066534032236103
0.510204081632653,0.2653061224489794,31.270379730103706
0.5510204081632653,0.2653061224489794,30.82479855800482
0.5918367346938773,0.2653061224489794,29.761769367137244
0.6326530612244896,0.2653061224489794,28.15387639617561
0.6734693877551019,0.2653061224489794,26.109561516337312
0.7142857142857142,0.2653061224489794,23.766031018881527
0.7551020408163265,0.2653061224489794,21.280280914014156
0.7959183673469385,0.2653061224489794,18.818827778855624
0.8367346938775508,0.2653061224489794,16.546816862518842
0.8775510204081631,0.2653061224489794,14.617219890127856
0.9183673469387754,0.2653061224489794,13.160829140375194
0.9591836734693876,0.2653061224489794,12.277702286745654
1.0,0.2653061224489794,12.03061759768572
-1.0,0.3061224489795917,14.547361497982331
-0.9591836734693876,0.3061224489795917,14.794446187042269
-0.9183673469387756,0.3061224489795917,15.677573040671804
-0.8775510204081632,0.3061224489795917,17.13396379042447
-0.8367346938775511,0.3061224489795917,19.06356076281544
-0.7959183673469388,0.3061224489795917,21.33557167915223
-0.7551020408163265,0.3061224489795917,23.797024814310767
-0.7142857142857143,0.3061224489795917,26.28277491917813
-0.6734693877551021,0.3061224489795917,28.62630541663392
-0.6326530612244898,0.3061224489795917,30.67062029647222
-0.5918367346938775,0.3061224489795917,32.27851326743385
-0.5510204081632654,0.3061224489795917,33.341542458301426
-0.5102040816326531,0.3061224489795917,33.78712363040032
-0.4693877551020409,0.3061224489795917,33.58327793253272
-0.4285714285714286,0.3061224489795917,32.74072364639428
-0.3877551020408164,0.3061224489795917,31.312175100832366
-0.3469387755102041,0.3061224489795917,29.38889461315655
-0.3061224489795918,0.3061224489795917,27.09472299596467
-0.2653061224489796,0.3061224489795917,24.577979095668063
-0.2244897959183673,0.3061224489795917,22.001758216120013
-0.1836734693877552,0.3061224489795917,19.53326401011533
-0.1428571428571429,0.3061224489795917,17.332871642660304
-0.1020408163265307,0.3061224489795917,15.543637607499354
-0.0612244897959184,0.3061224489795917,14.281942362672886
-0.0204081632653061,0.3061224489795917,13.629877852877732
0.0204081632653061,0.3061224489795917,13.629877852877732
0.0612244897959182,0.3061224489795917,14.28194236267288
0.1020408163265305,0.3061224489795917,15.543637607499344
0.1428571428571428,0.3061224489795917,17.3328716426603
0.183673469387755,0.3061224489795917,19.533264010115328
0.2244897959183671,0.3061224489795917,22.00175821612
0.2653061224489794,0.3061224489795917,24.57797909566805
0.3061224489795917,0.3061224489795917,27.094722995964663
0.346938775510204,0.3061224489795917,29.38889461315655
0.3877551020408163,0.3061224489795917,31.31217510083236
0.4285714285714284,0.3061224489795917,32.74072364639427
0.4693877551020406,0.3061224489795917,33.58327793253272
0.510204081632653,0.3061224489795917,33.78712363040032
0.5510204081632653,0.3061224489795917,33.34154245830143
0.5918367346938773,0.3061224489795917,32.27851326743386
0.6326530612244896,0.3061224489795917,30.670620296472222
0.6734693877551019,0.3061224489795917,28.62630541663393
0.7142857142857142,0.3061224489795917,26.28277491917814
0.7551020408163265,0.3061224489795917,23.797024814310767
0.7959183673469385,0.3061224489795917,21.33557167915224
0.8367346938775508,0.3061224489795917,19.063560762815456
0.8775510204081631,0.3061224489795917,17.13396379042447
0.9183673469387754,0.3061224489795917,15.677573040671806
0.9591836734693876,0.3061224489795917,14.794446187042269
1.0,0.3061224489795917,14.547361497982331
-1.0,0.346938775510204,16.841533115174215
-0.9591836734693876,0.346938775510204,17.08861780423415
-0.9183673469387756,0.346938775510204,17.971744657863685
-0.8775510204081632,0.346938775510204,19.428135407616352
-0.8367346938775511,0.346938775510204,21.35773238000732
-0.7959183673469388,0.346938775510204,23.629743296344117
-0.7551020408163265,0.346938775510204,26.09119643150265
-0.7142857142857143,0.346938775510204,28.576946536370013
-0.6734693877551021,0.346938775510204,30.9204770338258
-0.6326530612244898,0.346938775510204,32.9647919136641
-0.5918367346938775,0.346938775510204,34.57268488462573
-0.5510204081632654,0.346938775510204,35.63571407549331
-0.5102040816326531,0.346938775510204,36.0812952475922
-0.4693877551020409,0.346938775510204,35.8774495497246
-0.4285714285714286,0.346938775510204,35.03489526358616
-0.3877551020408164,0.346938775510204,33.60634671802425
-0.3469387755102041,0.346938775510204,31.68306623034843
-0.3061224489795918,0.346938775510204,29.388894613156552
-0.2653061224489796,0.346938775510204,26.87215071285995
-0.2244897959183673,0.346938775510204,24.29592983331189
-0.1836734693877552,0.346938775510204,21.827435627307217
-0.1428571428571429,0.346938775510204,19.627043259852183
-0.1020408163265307,0.346938775510204,17.837809224691238
-0.0612244897959184,0.346938775510204,16.57611397986477
-0.0204081632653061,0.346938775510204,15.924049470069615
0.0204081632653061,0.346938775510204,15.924049470069615
0.0612244897959182,0.346938775510204,16.576113979864765
0.1020408163265305,0.346938775510204,17.837809224691227
0.1428571428571428,0.346938775510204,19.627043259852183
0.183673469387755,0.346938775510204,21.82743562730721
0.2244897959183671,0.346938775510204,24.29592983331188
0.2653061224489794,0.346938775510204,26.87215071285993
0.3061224489795917,0.346938775510204,29.38889461315655
0.346938775510204,0.346938775510204,31.68306623034843
0.3877551020408163,0.346938775510204,33.60634671802424
0.4285714285714284,0.346938775510204,35.03489526358615
0.4693877551020406,0.346938775510204,35.8774495497246
0.510204081632653,0.346938775510204,36.0812952475922
0.5510204081632653,0.346938775510204,35.63571407549331
0.5918367346938773,0.346938775510204,34.57268488462574
0.6326530612244896,0.346938775510204,32.96479191366411
0.6734693877551019,0.346938775510204,30.920477033825808
0.7142857142857142,0.346938775510204,28.576946536370023
0.7551020408163265,0.346938775510204,26.09119643150265
0.7959183673469385,0.346938775510204,23.62974329634412
0.8367346938775508,0.346938775510204,21.357732380007334
0.8775510204081631,0.346938775510204,19.428135407616352
0.9183673469387754,0.346938775510204,17.971744657863688
0.9591836734693876,0.346938775510204,17.08861780423415
1.0,0.346938775510204,16.841533115174215
-1.0,0.3877551020408163,18.764813602850023
-0.9591836734693876,0.3877551020408163,19.011898291909965
-0.9183673469387756,0.3877551020408163,19.8950251455395
-0.8775510204081632,0.3877551020408163,21.351415895292163
-0.8367346938775511,0.3877551020408163,23.28101286768313
-0.7959183673469388,0.3877551020408163,25.553023784019928
-0.7551020408163265,0.3877551020408163,28.014476919178463
-0.7142857142857143,0.3877551020408163,30.500227024045827
-0.6734693877551021,0.3877551020408163,32.843757521501615
-0.6326530612244898,0.3877551020408163,34.88807240133991
-0.5918367346938775,0.3877551020408163,36.49596537230155
-0.5510204081632654,0.3877551020408163,37.55899456316912
-0.5102040816326531,0.3877551020408163,38.00457573526801
-0.4693877551020409,0.3877551020408163,37.80073003740041
-0.4285714285714286,0.3877551020408163,36.958175751261976
-0.3877551020408164,0.3877551020408163,35.52962720570006
-0.3469387755102041,0.3877551020408163,33.60634671802424
-0.3061224489795918,0.3877551020408163,31.312175100832363
-0.2653061224489796,0.3877551020408163,28.79543120053576
-0.2244897959183673,0.3877551020408163,26.219210320987703
-0.1836734693877552,0.3877551020408163,23.750716114983028
-0.1428571428571429,0.3877551020408163,21.550323747528
-0.1020408163265307,0.3877551020408163,19.761089712367053
-0.0612244897959184,0.3877551020408163,18.499394467540583
-0.0204081632653061,0.3877551020408163,17.84732995774543
0.0204081632653061,0.3877551020408163,17.84732995774543
0.0612244897959182,0.3877551020408163,18.499394467540576
0.1020408163265305,0.3877551020408163,19.76108971236704
0.1428571428571428,0.3877551020408163,21.550323747528
0.183673469387755,0.3877551020408163,23.75071611498302
0.2244897959183671,0.3877551020408163,26.21921032098769
0.2653061224489794,0.3877551020408163,28.795431200535745
0.3061224489795917,0.3877551020408163,31.312175100832363
0.346938775510204,0.3877551020408163,33.60634671802424
0.3877551020408163,0.3877551020408163,35.52962720570005
0.4285714285714284,0.3877551020408163,36.95817575126197
0.4693877551020406,0.3877551020408163,37.80073003740041
0.510204081632653,0.3877551020408163,38.00457573526801
0.5510204081632653,0.3877551020408163,37.55899456316913
0.5918367346938773,0.3877551020408163,36.49596537230156
0.6326530612244896,0.3877551020408163,34.88807240133992
0.6734693877551019,0.3877551020408163,32.84375752150162
0.7142857142857142,0.3877551020408163,30.500227024045834
0.7551020408163265,0.3877551020408163,28.014476919178463
0.7959183673469385,0.3877551020408163,25.55302378401993
0.8367346938775508,0.3877551020408163,23.281012867683152
0.8775510204081631,0.3877551020408163,21.351415895292163
0.9183673469387754,0.3877551020408163,19.895025145539503
0.9591836734693876,0.3877551020408163,19.011898291909965
1.0,0.3877551020408163,18.764813602850023
-1.0,0.4285714285714284,20.19336214841194
-0.9591836734693876,0.4285714285714284,20.440446837471875
-0.9183673469387756,0.4285714285714284,21.32357369110141
-0.8775510204081632,0.4285714285714284,22.77996444085408
-0.8367346938775511,0.4285714285714284,24.709561413245048
-0.7959183673469388,0.4285714285714284,26.98157232958184
-0.7551020408163265,0.4285714285714284,29.443025464740373
-0.7142857142857143,0.4285714285714284,31.928775569607737
-0.6734693877551021,0.4285714285714284,34.272306067063525
-0.6326530612244898,0.4285714285714284,36.31662094690182
-0.5918367346938775,0.4285714285714284,37.92451391786346
-0.5510204081632654,0.4285714285714284,38.98754310873103
-0.5102040816326531,0.4285714285714284,39.43312428082992
-0.4693877551020409,0.4285714285714284,39.22927858296232
-0.4285714285714286,0.4285714285714284,38.386724296823886
-0.3877551020408164,0.4285714285714284,36.958175751261976
-0.3469387755102041,0.4285714285714284,35.03489526358615
-0.3061224489795918,0.4285714285714284,32.74072364639427
-0.2653061224489796,0.4285714285714284,30.223979746097672
-0.2244897959183673,0.4285714285714284,27.64775886654962
-0.1836734693877552,0.4285714285714284,25.17926466054494
-0.1428571428571429,0.4285714285714284,22.978872293089918
-0.1020408163265307,0.4285714285714284,21.18963825792896
-0.0612244897959184,0.4285714285714284,19.92794301310249
-0.0204081632653061,0.4285714285714284,19.27587850330734
0.0204081632653061,0.4285714285714284,19.27587850330734
0.0612244897959182,0.4285714285714284,19.92794301310249
0.1020408163265305,0.4285714285714284,21.189638257928955
0.1428571428571428,0.4285714285714284,22.978872293089907
0.183673469387755,0.4285714285714284,25.17926466054493
0.2244897959183671,0.4285714285714284,27.647758866549605
0.2653061224489794,0.4285714285714284,30.22397974609766
0.3061224489795917,0.4285714285714284,32.74072364639427
0.346938775510204,0.4285714285714284,35.03489526358615
0.3877551020408163,0.4285714285714284,36.95817575126196
0.4285714285714284,0.4285714285714284,38.38672429682388
0.4693877551020406,0.4285714285714284,39.22927858296232
0.510204081632653,0.4285714285714284,39.43312428082992
0.5510204081632653,0.4285714285714284,38.98754310873104
0.5918367346938773,0.4285714285714284,37.92451391786346
0.6326530612244896,0.4285714285714284,36.31662094690184
0.6734693877551019,0.4285714285714284,34.27230606706353
0.7142857142857142,0.4285714285714284,31.928775569607748
0.7551020408163265,0.4285714285714284,29.443025464740373
0.7959183673469385,0.4285714285714284,26.981572329581844
0.8367346938775508,0.4285714285714284,24.709561413245066
0.8775510204081631,0.4285714285714284,22.77996444085408
0.9183673469387754,0.4285714285714284,21.323573691101416
0.9591836734693876,0.4285714285714284,20.440446837471875
1.0,0.4285714285714284,20.19336214841194
-1.0,0.4693877551020406,21.035916434550387
-0.9591836734693876,0.4693877551020406,21.28300112361032
-0.9183673469387756,0.4693877551020406,22.166127977239857
-0.8775510204081632,0.4693877551020406,23.622518726992524
-0.8367346938775511,0.4693877551020406,25.55211569938349
-0.7959183673469388,0.4693877551020406,27.82412661572028
-0.7551020408163265,0.4693877551020406,30.285579750878817
-0.7142857142857143,0.4693877551020406,32.77132985574618
-0.6734693877551021,0.4693877551020406,35.11486035320197
-0.6326530612244898,0.4693877551020406,37.15917523304027
-0.5918367346938775,0.4693877551020406,38.7670682040019
-0.5510204081632654,0.4693877551020406,39.83009739486948
-0.5102040816326531,0.4693877551020406,40.27567856696837
-0.4693877551020409,0.4693877551020406,40.07183286910077
-0.4285714285714286,0.4693877551020406,39.22927858296233
-0.3877551020408164,0.4693877551020406,37.80073003740042
-0.3469387755102041,0.4693877551020406,35.8774495497246
-0.3061224489795918,0.4693877551020406,33.583277932532724
-0.2653061224489796,0.4693877551020406,31.06653403223612
-0.2244897959183673,0.4693877551020406,28.490313152688067
-0.1836734693877552,0.4693877551020406,26.02181894668339
-0.1428571428571429,0.4693877551020406,23.82142657922836
-0.1020408163265307,0.4693877551020406,22.032192544067406
-0.0612244897959184,0.4693877551020406,20.77049729924094
-0.0204081632653061,0.4693877551020406,20.118432789445787
0.0204081632653061,0.4693877551020406,20.118432789445787
0.0612244897959182,0.4693877551020406,20.770497299240937
0.1020408163265305,0.4693877551020406,22.0321925440674
0.1428571428571428,0.4693877551020406,23.82142657922835
0.183673469387755,0.4693877551020406,26.021818946683386
0.2244897959183671,0.4693877551020406,28.490313152688053
0.2653061224489794,0.4693877551020406,31.066534032236103
0.3061224489795917,0.4693877551020406,33.58327793253272
0.346938775510204,0.4693877551020406,35.8774495497246
0.3877551020408163,0.4693877551020406,37.80073003740041
0.4285714285714284,0.4693877551020406,39.22927858296232
0.4693877551020406,0.4693877551020406,40.07183286910077
0.510204081632653,0.4693877551020406,40.27567856696837
0.5510204081632653,0.4693877551020406,39.83009739486948
0.5918367346938773,0.4693877551020406,38.76706820400191
0.6326530612244896,0.4693877551020406,37.15917523304028
0.6734693877551019,0.4693877551020406,35.114860353201976
0.7142857142857142,0.4693877551020406,32.771329855746195
0.7551020408163265,0.4693877551020406,30.285579750878817
0.7959183673469385,0.4693877551020406,27.82412661572029
0.8367346938775508,0.4693877551020406,25.552115699383503
0.8775510204081631,0.4693877551020406,23.622518726992524
0.9183673469387754,0.4693877551020406,22.16612797723986
0.9591836734693876,0.4693877551020406,21.28300112361032
1.0,0.4693877551020406,21.035916434550387
-1.0,0.510204081632653,21.239762132417983
-0.9591836734693876,0.510204081632653,21.48684682147792
-0.9183673469387756,0.510204081632653,22.36997367510745
-0.8775510204081632,0.510204081632653,23.82636442486012
-0.8367346938775511,0.510204081632653,25.75596139725109
-0.7959183673469388,0.510204081632653,28.02797231358788
-0.7551020408163265,0.510204081632653,30.489425448746417
-0.7142857142857143,0.510204081632653,32.97517555361378
-0.6734693877551021,0.510204081632653,35.31870605106957
-0.6326530612244898,0.510204081632653,37.363020930907865
-0.5918367346938775,0.510204081632653,38.9709139018695
-0.5510204081632654,0.510204081632653,40.03394309273708
-0.5102040816326531,0.510204081632653,40.479524264835966
-0.4693877551020409,0.510204081632653,40.27567856696837
-0.4285714285714286,0.510204081632653,39.43312428082993
-0.3877551020408164,0.510204081632653,38.00457573526802
-0.3469387755102041,0.510204081632653,36.0812952475922
-0.3061224489795918,0.510204081632653,33.78712363040032
-0.2653061224489796,0.510204081632653,31.27037973010372
-0.2244897959183673,0.510204081632653,28.694158850555663
-0.1836734693877552,0.510204081632653,26.225664644550985
-0.1428571428571429,0.510204081632653,24.02527227709596
-0.1020408163265307,0.510204081632653,22.23603824193501
-0.0612244897959184,0.510204081632653,20.974342997108536
-0.0204081632653061,0.510204081632653,20.322278487313383
0.0204081632653061,0.510204081632653,20.322278487313383
0.0612244897959182,0.510204081632653,20.974342997108533
0.1020408163265305,0.510204081632653,22.236038241935
0.1428571428571428,0.510204081632653,24.02527227709595
0.183673469387755,0.510204081632653,26.225664644550974
0.2244897959183671,0.510204081632653,28.69415885055565
0.2653061224489794,0.510204081632653,31.270379730103706
0.3061224489795917,0.510204081632653,33.78712363040032
0.346938775510204,0.510204081632653,36.0812952475922
0.3877551020408163,0.510204081632653,38.004575735268006
0.4285714285714284,0.510204081632653,39.43312428082992
0.4693877551020406,0.510204081632653,40.27567856696837
0.510204081632653,0.510204081632653,40.479524264835966
0.5510204081632653,0.510204081632653,40.03394309273708
0.5918367346938773,0.510204081632653,38.97091390186951
0.6326530612244896,0.510204081632653,37.36302093090788
0.6734693877551019,0.510204081632653,35.318706051069576
0.7142857142857142,0.510204081632653,32.975175553613795
0.7551020408163265,0.510204081632653,30.489425448746417
0.7959183673469385,0.510204081632653,28.027972313587888
0.8367346938775508,0.510204081632653,25.755961397251102
0.8775510204081631,0.510204081632653,23.82636442486012
0.9183673469387754,0.510204081632653,22.36997367510746
0.9591836734693876,0.510204081632653,21.48684682147792
1.0,0.510204081632653,21.239762132417983
-1.0,0.5510204081632653,20.7941809603191
-0.9591836734693876,0.5510204081632653,21.041265649379035
-0.9183673469387756,0.5510204081632653,21.92439250300857
-0.8775510204081632,0.5510204081632653,23.38078325276124
-0.8367346938775511,0.5510204081632653,25.31038022515221
-0.7959183673469388,0.5510204081632653,27.582391141489
-0.7551020408163265,0.5510204081632653,30.043844276647533
-0.7142857142857143,0.5510204081632653,32.5295943815149
-0.6734693877551021,0.5510204081632653,34.873124878970685
-0.6326530612244898,0.5510204081632653,36.91743975880898
-0.5918367346938775,0.5510204081632653,38.52533272977062
-0.5510204081632654,0.5510204081632653,39.58836192063819
-0.5102040816326531,0.5510204081632653,40.03394309273708
-0.4693877551020409,0.5510204081632653,39.83009739486948
-0.4285714285714286,0.5510204081632653,38.987543108731046
-0.3877551020408164,0.5510204081632653,37.558994563169136
-0.3469387755102041,0.5510204081632653,35.63571407549331
-0.3061224489795918,0.5510204081632653,33.34154245830143
-0.2653061224489796,0.5510204081632653,30.824798558004836
-0.2244897959183673,0.5510204081632653,28.24857767845678
-0.1836734693877552,0.5510204081632653,25.7800834724521
-0.1428571428571429,0.5510204081632653,23.579691104997075
-0.1020408163265307,0.5510204081632653,21.790457069836123
-0.0612244897959184,0.5510204081632653,20.528761825009653
-0.0204081632653061,0.5510204081632653,19.8766973152145
0.0204081632653061,0.5510204081632653,19.8766973152145
0.0612244897959182,0.5510204081632653,20.52876182500965
0.1020408163265305,0.5510204081632653,21.79045706983612
0.1428571428571428,0.5510204081632653,23.579691104997067
0.183673469387755,0.5510204081632653,25.78008347245209
0.2244897959183671,0.5510204081632653,28.248577678456765
0.2653061224489794,0.5510204081632653,30.82479855800482
0.3061224489795917,0.5510204081632653,33.34154245830143
0.346938775510204,0.5510204081632653,35.63571407549331
0.3877551020408163,0.5510204081632653,37.55899456316912
0.4285714285714284,0.5510204081632653,38.98754310873104
0.4693877551020406,0.5510204081632653,39.83009739486948
0.510204081632653,0.5510204081632653,40.03394309273708
0.5510204081632653,0.5510204081632653,39.5883619206382
0.5918367346938773,0.5510204081632653,38.52533272977063
0.6326530612244896,0.5510204081632653,36.917439758809
0.6734693877551019,0.5510204081632653,34.87312487897069
0.7142857142857142,0.5510204081632653,32.52959438151491
0.7551020408163265,0.5510204081632653,30.043844276647533
0.7959183673469385,0.5510204081632653,27.582391141489005
0.8367346938775508,0.5510204081632653,25.310380225152223
0.8775510204081631,0.5510204081632653,23.38078325276124
0.9183673469387754,0.5510204081632653,21.924392503008576
0.9591836734693876,0.5510204081632653,21.041265649379035
1.0,0.5510204081632653,20.7941809603191
-1.0,0.5918367346938773,19.731151769451525
-0.9591836734693876,0.5918367346938773,19.97823645851146
-0.9183673469387756,0.5918367346938773,20.861363312140995
-0.8775510204081632,0.5918367346938773,22.317754061893663
-0.8367346938775511,0.5918367346938773,24.247351034284637
-0.7959183673469388,0.5918367346938773,26.519361950621423
-0.7551020408163265,0.5918367346938773,28.98081508577996
-0.7142857142857143,0.5918367346938773,31.466565190647323
-0.6734693877551021,0.5918367346938773,33.81009568810311
-0.6326530612244898,0.5918367346938773,35.854410567941414
-0.5918367346938775,0.5918367346938773,37.46230353890304
-0.5510204081632654,0.5918367346938773,38.52533272977063
-0.5102040816326531,0.5918367346938773,38.97091390186951
-0.4693877551020409,0.5918367346938773,38.76706820400192
-0.4285714285714286,0.5918367346938773,37.92451391786347
-0.3877551020408164,0.5918367346938773,36.49596537230156
-0.3469387755102041,0.5918367346938773,34.572684884625744
-0.3061224489795918,0.5918367346938773,32.278513267433866
-0.2653061224489796,0.5918367346938773,29.76176936713726
-0.2244897959183673,0.5918367346938773,27.185548487589205
-0.1836734693877552,0.5918367346938773,24.717054281584527
-0.1428571428571429,0.5918367346938773,22.5166619141295
-0.1020408163265307,0.5918367346938773,20.727427878968548
-0.0612244897959184,0.5918367346938773,19.46573263414208
-0.0204081632653061,0.5918367346938773,18.813668124346925
0.0204081632653061,0.5918367346938773,18.813668124346925
0.0612244897959182,0.5918367346938773,19.465732634142075
0.1020408163265305,0.5918367346938773,20.72742787896854
0.1428571428571428,0.5918367346938773,22.516661914129493
0.183673469387755,0.5918367346938773,24.71705428158452
0.2244897959183671,0.5918367346938773,27.18554848758919
0.2653061224489794,0.5918367346938773,29.761769367137244
0.3061224489795917,0.5918367346938773,32.27851326743386
0.346938775510204,0.5918367346938773,34.572684884625744
0.3877551020408163,0.5918367346938773,36.49596537230156
0.4285714285714284,0.5918367346938773,37.92451391786346
0.4693877551020406,0.5918367346938773,38.76706820400192
0.510204081632653,0.5918367346938773,38.97091390186951
0.5510204081632653,0.5918367346938773,38.52533272977063
0.5918367346938773,0.5918367346938773,37.46230353890305
0.6326530612244896,0.5918367346938773,35.854410567941414
0.6734693877551019,0.5918367346938773,33.81009568810312
0.7142857142857142,0.5918367346938773,31.466565190647334
0.7551020408163265,0.5918367346938773,28.98081508577996
0.7959183673469385,0.5918367346938773,26.51936195062143
0.8367346938775508,0.5918367346938773,24.247351034284648
0.8775510204081631,0.5918367346938773,22.317754061893663
0.9183673469387754,0.5918367346938773,20.861363312141
0.9591836734693876,0.5918367346938773,19.97823645851146
1.0,0.5918367346938773,19.731151769451525
-1.0,0.6326530612244896,18.123258798489893
-0.9591836734693876,0.6326530612244896,18.37034348754983
-0.9183673469387756,0.6326530612244896,19.25347034117937
-0.8775510204081632,0.6326530612244896,20.70986109093203
-0.8367346938775511,0.6326530612244896,22.639458063323
-0.7959183673469388,0.6326530612244896,24.911468979659794
-0.7551020408163265,0.6326530612244896,27.37292211481833
-0.7142857142857143,0.6326530612244896,29.85867221968569
-0.6734693877551021,0.6326530612244896,32.20220271714148
-0.6326530612244898,0.6326530612244896,34.24651759697978
-0.5918367346938775,0.6326530612244896,35.854410567941414
-0.5510204081632654,0.6326530612244896,36.91743975880899
-0.5102040816326531,0.6326530612244896,37.36302093090788
-0.4693877551020409,0.6326530612244896,37.15917523304028
-0.4285714285714286,0.6326530612244896,36.31662094690184
-0.3877551020408164,0.6326530612244896,34.888072401339926
-0.3469387755102041,0.6326530612244896,32.96479191366411
-0.3061224489795918,0.6326530612244896,30.67062029647223
-0.2653061224489796,0.6326530612244896,28.153876396175622
-0.2244897959183673,0.6326530612244896,25.577655516627573
-0.1836734693877552,0.6326530612244896,23.10916131062289
-0.1428571428571429,0.6326530612244896,20.908768943167868
-0.1020408163265307,0.6326530612244896,19.11953490800692
-0.0612244897959184,0.6326530612244896,17.85783966318045
-0.0204081632653061,0.6326530612244896,17.205775153385297
0.0204081632653061,0.6326530612244896,17.205775153385297
0.0612244897959182,0.6326530612244896,17.857839663180442
0.1020408163265305,0.6326530612244896,19.11953490800691
0.1428571428571428,0.6326530612244896,20.908768943167864
0.183673469387755,0.6326530612244896,23.109161310622888
0.2244897959183671,0.6326530612244896,25.57765551662756
0.2653061224489794,0.6326530612244896,28.15387639617561
0.3061224489795917,0.6326530612244896,30.67062029647223
0.346938775510204,0.6326530612244896,32.96479191366411
0.3877551020408163,0.6326530612244896,34.88807240133992
0.4285714285714284,0.6326530612244896,36.31662094690184
0.4693877551020406,0.6326530612244896,37.15917523304028
0.510204081632653,0.6326530612244896,37.36302093090788
0.5510204081632653,0.6326530612244896,36.917439758809
0.5918367346938773,0.6326530612244896,35.85441056794142
0.6326530612244896,0.6326530612244896,34.246517596979785
0.6734693877551019,0.6326530612244896,32.20220271714149
0.7142857142857142,0.6326530612244896,29.8586722196857
0.7551020408163265,0.6326530612244896,27.37292211481833
0.7959183673469385,0.6326530612244896,24.9114689796598
0.8367346938775508,0.6326530612244896,22.63945806332302
0.8775510204081631,0.6326530612244896,20.70986109093203
0.9183673469387754,0.6326530612244896,19.25347034117937
0.9591836734693876,0.6326530612244896,18.37034348754983
1.0,0.6326530612244896,18.123258798489893
-1.0,0.6734693877551019,16.078943918651593
-0.9591836734693876,0.6734693877551019,16.326028607711528
-0.9183673469387756,0.6734693877551019,17.209155461341062
-0.8775510204081632,0.6734693877551019,18.66554621109373
-0.8367346938775511,0.6734693877551019,20.5951431834847
-0.7959183673469388,0.6734693877551019,22.86715409982149
-0.7551020408163265,0.6734693877551019,25.328607234980023
-0.7142857142857143,0.6734693877551019,27.81435733984739
-0.6734693877551021,0.6734693877551019,30.15788783730318
-0.6326530612244898,0.6734693877551019,32.202202717141475
-0.5918367346938775,0.6734693877551019,33.81009568810311
-0.5510204081632654,0.6734693877551019,34.873124878970685
-0.5102040816326531,0.6734693877551019,35.318706051069576
-0.4693877551020409,0.6734693877551019,35.114860353201976
-0.4285714285714286,0.6734693877551019,34.27230606706354
-0.3877551020408164,0.6734693877551019,32.84375752150163
-0.3469387755102041,0.6734693877551019,30.920477033825808
-0.3061224489795918,0.6734693877551019,28.62630541663393
-0.2653061224489796,0.6734693877551019,26.10956151633733
-0.2244897959183673,0.6734693877551019,23.533340636789276
-0.1836734693877552,0.6734693877551019,21.064846430784595
-0.1428571428571429,0.6734693877551019,18.864454063329568
-0.1020408163265307,0.6734693877551019,17.075220028168616
-0.0612244897959184,0.6734693877551019,15.813524783342148
-0.0204081632653061,0.6734693877551019,15.161460273546997
0.0204081632653061,0.6734693877551019,15.161460273546997
0.0612244897959182,0.6734693877551019,15.813524783342142
0.1020408163265305,0.6734693877551019,17.07522002816861
0.1428571428571428,0.6734693877551019,18.86445406332956
0.183673469387755,0.6734693877551019,21.064846430784588
0.2244897959183671,0.6734693877551019,23.53334063678926
0.2653061224489794,0.6734693877551019,26.109561516337312
0.3061224489795917,0.6734693877551019,28.62630541663393
0.346938775510204,0.6734693877551019,30.920477033825808
0.3877551020408163,0.6734693877551019,32.843757521501615
0.4285714285714284,0.6734693877551019,34.27230606706353
0.4693877551020406,0.6734693877551019,35.114860353201976
0.510204081632653,0.6734693877551019,35.318706051069576
0.5510204081632653,0.6734693877551019,34.87312487897069
0.5918367346938773,0.6734693877551019,33.81009568810312
0.6326530612244896,0.6734693877551019,32.20220271714149
0.6734693877551019,0.6734693877551019,30.157887837303186
0.7142857142857142,0.6734693877551019,27.8143573398474
0.7551020408163265,0.6734693877551019,25.328607234980023
0.7959183673469385,0.6734693877551019,22.867154099821494
0.8367346938775508,0.6734693877551019,20.59514318348472
0.8775510204081631,0.6734693877551019,18.66554621109373
0.9183673469387754,0.6734693877551019,17.20915546134107
0.9591836734693876,0.6734693877551019,16.326028607711528
1.0,0.6734693877551019,16.078943918651593
-1.0,0.7142857142857142,13.735413421195808
-0.9591836734693876,0.7142857142857142,13.982498110255744
-0.9183673469387756,0.7142857142857142,14.865624963885278
-0.8775510204081632,0.7142857142857142,16.322015713637946
-0.8367346938775511,0.7142857142857142,18.251612686028917
-0.7959183673469388,0.7142857142857142,20.523623602365703
-0.7551020408163265,0.7142857142857142,22.98507673752424
-0.7142857142857143,0.7142857142857142,25.47082684239161
-0.6734693877551021,0.7142857142857142,27.814357339847398
-0.6326530612244898,0.7142857142857142,29.85867221968569
-0.5918367346938775,0.7142857142857142,31.466565190647326
-0.5510204081632654,0.7142857142857142,32.529594381514904
-0.5102040816326531,0.7142857142857142,32.97517555361379
-0.4693877551020409,0.7142857142857142,32.771329855746195
-0.4285714285714286,0.7142857142857142,31.928775569607755
-0.3877551020408164,0.7142857142857142,30.50022702404584
-0.3469387755102041,0.7142857142857142,28.576946536370023
-0.3061224489795918,0.7142857142857142,26.282774919178145
-0.2653061224489796,0.7142857142857142,23.76603101888154
-0.2244897959183673,0.7142857142857142,21.18981013933349
-0.1836734693877552,0.7142857142857142,18.72131593332881
-0.1428571428571429,0.7142857142857142,16.52092356587378
-0.1020408163265307,0.7142857142857142,14.731689530712831
-0.0612244897959184,0.7142857142857142,13.46999428588636
-0.0204081632653061,0.7142857142857142,12.817929776091209
0.0204081632653061,0.7142857142857142,12.817929776091209
0.0612244897959182,0.7142857142857142,13.469994285886358
0.1020408163265305,0.7142857142857142,14.73168953071282
0.1428571428571428,0.7142857142857142,16.520923565873776
0.183673469387755,0.7142857142857142,18.721315933328803
0.2244897959183671,0.7142857142857142,21.189810139333478
0.2653061224489794,0.7142857142857142,23.766031018881527
0.3061224489795917,0.7142857142857142,26.28277491917814
0.346938775510204,0.7142857142857142,28.576946536370023
0.3877551020408163,0.7142857142857142,30.500227024045834
0.4285714285714284,0.7142857142857142,31.928775569607748
0.4693877551020406,0.7142857142857142,32.771329855746195
0.510204081632653,0.7142857142857142,32.97517555361379
0.5510204081632653,0.7142857142857142,32.529594381514904
0.5918367346938773,0.7142857142857142,31.466565190647334
0.6326530612244896,0.7142857142857142,29.8586722196857
0.6734693877551019,0.7142857142857142,27.8143573398474
0.7142857142857142,0.7142857142857142,25.470826842391617
0.7551020408163265,0.7142857142857142,22.98507673752424
0.7959183673469385,0.7142857142857142,20.523623602365717
0.8367346938775508,0.7142857142857142,18.25161268602893
0.8775510204081631,0.7142857142857142,16.322015713637946
0.9183673469387754,0.7142857142857142,14.86562496388528
0.9591836734693876,0.7142857142857142,13.982498110255744
1.0,0.7142857142857142,13.735413421195808
-1.0,0.7551020408163265,11.249663316328432
-0.9591836734693876,0.7551020408163265,11.496748005388367
-0.9183673469387756,0.7551020408163265,12.379874859017905
-0.8775510204081632,0.7551020408163265,13.836265608770567
-0.8367346938775511,0.7551020408163265,15.76586258116154
-0.7959183673469388,0.7551020408163265,18.03787349749833
-0.7551020408163265,0.7551020408163265,20.499326632656867
-0.7142857142857143,0.7551020408163265,22.98507673752423
-0.6734693877551021,0.7551020408163265,25.32860723498002
-0.6326530612244898,0.7551020408163265,27.37292211481832
-0.5918367346938775,0.7551020408163265,28.980815085779952
-0.5510204081632654,0.7551020408163265,30.04384427664753
-0.5102040816326531,0.7551020408163265,30.489425448746417
-0.4693877551020409,0.7551020408163265,30.28557975087882
-0.4285714285714286,0.7551020408163265,29.44302546474038
-0.3877551020408164,0.7551020408163265,28.014476919178467
-0.3469387755102041,0.7551020408163265,26.09119643150265
-0.3061224489795918,0.7551020408163265,23.79702481431077
-0.2653061224489796,0.7551020408163265,21.280280914014167
-0.2244897959183673,0.7551020408163265,18.704060034466117
-0.1836734693877552,0.7551020408163265,16.235565828461436
-0.1428571428571429,0.7551020408163265,14.035173461006403
-0.1020408163265307,0.7551020408163265,12.245939425845457
-0.0612244897959184,0.7551020408163265,10.984244181018989
-0.0204081632653061,0.7551020408163265,10.332179671223834
0.0204081632653061,0.7551020408163265,10.332179671223834
0.0612244897959182,0.7551020408163265,10.98424418101898
0.1020408163265305,0.7551020408163265,12.245939425845446
0.1428571428571428,0.7551020408163265,14.0351734610064
0.183673469387755,0.7551020408163265,16.23556582846143
0.2244897959183671,0.7551020408163265,18.7040600344661
0.2653061224489794,0.7551020408163265,21.280280914014156
0.3061224489795917,0.7551020408163265,23.797024814310767
0.346938775510204,0.7551020408163265,26.09119643150265
0.3877551020408163,0.7551020408163265,28.01447691917846
0.4285714285714284,0.7551020408163265,29.443025464740373
0.4693877551020406,0.7551020408163265,30.28557975087882
0.510204081632653,0.7551020408163265,30.489425448746417
0.5510204081632653,0.7551020408163265,30.043844276647533
0.5918367346938773,0.7551020408163265,28.98081508577996
0.6326530612244896,0.7551020408163265,27.372922114818326
0.6734693877551019,0.7551020408163265,25.328607234980023
0.7142857142857142,0.7551020408163265,22.98507673752424
0.7551020408163265,0.7551020408163265,20.499326632656867
0.7959183673469385,0.7551020408163265,18.03787349749834
0.8367346938775508,0.7551020408163265,15.765862581161556
0.8775510204081631,0.7551020408163265,13.836265608770567
0.9183673469387754,0.7551020408163265,12.379874859017908
0.9591836734693876,0.7551020408163265,11.496748005388367
1.0,0.7551020408163265,11.249663316328432
-1.0,0.7959183673469385,8.788210181169905
-0.9591836734693876,0.7959183673469385,9.03529487022984
-0.9183673469387756,0.7959183673469385,9.918421723859376
-0.8775510204081632,0.7959183673469385,11.374812473612042
-0.8367346938775511,0.7959183673469385,13.304409446003012
-0.7959183673469388,0.7959183673469385,15.576420362339803
-0.7551020408163265,0.7959183673469385,18.03787349749834
-0.7142857142857143,0.7959183673469385,20.523623602365703
-0.6734693877551021,0.7959183673469385,22.86715409982149
-0.6326530612244898,0.7959183673469385,24.91146897965979
-0.5918367346938775,0.7959183673469385,26.519361950621423
-0.5510204081632654,0.7959183673469385,27.582391141489
-0.5102040816326531,0.7959183673469385,28.027972313587888
-0.4693877551020409,0.7959183673469385,27.82412661572029
-0.4285714285714286,0.7959183673469385,26.98157232958185
-0.3877551020408164,0.7959183673469385,25.55302378401994
-0.3469387755102041,0.7959183673469385,23.62974329634412
-0.3061224489795918,0.7959183673469385,21.33557167915224
-0.2653061224489796,0.7959183673469385,18.81882777885564
-0.2244897959183673,0.7959183673469385,16.242606899307585
-0.1836734693877552,0.7959183673469385,13.774112693302907
-0.1428571428571429,0.7959183673469385,11.573720325847878
-0.1020408163265307,0.7959183673469385,9.784486290686928
-0.0612244897959184,0.7959183673469385,8.52279104586046
-0.0204081632653061,0.7959183673469385,7.870726536065307
0.0204081632653061,0.7959183673469385,7.870726536065307
0.0612244897959182,0.7959183673469385,8.522791045860455
0.1020408163265305,0.7959183673469385,9.78448629068692
0.1428571428571428,0.7959183673469385,11.573720325847871
0.183673469387755,0.7959183673469385,13.7741126933029
0.2244897959183671,0.7959183673469385,16.24260689930757
0.2653061224489794,0.7959183673469385,18.818827778855624
0.3061224489795917,0.7959183673469385,21.33557167915224
0.346938775510204,0.7959183673469385,23.62974329634412
0.3877551020408163,0.7959183673469385,25.55302378401993
0.4285714285714284,0.7959183673469385,26.981572329581844
0.4693877551020406,0.7959183673469385,27.82412661572029
0.510204081632653,0.7959183673469385,28.027972313587888
0.5510204081632653,0.7959183673469385,27.582391141489005
0.5918367346938773,0.7959183673469385,26.51936195062143
0.6326530612244896,0.7959183673469385,24.9114689796598
0.6734693877551019,0.7959183673469385,22.867154099821494
0.7142857142857142,0.7959183673469385,20.523623602365717
0.7551020408163265,0.7959183673469385,18.03787349749834
0.7959183673469385,0.7959183673469385,15.57642036233981
0.8367346938775508,0.7959183673469385,13.304409446003028
0.8775510204081631,0.7959183673469385,11.374812473612042
0.9183673469387754,0.7959183673469385,9.91842172385938
0.9591836734693876,0.7959183673469385,9.03529487022984
1.0,0.7959183673469385,8.788210181169905
-1.0,0.8367346938775508,6.516199264833122
-0.9591836734693876,0.8367346938775508,6.763283953893057
-0.9183673469387756,0.8367346938775508,7.646410807522593
-0.8775510204081632,0.8367346938775508,9.10280155727526
-0.8367346938775511,0.8367346938775508,11.032398529666228
-0.7959183673469388,0.8367346938775508,13.30440944600302
-0.7551020408163265,0.8367346938775508,15.765862581161556
-0.7142857142857143,0.8367346938775508,18.25161268602892
-0.6734693877551021,0.8367346938775508,20.59514318348471
-0.6326530612244898,0.8367346938775508,22.63945806332301
-0.5918367346938775,0.8367346938775508,24.24735103428464
-0.5510204081632654,0.8367346938775508,25.31038022515222
-0.5102040816326531,0.8367346938775508,25.755961397251102
-0.4693877551020409,0.8367346938775508,25.55211569938351
-0.4285714285714286,0.8367346938775508,24.70956141324507
-0.3877551020408164,0.8367346938775508,23.28101286768316
-0.3469387755102041,0.8367346938775508,21.357732380007334
-0.3061224489795918,0.8367346938775508,19.06356076281546
-0.2653061224489796,0.8367346938775508,16.546816862518856
-0.2244897959183673,0.8367346938775508,13.970595982970805
-0.1836734693877552,0.8367346938775508,11.502101776966123
-0.1428571428571429,0.8367346938775508,9.301709409511094
-0.1020408163265307,0.8367346938775508,7.512475374350145
-0.0612244897959184,0.8367346938775508,6.250780129523677
-0.0204081632653061,0.8367346938775508,5.598715619728524
0.0204081632653061,0.8367346938775508,5.598715619728524
0.0612244897959182,0.8367346938775508,6.250780129523672
0.1020408163265305,0.8367346938775508,7.512475374350136
0.1428571428571428,0.8367346938775508,9.30170940951109
0.183673469387755,0.8367346938775508,11.502101776966118
0.2244897959183671,0.8367346938775508,13.970595982970789
0.2653061224489794,0.8367346938775508,16.546816862518842
0.3061224489795917,0.8367346938775508,19.063560762815456
0.346938775510204,0.8367346938775508,21.357732380007334
0.3877551020408163,0.8367346938775508,23.28101286768315
0.4285714285714284,0.8367346938775508,24.709561413245066
0.4693877551020406,0.8367346938775508,25.55211569938351
0.510204081632653,0.8367346938775508,25.755961397251102
0.5510204081632653,0.8367346938775508,25.310380225152223
0.5918367346938773,0.8367346938775508,24.247351034284648
0.6326530612244896,0.8367346938775508,22.639458063323016
0.6734693877551019,0.8367346938775508,20.59514318348472
0.7142857142857142,0.8367346938775508,18.25161268602893
0.7551020408163265,0.8367346938775508,15.765862581161556
0.7959183673469385,0.8367346938775508,13.304409446003028
0.8367346938775508,0.8367346938775508,11.032398529666246
0.8775510204081631,0.8367346938775508,9.10280155727526
0.9183673469387754,0.8367346938775508,7.646410807522597
0.9591836734693876,0.8367346938775508,6.763283953893057
1.0,0.8367346938775508,6.516199264833122
-1.0,0.8775510204081631,4.586602292442137
-0.9591836734693876,0.8775510204081631,4.833686981502073
-0.9183673469387756,0.8775510204081631,5.7168138351316085
-0.8775510204081632,0.8775510204081631,7.1732045848842745
-0.8367346938775511,0.8775510204081631,9.102801557275244
-0.7959183673469388,0.8775510204081631,11.374812473612035
-0.7551020408163265,0.8775510204081631,13.83626560877057
-0.7142857142857143,0.8775510204081631,16.322015713637935
-0.6734693877551021,0.8775510204081631,18.665546211093723
-0.6326530612244898,0.8775510204081631,20.709861090932023
-0.5918367346938775,0.8775510204081631,22.317754061893652
-0.5510204081632654,0.8775510204081631,23.380783252761237
-0.5102040816326531,0.8775510204081631,23.82636442486012
-0.4693877551020409,0.8775510204081631,23.622518726992524
-0.4285714285714286,0.8775510204081631,22.779964440854084
-0.3877551020408164,0.8775510204081631,21.35141589529217
-0.3469387755102041,0.8775510204081631,19.428135407616352
-0.3061224489795918,0.8775510204081631,17.133963790424474
-0.2653061224489796,0.8775510204081631,14.61721989012787
-0.2244897959183673,0.8775510204081631,12.040999010579815
-0.1836734693877552,0.8775510204081631,9.57250480457514
-0.1428571428571429,0.8775510204081631,7.37211243712011
-0.1020408163265307,0.8775510204081631,5.58287840195916
-0.0612244897959184,0.8775510204081631,4.321183157132692
-0.0204081632653061,0.8775510204081631,3.6691186473375392
0.0204081632653061,0.8775510204081631,3.6691186473375392
0.0612244897959182,0.8775510204081631,4.321183157132687
0.1020408163265305,0.8775510204081631,5.582878401959151
0.1428571428571428,0.8775510204081631,7.372112437120105
0.183673469387755,0.8775510204081631,9.572504804575132
0.2244897959183671,0.8775510204081631,12.040999010579805
0.2653061224489794,0.8775510204081631,14.617219890127856
0.3061224489795917,0.8775510204081631,17.13396379042447
0.346938775510204,0.8775510204081631,19.428135407616352
0.3877551020408163,0.8775510204081631,21.351415895292163
0.4285714285714284,0.8775510204081631,22.77996444085408
0.4693877551020406,0.8775510204081631,23.622518726992524
0.510204081632653,0.8775510204081631,23.82636442486012
0.5510204081632653,0.8775510204081631,23.38078325276124
0.5918367346938773,0.8775510204081631,22.317754061893663
0.6326530612244896,0.8775510204081631,20.70986109093203
0.6734693877551019,0.8775510204081631,18.66554621109373
0.7142857142857142,0.8775510204081631,16.322015713637946
0.7551020408163265,0.8775510204081631,13.83626560877057
0.7959183673469385,0.8775510204081631,11.374812473612042
0.8367346938775508,0.8775510204081631,9.10280155727526
0.8775510204081631,0.8775510204081631,7.1732045848842745
0.9183673469387754,0.8775510204081631,5.716813835131612
0.9591836734693876,0.8775510204081631,4.833686981502073
1.0,0.8775510204081631,4.586602292442137
-1.0,0.9183673469387754,3.1302115426894748
-0.9591836734693876,0.9183673469387754,3.37729623174941
-0.9183673469387756,0.9183673469387754,4.260423085378946
-0.8775510204081632,0.9183673469387754,5.716813835131612
-0.8367346938775511,0.9183673469387754,7.646410807522582
-0.7959183673469388,0.9183673469387754,9.918421723859373
-0.7551020408163265,0.9183673469387754,12.379874859017908
-0.7142857142857143,0.9183673469387754,14.865624963885272
-0.6734693877551021,0.9183673469387754,17.209155461341062
-0.6326530612244898,0.9183673469387754,19.25347034117936
-0.5918367346938775,0.9183673469387754,20.861363312140995
-0.5510204081632654,0.9183673469387754,21.92439250300857
-0.5102040816326531,0.9183673469387754,22.36997367510746
-0.4693877551020409,0.9183673469387754,22.16612797723986
-0.4285714285714286,0.9183673469387754,21.323573691101423
-0.3877551020408164,0.9183673469387754,19.895025145539503
-0.3469387755102041,0.9183673469387754,17.971744657863688
-0.3061224489795918,0.9183673469387754,15.677573040671811
-0.2653061224489796,0.9183673469387754,13.160829140375208
-0.2244897959183673,0.9183673469387754,10.584608260827157
-0.1836734693877552,0.9183673469387754,8.116114054822477
-0.1428571428571429,0.9183673469387754,5.915721687367448
-0.1020408163265307,0.9183673469387754,4.126487652206498
-0.0612244897959184,0.9183673469387754,2.8647924073800297
-0.0204081632653061,0.9183673469387754,2.2127278975848768
0.0204081632653061,0.9183673469387754,2.2127278975848768
0.0612244897959182,0.9183673469387754,2.8647924073800244
0.1020408163265305,0.9183673469387754,4.126487652206489
0.1428571428571428,0.9183673469387754,5.9157216873674425
0.183673469387755,0.9183673469387754,8.11611405482247
0.2244897959183671,0.9183673469387754,10.58460826082714
0.2653061224489794,0.9183673469387754,13.160829140375194
0.3061224489795917,0.9183673469387754,15.677573040671808
0.346938775510204,0.9183673469387754,17.971744657863688
0.3877551020408163,0.9183673469387754,19.8950251455395
0.4285714285714284,0.9183673469387754,21.323573691101416
0.4693877551020406,0.9183673469387754,22.16612797723986
0.510204081632653,0.9183673469387754,22.36997367510746
0.5510204081632653,0.9183673469387754,21.924392503008576
0.5918367346938773,0.9183673469387754,20.861363312141
0.6326530612244896,0.9183673469387754,19.25347034117937
0.6734693877551019,0.9183673469387754,17.20915546134107
0.7142857142857142,0.9183673469387754,14.865624963885285
0.7551020408163265,0.9183673469387754,12.379874859017908
0.7959183673469385,0.9183673469387754,9.91842172385938
0.8367346938775508,0.9183673469387754,7.646410807522598
0.8775510204081631,0.9183673469387754,5.716813835131612
0.9183673469387754,0.9183673469387754,4.2604230853789495
0.9591836734693876,0.9183673469387754,3.37729623174941
1.0,0.9183673469387754,3.1302115426894748
-1.0,0.9591836734693876,2.2470846890599354
-0.9591836734693876,0.9591836734693876,2.494169378119871
-0.9183673469387756,0.9591836734693876,3.377296231749406
-0.8775510204081632,0.9591836734693876,4.833686981502073
-0.8367346938775511,0.9591836734693876,6.763283953893042
-0.7959183673469388,0.9591836734693876,9.035294870229832
-0.7551020408163265,0.9591836734693876,11.496748005388367
-0.7142857142857143,0.9591836734693876,13.982498110255731
-0.6734693877551021,0.9591836734693876,16.32602860771152
-0.6326530612244898,0.9591836734693876,18.37034348754982
-0.5918367346938775,0.9591836734693876,19.978236458511454
-0.5510204081632654,0.9591836734693876,21.04126564937903
-0.5102040816326531,0.9591836734693876,21.48684682147792
-0.4693877551020409,0.9591836734693876,21.28300112361032
-0.4285714285714286,0.9591836734693876,20.44044683747188
-0.3877551020408164,0.9591836734693876,19.01189829190997
-0.3469387755102041,0.9591836734693876,17.08861780423415
-0.3061224489795918,0.9591836734693876,14.794446187042272
-0.2653061224489796,0.9591836734693876,12.277702286745669
-0.2244897959183673,0.9591836734693876,9.701481407197615
-0.1836734693877552,0.9591836734693876,7.2329872011929375
-0.1428571428571429,0.9591836734693876,5.0325948337379085
-0.1020408163265307,0.9591836734693876,3.2433607985769584
-0.0612244897959184,0.9591836734693876,1.9816655537504904
-0.0204081632653061,0.9591836734693876,1.3296010439553374
0.0204081632653061,0.9591836734693876,1.3296010439553374
0.0612244897959182,0.9591836734693876,1.981665553750485
0.1020408163265305,0.9591836734693876,3.243360798576949
0.1428571428571428,0.9591836734693876,5.032594833737903
0.183673469387755,0.9591836734693876,7.23298720119293
0.2244897959183671,0.9591836734693876,9.7014814071976
0.2653061224489794,0.9591836734693876,12.277702286745654
0.3061224489795917,0.9591836734693876,14.794446187042269
0.346938775510204,0.9591836734693876,17.08861780423415
0.3877551020408163,0.9591836734693876,19.01189829190996
0.4285714285714284,0.9591836734693876,20.440446837471875
0.4693877551020406,0.9591836734693876,21.28300112361032
0.510204081632653,0.9591836734693876,21.48684682147792
0.5510204081632653,0.9591836734693876,21.041265649379035
0.5918367346938773,0.9591836734693876,19.97823645851146
0.6326530612244896,0.9591836734693876,18.370343487549828
0.6734693877551019,0.9591836734693876,16.326028607711528
0.7142857142857142,0.9591836734693876,13.982498110255744
0.7551020408163265,0.9591836734693876,11.496748005388367
0.7959183673469385,0.9591836734693876,9.03529487022984
0.8367346938775508,0.9591836734693876,6.763283953893058
0.8775510204081631,0.9591836734693876,4.833686981502073
0.9183673469387754,0.9591836734693876,3.37729623174941
0.9591836734693876,0.9591836734693876,2.494169378119871
1.0,0.9591836734693876,2.2470846890599354
-1.0,1.0,2.0
-0.9591836734693876,1.0,2.2470846890599354
-0.9183673469387756,1.0,3.130211542689471
-0.8775510204081632,1.0,4.586602292442137
-0.8367346938775511,1.0,6.516199264833107
-0.7959183673469388,1.0,8.788210181169898
-0.7551020408163265,1.0,11.249663316328434
-0.7142857142857143,1.0,13.735413421195798
-0.6734693877551021,1.0,16.078943918651586
-0.6326530612244898,1.0,18.12325879848989
-0.5918367346938775,1.0,19.73115176945152
-0.5510204081632654,1.0,20.794180960319096
-0.5102040816326531,1.0,21.239762132417983
-0.4693877551020409,1.0,21.035916434550387
-0.4285714285714286,1.0,20.193362148411943
-0.3877551020408164,1.0,18.764813602850037
-0.3469387755102041,1.0,16.841533115174215
-0.3061224489795918,1.0,14.547361497982337
-0.2653061224489796,1.0,12.030617597685731
-0.2244897959183673,1.0,9.45439671813768
-0.1836734693877552,1.0,6.985902512133002
-0.1428571428571429,1.0,4.785510144677973
-0.1020408163265307,1.0,2.996276109517023
-0.0612244897959184,1.0,1.734580864690555
-0.0204081632653061,1.0,1.082516354895402
0.0204081632653061,1.0,1.082516354895402
0.0612244897959182,1.0,1.7345808646905496
0.1020408163265305,1.0,2.996276109517014
0.1428571428571428,1.0,4.785510144677968
0.183673469387755,1.0,6.985902512132995
0.2244897959183671,1.0,9.454396718137666
0.2653061224489794,1.0,12.03061759768572
0.3061224489795917,1.0,14.547361497982331
0.346938775510204,1.0,16.841533115174215
0.3877551020408163,1.0,18.764813602850023
0.4285714285714284,1.0,20.19336214841194
0.4693877551020406,1.0,21.035916434550387
0.510204081632653,1.0,21.239762132417983
0.5510204081632653,1.0,20.7941809603191
0.5918367346938773,1.0,19.731151769451525
0.6326530612244896,1.0,18.123258798489893
0.6734693877551019,1.0,16.078943918651593
0.7142857142857142,1.0,13.735413421195808
0.7551020408163265,1.0,11.249663316328434
0.7959183673469385,1.0,8.788210181169905
0.8367346938775508,1.0,6.516199264833123
0.8775510204081631,1.0,4.586602292442137
0.9183673469387754,1.0,3.1302115426894748
0.9591836734693876,1.0,2.2470846890599354
1.0,1.0,2.0
