x1,x2,y
-0.044988253,-0.517255877,28.05715356
0.522865126,-0.355015306,39.71672165
0.806655744,-0.689116872,179.5465624
0.441391893,0.748628731,30.98170045
0.926422447,-0.433506133,166.8710135
0.564010341,0.122978789,3.997614825
0.733602877,0.58394885,0.280508622
-0.771791858,0.567648219,3.217727343
0.464827006,-0.123227483,11.79829104
-0.119822601,-0.047485383,1.636456325
0.106207605,0.989403498,96.47141173
0.308204819,0.349194954,6.940585736
0.939630233,0.629276886,6.436365277
0.969156163,0.805107938,1.80072732
-0.423543509,0.575179672,17.69149353
0.467506995,-0.62964131,72.22856839
0.499967076,0.124341467,1.828212301
-0.307014277,-0.796211685,81.00187079
-0.75226045,0.305844253,9.833096611
-0.918106079,0.910698856,4.138544901
0.554686255,0.025464129,8.162705867
-0.020600516,-0.134055014,2.850096196
0.971080339,-0.928314497,350.1815176
-0.070053088,0.919549045,84.80194101
0.955833958,-0.793994632,291.5962304
-0.176847996,-0.917841813,91.46728429
0.587364301,-0.507866777,72.90790011
-0.830361455,-0.868939132,246.2235216
0.11092342,-0.089764315,1.832251366
0.604119574,0.032175603,11.23129743
0.849403334,-0.374860102,120.2201623
0.645166181,-0.898079035,172.8692022
-0.926058546,-0.776799264,270.8307072
-0.254595317,-0.230991244,10.32436618
-0.902603055,-0.878943098,290.4599764
-0.781435418,0.396379451,7.764326652
0.350611257,-0.585958917,50.67380782
0.426516393,-0.395856862,33.71105845
0.547441366,-0.211748446,26.36194724
0.730913096,-0.166780734,49.21456703
0.478862937,-0.996678585,150.5763143
0.601743184,-0.775859258,129.6525659
-0.90207258,0.725529127,4.395906641
-0.530929699,-0.997533875,166.0353558
0.243795547,0.016334712,0.757619597
0.716250609,-0.020995987,28.59728022
-0.99099975,-0.333811678,177.1213037
0.029258684,-0.13734596,2.85231882
0.354574799,0.561162275,19.37728484
-0.940785422,0.682407412,7.874152728
-0.197288885,-0.479302913,28.28930044
0.791269763,-0.355019118,96.3045786
0.343225618,-0.515034294,40.47976102
-0.524683273,-0.040273199,12.28283247
0.705562259,0.366516715,1.81069899
-0.303937153,-0.543494249,42.1335775
0.706689342,-0.338528516,70.30009771
-0.402112698,0.860769235,50.83645154
0.180640502,-0.90286142,88.18595513
-0.206119865,-0.07846079,2.917523168
-0.450349898,0.423116083,6.956770185
0.773115124,-0.699091977,168.2202342
-0.624812636,-0.90525196,170.5090401
-0.830376818,-0.723589257,203.0396558
-0.316146123,0.837646387,56.1520769
0.435278295,-0.981480436,137.430746
0.614863212,-0.62335605,100.4310939
0.99748674,-0.937432974,373.421918
-0.407275886,-0.778741065,91.21012086
-0.184116098,0.240298573,5.662220155
-0.726357444,-0.516722183,112.0401763
0.149743859,0.138424101,2.068555862
0.995160075,0.180390766,65.60237861
0.40176202,0.698870666,29.24399297
0.190425681,-0.990517214,106.0829537
-0.215261814,0.706738919,45.08984503
0.830597521,0.238238173,20.42783694
-0.006166808,-0.674513028,46.51428454
-0.731266173,0.545874776,3.009658146
-0.269243074,0.710983084,42.37808573
-0.865666662,-0.491473032,157.4520317
-0.596041925,0.837587362,25.81074175
-0.964662438,-0.091085139,108.2385604
-0.093440167,0.206848909,5.120679404
0.26908053,0.969299067,80.97625996
-0.313415075,-0.276927843,15.79932553
-0.159236457,0.626318692,37.45941488
0.918418546,-0.363201764,145.6177905
0.503926243,0.598427044,12.11310729
0.081713274,0.201467838,4.637595254
-0.43091825,-0.56728861,58.7452867
0.793993598,-0.171947812,64.42278532
-0.529805766,-0.364728731,43.99737524
-0.349314539,-0.843783214,95.09835951
0.818129629,-0.94033046,259.1357169
0.059084111,-0.307042689,10.52843571
0.484635899,-0.961931704,143.4994999
0.181489588,-0.669024485,49.94515838
0.306878418,0.450366642,13.16771144
-0.401233417,0.416182471,8.475863901
0.975901191,0.725803512,5.134413304
-0.401187375,0.44758871,10.17942595
0.708151335,-0.566550146,114.1536546
0.040907398,0.015439794,0.938809937
0.957848982,-0.843818287,310.2170653
0.989270922,-0.169618284,131.8537181
0.276008209,-0.048012211,2.066547845
0.986152377,-0.729746047,289.7631639
0.791898406,0.548517353,0.660878016
-0.68431938,0.467400947,2.837011351
0.04715465,-0.541325629,30.45248649
-0.888965879,-0.982291487,317.762188
0.521942992,0.072876016,4.210497721
0.803478357,0.029802742,37.95647237
0.79767723,-0.44442076,116.8342852
0.49280247,-0.445147459,47.59188786
0.947527144,0.027988501,75.66129531
-0.935250332,-0.077198265,94.3549269
0.988073793,0.609487341,13.45454812
0.14694945,-0.438461872,21.89284869
0.058136213,-0.790307503,63.88106402
0.790233364,-0.024337671,42.13898175
-0.330952335,-0.570405322,48.00256321
-0.81817614,0.521749202,5.486200487
-0.006926075,-0.834077379,70.59040999
-0.829779669,0.750251318,3.728992675
0.778190576,0.587809018,0.080782235
-0.640997938,-0.271699178,49.28408325
0.090651017,-0.065677609,1.372965868
-0.724689623,0.686624017,5.581131211
0.735414215,-0.920621932,213.6553693
-0.2256595,0.682481543,41.38896038
-0.811614089,0.207112778,23.67662163
0.143788453,-0.486781136,26.48428332
-0.405230246,-0.837380118,102.2932593
-0.682477738,0.328801901,4.706917991
-0.168299523,-0.848981555,78.3315554
0.009447405,-0.421607309,18.76399356
-0.429176889,-0.484509451,46.75881687
-0.577004093,-0.85465564,143.5237913
0.92299741,0.546053212,9.361636671
0.508932245,0.20313676,0.55335212
0.145948753,0.859322938,70.95747401
0.480744408,-0.210902233,19.80756626
-0.860754125,-0.902945672,273.6844969
-0.652483851,0.391956019,2.844806017
0.339044537,0.582438863,22.29133379
-0.259568131,0.230099103,4.234405235
-0.827249182,0.969186047,11.45249773
0.042274989,0.734742219,54.63954687
-0.997007392,-0.640389191,271.1186014
0.211637801,0.142968192,1.585399726
0.632623365,-0.018050943,17.62938149
-0.347040824,-0.425753994,31.64701567
-0.030878295,-0.999630966,101.1796313
-0.88237585,-0.984120249,314.257073
-0.949329992,-0.704651486,261.6845978
0.496503795,0.634348382,15.29490264
0.684948479,0.089701206,14.49773155
-0.238962091,-0.712650734,60.78708981
-0.010616893,-0.795232101,64.2786847
0.734235183,-0.030066267,32.46580327
-0.936131183,-0.753810467,269.4881772
-0.401123473,-0.28658339,21.98728901
0.249786791,-0.050737105,1.842671908
0.107087021,-0.412022631,18.73169371
0.564701854,0.331775471,0.206092692
-0.187529329,-0.944369345,97.35941974
0.444792525,-0.488406511,47.40173624
-0.529487018,-0.531541035,68.25709169
0.309202401,-0.414469019,26.49486655
0.470050705,-0.953065421,138.1115188
-0.567644931,0.777158174,23.15431496
0.930066486,-0.467318835,177.5185451
-0.239517153,-0.631107526,48.93632199
0.527559701,0.829994336,30.65774129
0.541718724,-0.416042647,50.54930533
0.483407116,0.960627653,53.11180253
0.454399679,-0.035606575,6.158225599
0.803505398,-0.014649079,43.63425787
-0.744350255,0.411408182,5.077634943
0.878661348,0.021278519,56.37986864
-0.898228266,-0.1481993,94.80831429
0.469609992,0.895561792,45.84762709
-0.99564735,0.902386408,4.773413696
-0.369485983,0.831880127,50.22807755
0.693542513,-0.206625544,47.37697252
-0.70713011,-0.942637374,211.0440721
-0.508135433,0.841865785,36.3408584
-0.832127953,0.251011559,22.84232868
0.037421789,0.702257488,50.04662391
0.523444761,-0.597555639,76.18705511
-0.581624396,0.069954258,9.701778429
-0.823156077,-0.672369436,185.5618464
0.482201168,0.232992691,0.268138167
0.436470224,-0.610409184,64.46412003
-0.0468096,0.661100713,44.51199303
0.647166433,0.027973672,15.40092007
0.38372385,0.898744565,56.85510735
-0.869488718,0.691065157,3.91677951
-0.429679814,0.335679475,4.325737592
-0.689527352,-0.895312936,190.7530485
0.440385165,-0.996789692,142.0966729
-0.878017849,0.949468853,6.71508664
-0.543027408,0.502085509,6.674397036
0.451726918,0.221670833,0.331627351
-0.492447283,0.695719455,22.76779416
0.892191374,0.892803249,0.948604137
-0.886247665,0.09843686,50.75456412
-0.484453109,0.977687126,57.40735843
0.77070916,0.945013615,12.37414892
-0.457272228,-0.687302653,82.47703573
0.527121876,0.519899161,6.082031604
0.152708909,0.543643607,27.79156666
-0.994652848,-0.682481144,283.4753236
0.594421664,0.509785113,2.612091376
0.651943173,0.249768781,3.192789569
0.665953134,0.856916754,17.20345966
-0.455327826,0.487866454,9.988417986
0.730073403,0.244615473,8.389837675
0.770283356,-0.135612019,53.1893565
0.31958475,-0.891063311,99.10713666
-0.163367642,-0.776639777,65.8871344
0.618507893,-0.018004926,16.19012244
0.897075838,0.126766986,45.97602024
-0.482492021,0.617051859,16.96284311
-0.50085302,-0.830231416,119.1270728
-0.438528209,0.340049409,4.252145632
-0.091420486,-0.740145306,57.21687441
-0.649634324,0.320388622,3.754283749
0.702144518,-0.371726713,74.86514421
-0.260703575,0.856734597,63.80490756
0.471097821,-0.755170422,95.75287806
-0.467916615,0.684029232,23.78502435
0.107763056,-0.847533937,74.60941139
-0.632285509,0.214826956,6.085302504
0.219407074,0.657564242,37.74918129
0.411846501,0.863029573,48.42794928
-0.109679142,0.79462424,62.4768383
0.776014835,0.80856357,4.308801909
-0.681640323,0.377786924,3.582147476
0.906630526,-0.692609583,229.4065486
0.846259864,-0.197462715,83.49350746
-0.590056119,0.275266071,3.059721675
-0.588876085,-0.659305378,103.7443086
-0.61116984,0.227364696,4.732256153
0.542335698,0.125431544,3.055306364
0.040468925,0.545990682,30.55271307
0.896999859,-0.242915495,109.741313
0.289416526,0.989982059,82.62842195
-0.493031145,-0.391899697,42.54902671
0.558287691,0.07997635,5.5640064
-0.611360741,0.631570514,9.243008713
0.252362638,0.640783697,33.86303284
0.264853164,-0.110566581,3.806187882
0.163924483,0.045371125,0.733246859
0.390619713,0.36755703,4.992695006
0.788402843,-0.258538899,77.50553248
0.597163086,-0.810666185,136.4141881
-0.64538196,-0.356783929,62.50684959
0.296309217,-0.253066339,12.11410904
0.112133885,0.006045456,0.792568438
0.884472089,-0.565467833,181.6587006
0.248257808,0.854727373,63.46515299
-0.54995927,-0.636926874,90.64624152
0.610197524,0.731326899,13.03903226
0.712629134,-0.739173667,155.5869609
-0.367441845,0.861488876,54.64654301
-0.631727526,-0.614627089,105.4226733
0.459736213,0.792195195,34.02914108
-0.601016581,0.141057689,7.410439393
0.234999746,0.29629426,6.396669964
-0.301536084,0.043154188,1.922191765
-0.213548174,-0.97088226,104.7968915
0.062644738,0.383304015,15.27152693
-0.565916938,-0.971647355,169.3550691
0.570168071,-0.223178432,30.24476147
0.895203162,0.409583272,15.36213177
0.460399586,0.140884648,0.796449761
-0.819584781,-0.191909807,77.89639714
0.652316191,0.352413394,0.655289155
-0.222110886,-0.105441412,3.88907448
0.068791963,-0.728154483,54.57945708
0.331396983,0.694529173,34.63504862
-0.127552002,-0.309223512,11.86594445
0.213756245,0.835833671,63.05060757
-0.237636881,-0.825999922,79.40728858
0.220117904,0.469770063,18.35911626
-0.888805623,-0.601088783,197.0735527
-0.401464243,-0.032533359,5.716338222
-0.870481536,0.38968367,17.04510783
-0.800326461,-0.152897966,66.1927702
0.338747601,-0.288386674,16.68916743
-0.604043529,-0.503968829,78.06080075
0.514919456,0.279963341,0.257270213
-0.591106988,-0.270489737,40.95887638
0.70994531,-0.372439985,76.90275294
-0.984902018,-0.125909834,124.0486832
0.826326716,0.502036952,3.298263095
0.482868193,0.322053206,1.057595431
0.006850667,0.349000377,13.16319631
0.516026953,-0.998010965,160.0783593
-0.964979858,-0.739423728,282.9548745
-0.099535727,0.218994731,5.580731658
0.541130419,-0.795543568,118.6645507
0.105614107,-0.050132682,1.175536026
0.644949145,-0.593026774,101.9313711
0.58014259,-0.713429952,110.4253094
0.201701035,-0.65415466,48.9172614
0.372884514,-0.258267359,16.17881491
0.819392105,-0.497219162,136.6004936
0.703444294,0.268306754,5.219398923
0.572054804,-0.145216743,22.50530747
-0.026582493,-0.355247796,13.72422688
0.724677801,-0.137637362,44.00556031
-0.955939182,-0.452625775,190.5430274
-0.123501675,0.168324185,3.605345088
-0.292648399,-0.312678022,17.53691036
0.873369235,-0.196553401,92.04690714
-0.290268212,-0.91191656,100.9006963
0.12267858,0.661289764,42.53227178
-0.128194005,0.395835082,15.66736236
-0.574229613,-0.596828314,88.3310177
0.120195956,-0.299376111,10.62255392
0.93871648,0.463641648,17.43830387
-0.158189052,-0.763696545,63.54937629
-0.527179802,0.026611496,8.647801341
-0.355197302,-0.19605184,12.21893686
-0.252465474,-0.186731642,7.842214768
-0.587063135,0.814401721,24.5860833
-0.730021821,-0.269839801,67.4372094
-0.919401762,0.656240934,7.258421067
0.216454099,0.30750632,7.40799199
0.236554358,-0.484737955,29.81805694
-0.380018687,0.65031946,27.49846453
-0.580966441,0.864870858,30.30913619
-0.022400598,0.90556176,82.95865845
-0.241081169,-0.662356902,53.44899793
0.56142261,-0.159324772,22.70928447
0.081250609,-0.656022075,44.75112207
-0.052875334,0.648487586,42.80033462
0.550120213,0.093173162,4.589702732
-0.039870532,0.716775344,52.23038715
0.809908782,0.429034761,5.18528866
0.155582509,0.372564778,12.84843052
0.450947972,-0.572608002,60.51317242
0.925563942,0.999096906,2.034122673
0.185664021,-0.778458086,66.74853385
-0.699568275,-0.994063509,222.9536759
-0.630729912,-0.608603692,103.9481895
-0.036994342,-0.290835717,9.613692483
0.580023071,-0.331799395,44.82900036
0.006850307,0.163649311,3.662920341
-0.715777522,-0.027866701,32.12594612
0.897907801,0.149129965,43.18957476
0.327262822,-0.460287299,32.64551831
-0.90317594,0.010418471,68.47422561
-0.08207983,0.702008868,49.51118013
-0.175571722,-0.091662617,2.882301037
0.752538445,0.001606772,31.95067514
-0.217397521,-0.01388719,1.855975183
0.308457499,0.398111026,9.657009997
0.160776735,0.045641084,0.74346772
-0.496609935,-0.031633213,9.982405827
0.723398198,0.276434565,6.171007379
-0.287716634,0.021926532,2.028539067
0.655271623,-0.554377218,96.89684105
0.985488014,0.532337534,19.25906312
-0.565477971,0.560316062,8.237186429
0.502470954,0.803337185,30.59222296
0.406598925,0.720854621,31.21369795
0.68358338,-0.082319399,30.30675499
0.722679652,-0.842204393,186.2548192
0.829532011,-0.76737843,211.8776047
0.939151765,-0.468141811,182.2936241
-0.34270675,-0.388999172,27.4517267
-0.664321904,-0.982412317,205.4723614
0.946160151,-0.605954965,225.3552357
-0.259105539,0.355458657,9.898360607
0.353403574,0.052084862,0.948205248
0.815494308,-0.278347146,89.0302688
0.617670584,0.248726769,1.909498997
0.928860315,-0.548399133,199.1481347
-0.13319424,-0.890232491,83.72566177
-0.253889105,-0.417918488,24.8411074
0.683685109,-0.417837663,78.46911156
-0.72984938,-0.989684503,234.7517826
0.147287787,0.523545816,25.91267357
-0.268885233,-0.172345193,7.595161007
0.321881734,0.803519703,49.44750453
0.293323085,-0.510158915,36.04451992
-0.1071106,0.82141112,66.82572144
-0.990472103,-0.992288647,393.3625953
0.444209046,0.896733081,49.22653473
0.591529574,0.150057987,4.160820351
-0.80846735,0.816889484,5.936264376
-0.521591563,-0.242023499,28.74319486
-0.002861415,-0.660492862,44.63189473
-0.185504861,-0.355860308,16.63667341
0.724310813,0.167328915,12.8421362
0.098091068,0.552255367,30.25855226
0.299156467,0.781217164,48.3391933
-0.892018797,-0.625036246,205.4281828
-0.917289497,-0.475827081,177.1899916
0.276930384,0.35935767,8.512906081
-0.312372676,-0.118495645,6.391047379
-0.726126582,0.194581006,14.04703186
-0.434843597,-0.82941965,105.7947538
-0.780157281,-0.742220395,185.652795
-0.730320452,0.380512682,5.330482525
-0.469297025,0.869235725,44.2784181
0.154164517,0.173587438,2.960063085
-0.871884525,-0.656950566,204.3306001
0.702219369,0.286353134,4.363597908
-0.958280934,0.848775092,4.31826815
-0.099251788,0.280380761,8.526994113
0.030754997,0.111220605,2.1554876
-0.670738457,-0.773315578,152.4145747
0.808955539,0.329683539,10.58116468
-0.170558426,0.344676581,11.32968489
-0.373296449,0.475913324,13.21341414
0.100634463,0.146997482,2.682203184
0.778273323,0.784206795,3.235295952
-0.839290973,-0.408274883,127.1896087
0.346286337,-0.380212132,25.43997912
0.684932712,0.896154448,18.33401451
-0.476512717,0.375099753,4.371537267
-0.352128147,0.707126558,35.83258143
-0.757733569,-0.170759428,58.58014686
-0.611874298,0.346022554,2.67861084
0.386798794,-0.92970461,116.8687323
-0.255085493,0.943741053,78.78176598
0.656685422,0.297325282,1.911066079
0.961200508,0.42945632,24.44959526
0.825583914,0.18815696,24.37791899
-0.778502888,-0.682035758,169.0838786
-0.396330404,-0.988192732,133.1141953
-0.998764092,0.955390079,4.172632764
0.584834225,0.570796051,5.405704209
0.640730645,0.950643355,29.30069594
-0.147018861,0.846938554,69.43162423
-0.764122976,-0.304286588,81.99681538
-0.219684678,-0.630968051,47.62288963
-0.122672631,0.226602194,5.735887241
0.549698703,0.989305246,47.41843942
-0.51840677,-0.662700229,89.06468842
0.99684654,0.381903407,37.42988719
-0.734047437,-0.507809639,112.5514612
0.611326623,-0.248207879,38.83052545
0.299501873,0.306040163,5.170944868
-0.021807315,-0.610009956,38.31334662
0.036181965,-0.528366086,28.98452915
-0.724648492,0.985257252,24.14746133
-0.267671078,0.790700891,53.31072395
-0.644490987,-0.209193585,41.71214705
0.119838569,-0.319399124,11.91428502
-0.514083789,-0.186522814,22.61496056
-0.104392998,0.436382195,19.32337262
-0.831000949,0.996232717,12.69598788
0.617534623,0.393997227,0.162277503
0.75148154,-0.706899438,161.7645067
-0.176203744,-0.171566385,5.48870439
0.385738347,0.555793654,16.94218337
0.847077765,-0.143442058,74.15252296
0.754442361,0.632876156,0.465976846
0.763163269,0.481137186,1.081875498
-0.745848258,0.059709827,27.70713559
-0.243859071,0.849802617,64.01018513
-0.1776281,0.725911968,49.6004203
-0.771340882,0.553978419,3.305652889
-0.955012426,-0.713418151,268.0363331
0.32752028,-0.468384604,33.58999759
0.857947534,-0.2014812,87.92114889
-0.195778459,0.905291654,76.59227495
0.715651153,-0.747759745,158.8197671
0.179726184,0.241266887,5.039502363
0.758638354,-0.823195456,195.7021478
-0.372769414,-0.221284942,14.86192411
0.034854811,0.753939844,57.59099579
0.539089935,-0.809220336,121.1768655
-0.310776482,0.718998715,40.45838894
-0.021507655,0.868228678,76.34527803
-0.824520192,0.932970578,9.73670959
-0.901921286,0.657980105,6.034766734
0.473193765,0.691061907,22.10039673
-0.964653569,-0.370139187,173.0407927
-0.677891779,0.430610709,2.898995376
-0.182721092,-0.730054459,59.68311493
0.086217419,0.906959165,81.74965091
-0.938565321,0.174855442,53.6086139
0.654707608,0.612287682,3.491798582
-0.723682691,-0.664411014,144.1358136
0.986036893,-0.422233329,194.4638008
0.849857625,0.870160787,2.210066705
0.498787178,0.754735959,25.84948226
-0.803765568,-0.422539715,117.4396361
0.755498132,-0.520571406,119.1640087
0.196939938,0.802790185,59.01524587
-0.2978005,-0.50472461,36.89779902
0.88146377,0.673987363,1.07476574
-0.248668482,0.457494505,17.21373715
-0.636904458,0.984195048,36.15120713
0.314188407,0.552051231,21.02176984
0.731154632,0.897482548,13.24158871
0.359045921,-0.123478289,6.781007577
-0.750467768,-0.729207598,170.0963607
0.671268761,-0.979187009,204.5376534
-0.534683973,0.636773423,14.66738648
-0.571307419,-0.906280462,154.417188
-0.795425076,0.867858646,8.753460593
-0.011646075,0.513650493,27.39317914
0.196734111,-0.002337082,0.813675678
0.44538209,0.093521534,1.406820592
0.562174933,-0.130307962,20.11439964
0.932575859,-0.681968633,240.7713971
-0.451114617,0.60679251,18.36986379
0.881315302,0.364190343,17.03188243
-0.97323749,0.283365752,47.96009032
0.339300984,-0.490555951,37.12148373
-0.358725542,0.588795964,23.01643576
-0.258990508,-0.229954422,10.40776922
0.424151506,0.751404701,32.99284942
-0.374096366,0.423526718,9.929824594
0.773660847,-0.284644674,78.05470805
-0.592757303,-0.737135972,121.0194896
-0.686522294,0.861528855,18.07120966
0.905480537,-0.968777031,319.9436982
-0.845950088,0.085841111,43.07113163
0.484649303,-0.529480077,58.69097519
0.65279764,-0.208720095,40.4258878
-0.694945008,0.915850144,21.61321643
0.134518188,0.388823927,14.49304193
0.306142733,-0.982431949,116.2924655
0.800917468,-0.543626138,140.4846331
-0.980248526,0.863122777,4.877171912
0.45120099,0.253679116,0.552149119
-0.105036446,-0.865940499,78.12929678
0.590900716,-0.630721098,96.1847755
-0.482638736,-0.543362813,62.46284669
-0.892155017,-0.370243246,139.5787212
0.572299007,-0.158561661,23.81106445
-0.94223099,-0.548553873,210.0832875
0.978214173,-0.665743716,263.2987007
-0.585077658,0.323598518,2.54750509
-0.648989968,-0.632184393,113.6785033
-0.444325584,0.063836228,3.870678407
0.697079908,-0.686628555,137.5788652
0.955161173,0.686230595,5.114234187
-0.828474254,-0.745856395,208.4704449
-0.823196645,-0.175398948,76.09376012
-0.207405386,-0.11862833,4.070748855
-0.864710521,0.360889014,18.44129801
-0.903314949,-0.554990815,191.5781288
-0.144584304,-0.776759061,64.93680822
-0.161927368,-0.323613102,13.58842819
-0.414696793,-0.773361551,91.36718973
0.063228905,0.200839985,4.752220931
-0.302666708,0.43796917,13.69360641
-0.197762968,0.011654486,1.510017701
0.956740311,0.27363954,41.18136239
-0.002084165,0.674014127,46.43309145
0.409073919,0.441765943,7.880072724
0.157018941,0.303521278,8.487260046
-0.09036817,0.356546709,13.32578627
-0.962486606,0.644115478,11.81870603
-0.105622966,-0.861039393,77.29491934
0.024029148,-0.131114354,2.686790914
0.880885384,-0.749273737,232.6476965
-0.016544817,0.919555489,85.54125836
0.870753139,-0.873736629,266.3420209
-0.423620886,0.133564224,2.237289595
-0.422918265,-0.510646653,49.56661943
0.851843024,-0.715946235,207.8380392
-0.390498148,-0.566346873,53.60595811
-0.089042553,-0.91164781,85.7480868
0.197688863,0.633719722,36.00323762
-0.411201369,0.396257648,7.152159385
0.659689406,0.505694488,0.612897992
0.252991473,-0.839315846,82.15682003
-0.974201258,-0.958019511,367.5957832
0.916802637,-0.829756504,278.991645
-0.555791073,0.794175843,25.96938956
0.349818307,0.032279156,1.234423568
0.371164792,0.638878207,25.50704839
-0.127429349,0.915354312,82.11206816
-0.299611411,-0.751679362,72.49218738
0.121816081,0.36296733,12.89052946
-0.74949261,-0.848119386,201.83084
-0.343596427,-0.823114783,90.38596725
0.561618227,-0.254764783,32.70268076
0.532750915,0.613052485,11.0574917
-0.972140609,0.291775571,46.5670487
0.599083434,0.563712516,4.355511408
-0.307577915,-0.295286906,16.9112654
0.869396677,-0.010112937,58.68706837
0.292331889,-0.961456536,110.1037848
0.415616668,-0.432782022,37.00685852
0.602506057,0.717040753,12.6915275
-0.405996402,-0.480600052,43.63521845
0.033845796,-0.564901477,32.97437621
-1.0,-1.0,404.0
-0.9591836734693876,-1.0,372.49119544629554
-0.9183673469387756,-1.0,343.49196719886777
-0.8775510204081632,-1.0,316.8491096223442
-0.8367346938775511,-1.0,292.4160781959343
-0.7959183673469388,-1.0,270.05298951342814
-0.7551020408163265,-1.0,249.6266212831978
-0.7142857142857143,-1.0,231.01041232819657
-0.6734693877551021,-1.0,214.0844625859592
-0.6326530612244898,-1.0,198.7355331086017
-0.5918367346938775,-1.0,184.8570460628216
-0.5510204081632654,-1.0,172.3490847298979
-0.5102040816326531,-1.0,161.11839350569082
-0.4693877551020409,-1.0,151.0783779006422
-0.4285714285714286,-1.0,142.1491045397751
-0.3877551020408164,-1.0,134.25730116269415
-0.3469387755102041,-1.0,127.33635662358512
-0.3061224489795918,-1.0,121.32632089121552
-0.2653061224489796,-1.0,116.17390504893407
-0.2244897959183673,-1.0,111.83248129467086
-0.1836734693877552,-1.0,108.2620829409376
-0.1428571428571429,-1.0,105.42940441482716
-0.1020408163265307,-1.0,103.30780125801398
-0.0612244897959184,-1.0,101.8772901267537
-0.0204081632653061,-1.0,101.12454879188373
0.0204081632653061,-1.0,101.04291613882248
0.0612244897959182,-1.0,101.63239216757005
0.1020408163265305,-1.0,102.8996379927078
0.1428571428571428,-1.0,104.8579758433986
0.183673469387755,-1.0,107.52738906338658
0.2244897959183671,-1.0,110.9345221109974
0.2653061224489794,-1.0,115.11268055913813
0.3061224489795917,-1.0,120.10183109529709
0.346938775510204,-1.0,125.9486015215443
0.3877551020408163,-1.0,132.70628075453078
0.4285714285714284,-1.0,140.43481882548932
0.4693877551020406,-1.0,149.200826880234
0.510204081632653,-1.0,159.07757717916022
0.5510204081632653,-1.0,170.14500309724485
0.5918367346938773,-1.0,182.48969912404604
0.6326530612244896,-1.0,196.20492086370365
0.6734693877551019,-1.0,211.3905850349387
0.7142857142857142,-1.0,228.1532694710537
0.7551020408163265,-1.0,246.6062131199325
0.7959183673469385,-1.0,266.8693160440402
0.8367346938775508,-1.0,289.06913942042394
0.8775510204081631,-1.0,313.33890554071155
0.9183673469387754,-1.0,339.81849781111254
0.9591836734693876,-1.0,368.654460752418
1.0,-1.0,400.0
-1.0,-0.9591836734693876,387.84006663890045
-0.9591836734693876,-0.9591836734693876,356.9840513141737
-0.9183673469387756,-0.9591836734693876,328.6104127445162
-0.8775510204081632,-0.9591836734693876,302.5659452945556
-0.8367346938775511,-0.9591836734693876,278.70410444350114
-0.7959183673469388,-0.9591836734693876,256.8850067851432
-0.7551020408163265,-0.9591836734693876,236.97543002785343
-0.7142857142857143,-0.9591836734693876,218.8488129945856
-0.6734693877551021,-0.9591836734693876,202.3852556228741
-0.6326530612244898,-0.9591836734693876,187.47151896483504
-0.5918367346938775,-0.9591836734693876,174.00102518716605
-0.5510204081632654,-0.9591836734693876,161.87385757114598
-0.5102040816326531,-0.9591836734693876,150.99676051263518
-0.4693877551020409,-0.9591836734693876,141.28313952207543
-0.4285714285714286,-0.9591836734693876,132.6530612244898
-0.3877551020408164,-0.9591836734693876,125.03325335948286
-0.3469387755102041,-0.9591836734693876,118.35710478124052
-0.3061224489795918,-0.9591836734693876,112.56466545853011
-0.2653061224489796,-0.9591836734693876,107.60264647470056
-0.2244897959183673,-0.9591836734693876,103.42442002768176
-0.1836734693877552,-0.9591836734693876,99.99001942998552
-0.1428571428571429,-0.9591836734693876,97.2661391087047
-0.1020408163265307,-0.9591836734693876,95.2261346055137
-0.0612244897959184,-0.9591836734693876,93.8500225766683
-0.0204081632653061,-0.9591836734693876,93.12448079300567
0.0204081632653061,-0.9591836734693876,93.04284813994444
0.0612244897959182,-0.9591836734693876,93.60512461748462
0.1020408163265305,-0.9591836734693876,94.81797134020758
0.1428571428571428,-0.9591836734693876,96.69471053727614
0.183673469387755,-0.9591836734693876,99.2553255524345
0.2244897959183671,-0.9591836734693876,102.5264608440083
0.2653061224489794,-0.9591836734693876,106.5414219849046
0.3061224489795917,-0.9591836734693876,111.34017566261171
0.346938775510204,-0.9591836734693876,116.9693496791997
0.3877551020408163,-0.9591836734693876,123.48223295131956
0.4285714285714284,-0.9591836734693876,130.93877551020404
0.4693877551020406,-0.9591836734693876,139.40558850166724
0.510204081632653,-0.9591836734693876,148.95594418610457
0.5510204081632653,-0.9591836734693876,159.66977593849293
0.5918367346938773,-0.9591836734693876,171.63367824839048
0.6326530612244896,-0.9591836734693876,184.940906719937
0.6734693877551019,-0.9591836734693876,199.6913780718536
0.7142857142857142,-0.9591836734693876,215.9916701374427
0.7551020408163265,-0.9591836734693876,233.95502186458816
0.7959183673469385,-0.9591836734693876,253.70133331575528
0.8367346938775508,-0.9591836734693876,275.35716566799084
0.8775510204081631,-0.9591836734693876,299.0557412129229
0.9183673469387754,-0.9591836734693876,324.93694335676105
0.9591836734693876,-0.9591836734693876,353.1473166202961
1.0,-0.9591836734693876,383.84006663890045
-1.0,-0.9183673469387756,372.0133277800916
-0.9591836734693876,-0.9183673469387756,341.8101016843426
-0.9183673469387756,-0.9183673469387756,314.0620527924554
-0.8775510204081632,-0.9183673469387756,288.6159754690578
-0.8367346938775511,-0.9183673469387756,265.3253251933588
-0.7959183673469388,-0.9183673469387756,244.05021855914887
-0.7551020408163265,-0.9183673469387756,224.6574332748
-0.7142857142857143,-0.9183673469387756,207.02040816326533
-0.6734693877551021,-0.9183673469387756,191.0192431620797
-0.6326530612244898,-0.9183673469387756,176.54069932335915
-0.5918367346938775,-0.9183673469387756,163.4781988138012
-0.5510204081632654,-0.9183673469387756,151.73182491468486
-0.5102040816326531,-0.9183673469387756,141.20832202187032
-0.4693877551020409,-0.9183673469387756,131.8210956457994
-0.4285714285714286,-0.9183673469387756,123.49021241149524
-0.3877551020408164,-0.9183673469387756,116.14240005856232
-0.3469387755102041,-0.9183673469387756,109.7110474411866
-0.3061224489795918,-0.9183673469387756,104.1362045281355
-0.2653061224489796,-0.9183673469387756,99.36458240275772
-0.2244897959183673,-0.9183673469387756,95.3495532629834
-0.1836734693877552,-0.9183673469387756,92.05115042132418
-0.1428571428571429,-0.9183673469387756,89.43606830487298
-0.1020408163265307,-0.9183673469387756,87.4776624553042
-0.0612244897959184,-0.9183673469387756,86.15594952887359
-0.0204081632653061,-0.9183673469387756,85.45760729641839
0.0204081632653061,-0.9183673469387756,85.37597464335717
0.0612244897959182,-0.9183673469387756,85.91105156968992
0.1020408163265305,-0.9183673469387756,87.06949918999807
0.1428571428571428,-0.9183673469387756,88.8646397334444
0.183673469387755,-0.9183673469387756,91.31645654377316
0.2244897959183671,-0.9183673469387756,94.45159407930991
0.2653061224489794,-0.9183673469387756,98.30335791296176
0.3061224489795917,-0.9183673469387756,102.91171473221712
0.346938775510204,-0.9183673469387756,108.3232923391458
0.3877551020408163,-0.9183673469387756,114.59137965039906
0.4285714285714284,-0.9183673469387756,121.77592669720946
0.4693877551020406,-0.9183673469387756,129.94354462539118
0.510204081632653,-0.9183673469387756,139.16750569533966
0.5510204081632653,-0.9183673469387756,149.52774328203176
0.5918367346938773,-0.9183673469387756,161.11085187502562
0.6326530612244896,-0.9183673469387756,174.01008707846108
0.6734693877551019,-0.9183673469387756,188.32536561105923
0.7142857142857142,-0.9183673469387756,204.1632653061224
0.7551020408163265,-0.9183673469387756,221.63702511153463
0.7959183673469385,-0.9183673469387756,240.866545089761
0.8367346938775508,-0.9183673469387756,261.97838641784847
0.8775510204081631,-0.9183673469387756,285.105771387425
0.9183673469387754,-0.9183673469387756,310.3885834047003
0.9591836734693876,-0.9183673469387756,337.973366990465
1.0,-0.9183673469387756,368.0133277800916
-1.0,-0.8775510204081632,356.5197834235735
-0.9591836734693876,-0.8775510204081632,326.9693465568022
-0.9183673469387756,-0.8775510204081632,299.8468873426853
-0.8775510204081632,-0.8775510204081632,274.9992001458506
-0.8367346938775511,-0.8775510204081632,252.27974044550712
-0.7959183673469388,-0.8775510204081632,231.54862483544528
-0.7551020408163265,-0.8775510204081632,212.67263102403703
-0.7142857142857143,-0.8775510204081632,195.5251978342357
-0.6734693877551021,-0.8775510204081632,179.98642520357598
-0.6326530612244898,-0.8775510204081632,165.94307418417392
-0.5918367346938775,-0.8775510204081632,153.28856694272707
-0.5510204081632654,-0.8775510204081632,141.9229867605144
-0.5102040816326531,-0.8775510204081632,131.75307803339612
-0.4693877551020409,-0.8775510204081632,122.69224627181406
-0.4285714285714286,-0.8775510204081632,114.66055810079136
-0.3877551020408164,-0.8775510204081632,107.58474125993249
-0.3469387755102041,-0.8775510204081632,101.39818460342345
-0.3061224489795918,-0.8775510204081632,96.04093810003154
-0.2653061224489796,-0.8775510204081632,91.4597128331056
-0.2244897959183673,-0.8775510204081632,87.60788100057573
-0.1836734693877552,-0.8775510204081632,84.44547591495353
-0.1428571428571429,-0.8775510204081632,81.93919200333195
-0.1020408163265307,-0.8775510204081632,80.06238480738538
-0.0612244897959184,-0.8775510204081632,78.79507098336958
-0.0204081632653061,-0.8775510204081632,78.1239283021218
0.0204081632653061,-0.8775510204081632,78.04229564906058
0.0612244897959182,-0.8775510204081632,78.55017302418591
0.1020408163265305,-0.8775510204081632,79.65422154207926
0.1428571428571428,-0.8775510204081632,81.36776343190338
0.183673469387755,-0.8775510204081632,83.71078203740251
0.2244897959183671,-0.8775510204081632,86.70992181690225
0.2653061224489794,-0.8775510204081632,90.39848834330968
0.3061224489795917,-0.8775510204081632,94.81644830411317
0.346938775510204,-0.8775510204081632,100.0104295013826
0.3877551020408163,-0.8775510204081632,106.03372085176922
0.4285714285714284,-0.8775510204081632,112.94627238650558
0.4693877551020406,-0.8775510204081632,120.81469525140584
0.510204081632653,-0.8775510204081632,129.71226170686546
0.5510204081632653,-0.8775510204081632,139.71890512786132
0.5918367346938773,-0.8775510204081632,150.9212200039515
0.6326530612244896,-0.8775510204081632,163.4124619392759
0.6734693877551019,-0.8775510204081632,177.29254765255553
0.7142857142857142,-0.8775510204081632,192.6680549770928
0.7551020408163265,-0.8775510204081632,209.65222286077176
0.7959183673469385,-0.8775510204081632,228.36495136605745
0.8367346938775508,-0.8775510204081632,248.9328016699968
0.8775510204081631,-0.8775510204081632,271.4889960642179
0.9183673469387754,-0.8775510204081632,296.1734179549302
0.9591836734693876,-0.8775510204081632,323.1326118629246
1.0,-0.8775510204081632,352.5197834235735
-1.0,-0.8367346938775511,341.3594335693461
-0.9591836734693876,-0.8367346938775511,312.4617859315526
-0.9183673469387756,-0.8367346938775511,285.96491639520605
-0.8775510204081632,-0.8367346938775511,261.7156193249342
-0.8367346938775511,-0.8367346938775511,239.56735019994625
-0.7959183673469388,-0.8367346938775511,219.38022561403244
-0.7551020408163265,-0.8367346938775511,201.02102327556491
-0.7142857142857143,-0.8367346938775511,184.36318200749693
-0.6734693877551021,-0.8367346938775511,169.286801747363
-0.6326530612244898,-0.8367346938775511,155.67864354727942
-0.5918367346938775,-0.8367346938775511,143.43212957394368
-0.5510204081632654,-0.8367346938775511,132.44734310863464
-0.5102040816326531,-0.8367346938775511,122.63102854721268
-0.4693877551020409,-0.8367346938775511,113.89659140011948
-0.4285714285714286,-0.8367346938775511,106.16409829237818
-0.3877551020408164,-0.8367346938775511,99.36027696359338
-0.3469387755102041,-0.8367346938775511,93.41851626795098
-0.3061224489795918,-0.8367346938775511,88.27886617421835
-0.2653061224489796,-0.8367346938775511,83.88803776574423
-0.2244897959183673,-0.8367346938775511,80.19940324045879
-0.1836734693877552,-0.8367346938775511,77.1729959108736
-0.1428571428571429,-0.8367346938775511,74.77551020408166
-0.1020408163265307,-0.8367346938775511,72.98030166175728
-0.0612244897959184,-0.8367346938775511,71.76738694015631
-0.0204081632653061,-0.8367346938775511,71.12344381011592
0.0204081632653061,-0.8367346938775511,71.0418111570547
0.0612244897959182,-0.8367346938775511,71.52248898097264
0.1020408163265305,-0.8367346938775511,72.57213839645115
0.1428571428571428,-0.8367346938775511,74.20408163265309
0.183673469387755,-0.8367346938775511,76.43830203332257
0.2244897959183671,-0.8367346938775511,79.3014440567853
0.2653061224489794,-0.8367346938775511,82.8268132759483
0.3061224489795917,-0.8367346938775511,87.05437637829996
0.346938775510204,-0.8367346938775511,92.03076116591016
0.3877551020408163,-0.8367346938775511,97.80925655543012
0.4285714285714284,-0.8367346938775511,104.44981257809242
0.4693877551020406,-0.8367346938775511,112.01904037971129
0.510204081632653,-0.8367346938775511,120.59021222068202
0.5510204081632653,-0.8367346938775511,130.24326147598154
0.5918367346938773,-0.8367346938775511,141.0647826351681
0.6326530612244896,-0.8367346938775511,153.14803130238144
0.6734693877551019,-0.8367346938775511,166.59292419634255
0.7142857142857142,-0.8367346938775511,181.506039150354
0.7551020408163265,-0.8367346938775511,198.00061511229964
0.7959183673469385,-0.8367346938775511,216.19655214464464
0.8367346938775508,-0.8367346938775511,236.22041142443587
0.8775510204081631,-0.8367346938775511,258.20541524330145
0.9183673469387754,-0.8367346938775511,282.2914470074508
0.9591836734693876,-0.8367346938775511,308.625051237675
1.0,-0.8367346938775511,337.3594335693461
-1.0,-0.7959183673469388,326.53227821740944
-0.9591836734693876,-0.7959183673469388,298.28741980859354
-0.9183673469387756,-0.7959183673469388,272.4161399500174
-0.8775510204081632,-0.7959183673469388,248.76523300630845
-0.8367346938775511,-0.7959183673469388,227.188154456676
-0.7959183673469388,-0.7959183673469388,207.5450208949103
-0.7551020408163265,-0.7959183673469388,189.70261002938344
-0.7142857142857143,-0.7959183673469388,173.53436068304876
-0.6734693877551021,-0.7959183673469388,158.92037279344072
-0.6326530612244898,-0.7959183673469388,145.74740741267564
-0.5918367346938775,-0.7959183673469388,133.908886707451
-0.5510204081632654,-0.7959183673469388,123.3048939590456
-0.5102040816326531,-0.7959183673469388,113.84217356331992
-0.4693877551020409,-0.7959183673469388,105.43413103071558
-0.4285714285714286,-0.7959183673469388,98.00083298625572
-0.3877551020408164,-0.7959183673469388,91.46900716954498
-0.3469387755102041,-0.7959183673469388,85.77204243476922
-0.3061224489795918,-0.7959183673469388,80.84998875069583
-0.2653061224489796,-0.7959183673469388,76.64955720067354
-0.2244897959183673,-0.7959183673469388,73.12411998263252
-0.1836734693877552,-0.7959183673469388,70.23371040908437
-0.1428571428571429,-0.7959183673469388,67.94502290712204
-0.1020408163265307,-0.7959183673469388,66.2314130184199
-0.0612244897959184,-0.7959183673469388,65.07289739923374
-0.0204081632653061,-0.7959183673469388,64.45615382040074
0.0204081632653061,-0.7959183673469388,64.37452116733951
0.0612244897959182,-0.7959183673469388,64.82799944005006
0.1020408163265305,-0.7959183673469388,65.82324975311377
0.1428571428571428,-0.7959183673469388,67.37359433569347
0.183673469387755,-0.7959183673469388,69.49901653153334
0.2244897959183671,-0.7959183673469388,72.22616079895906
0.2653061224489794,-0.7959183673469388,75.58833271087761
0.3061224489795917,-0.7959183673469388,79.62549895477744
0.346938775510204,-0.7959183673469388,84.38428733272839
0.3877551020408163,-0.7959183673469388,89.9179867613817
0.4285714285714284,-0.7959183673469388,96.28654727196998
0.4693877551020406,-0.7959183673469388,103.55658001030736
0.510204081632653,-0.7959183673469388,111.80135723678924
0.5510204081632653,-0.7959183673469388,121.1008123263925
0.5918367346938773,-0.7959183673469388,131.54153976867536
0.6326530612244896,-0.7959183673469388,143.21679516777763
0.6734693877551019,-0.7959183673469388,156.2264952424203
0.7142857142857142,-0.7959183673469388,170.67721782590584
0.7551020408163265,-0.7959183673469388,186.68220186611816
0.7959183673469385,-0.7959183673469388,204.36134742552247
0.8367346938775508,-0.7959183673469388,223.8412156811657
0.8775510204081631,-0.7959183673469388,245.25502892467577
0.9183673469387754,-0.7959183673469388,268.74267056226216
0.9591836734693876,-0.7959183673469388,294.45068511471595
1.0,-0.7959183673469388,322.53227821740944
-1.0,-0.7551020408163265,312.0383173677634
-0.9591836734693876,-0.7551020408163265,284.44624818792533
-0.9183673469387756,-0.7551020408163265,259.2005580071194
-0.8775510204081632,-0.7551020408163265,236.1480411899734
-0.8367346938775511,-0.7551020408163265,215.14215321569645
-0.7959183673469388,-0.7551020408163265,196.04301067807884
-0.7551020408163265,-0.7551020408163265,178.71739128549274
-0.7142857142857143,-0.7551020408163265,163.0387338608913
-0.6734693877551021,-0.7551020408163265,148.88713834180916
-0.6326530612244898,-0.7551020408163265,136.14936578036256
-0.5918367346938775,-0.7551020408163265,124.71883834324896
-0.5510204081632654,-0.7551020408163265,114.49563931174724
-0.5102040816326531,-0.7551020408163265,105.38651308171784
-0.4693877551020409,-0.7551020408163265,97.30486516360236
-0.4285714285714286,-0.7551020408163265,90.170762182424
-0.3877551020408164,-0.7551020408163265,83.91093187778728
-0.3469387755102041,-0.7551020408163265,78.45876310387817
-0.3061224489795918,-0.7551020408163265,73.75430582946402
-0.2653061224489796,-0.7551020408163265,69.74427113789358
-0.2244897959183673,-0.7551020408163265,66.38203122709699
-0.1836734693877552,-0.7551020408163265,63.627619409585854
-0.1428571428571429,-0.7551020408163265,61.44773011245314
-0.1020408163265307,-0.7551020408163265,59.81571887737321
-0.0612244897959184,-0.7551020408163265,58.711602360601866
-0.0204081632653061,-0.7551020408163265,58.12205833297627
0.0204081632653061,-0.7551020408163265,58.040425679915046
0.0612244897959182,-0.7551020408163265,58.46670440141819
0.1020408163265305,-0.7551020408163265,59.407555612067085
0.1428571428571428,-0.7551020408163265,60.876301541024574
0.183673469387755,-0.7551020408163265,62.89292553203484
0.2244897959183671,-0.7551020408163265,65.48407204342351
0.2653061224489794,-0.7551020408163265,68.68304664809763
0.3061224489795917,-0.7551020408163265,72.52981603354563
0.346938775510204,-0.7551020408163265,77.07100800183734
0.3877551020408163,-0.7551020408163265,82.35991146962401
0.4285714285714284,-0.7551020408163265,88.45647646813823
0.4693877551020406,-0.7551020408163265,95.42731414319417
0.510204081632653,-0.7551020408163265,103.3456967551872
0.5510204081632653,-0.7551020408163265,112.29155767909415
0.5918367346938773,-0.7551020408163265,122.35149140447336
0.6326530612244896,-0.7551020408163265,133.61875353546458
0.6734693877551019,-0.7551020408163265,146.19326079078874
0.7142857142857142,-0.7551020408163265,160.18159100374842
0.7551020408163265,-0.7551020408163265,175.69698312222744
0.7959183673469385,-0.7551020408163265,192.85933720869104
0.8367346938775508,-0.7551020408163265,211.7952144401861
0.8775510204081631,-0.7551020408163265,232.6378371083407
0.9183673469387754,-0.7551020408163265,255.52708861936424
0.9591836734693876,-0.7551020408163265,280.60951349404775
1.0,-0.7551020408163265,308.0383173677634
-1.0,-0.7142857142857143,297.87755102040825
-0.9591836734693876,-0.7142857142857143,270.9382710695478
-0.9183673469387756,-0.7142857142857143,246.3181705665122
-0.8775510204081632,-0.7142857142857143,223.86404387592907
-0.8367346938775511,-0.7142857142857143,203.42934647700767
-0.7959183673469388,-0.7142857142857143,184.87419496353817
-0.7551020408163265,-0.7142857142857143,168.0653670438927
-0.7142857142857143,-0.7142857142857143,152.8763015410246
-0.6734693877551021,-0.7142857142857143,139.1870983924684
-0.6326530612244898,-0.7142857142857143,126.88451865034024
-0.5918367346938775,-0.7142857142857143,115.86198448133769
-0.5510204081632654,-0.7142857142857143,106.01957916673967
-0.5102040816326531,-0.7142857142857143,97.2640471024065
-0.4693877551020409,-0.7142857142857143,89.5087937987799
-0.4285714285714286,-0.7142857142857143,82.67388588088299
-0.3877551020408164,-0.7142857142857143,76.68605108832031
-0.3469387755102041,-0.7142857142857143,71.47867827527786
-0.3061224489795918,-0.7142857142857143,66.99181741052293
-0.2653061224489796,-0.7142857142857143,63.17217957740433
-0.2244897959183673,-0.7142857142857143,59.973136973852185
-0.1836734693877552,-0.7142857142857143,57.35472291237807
-0.1428571428571429,-0.7142857142857143,55.28363182007497
-0.1020408163265307,-0.7142857142857143,53.73321923861727
-0.0612244897959184,-0.7142857142857143,52.68350182426072
-0.0204081632653061,-0.7142857142857143,52.12115734784254
0.0204081632653061,-0.7142857142857143,52.03952469478131
0.0612244897959182,-0.7142857142857143,52.43860386507705
0.1020408163265305,-0.7142857142857143,53.32505597331114
0.1428571428571428,-0.7142857142857143,54.7122032486464
0.183673469387755,-0.7142857142857143,56.620029034827056
0.2244897959183671,-0.7142857142857143,59.07517779017869
0.2653061224489794,-0.7142857142857143,62.11095508760839
0.3061224489795917,-0.7142857142857143,65.76732761460455
0.346938775510204,-0.7142857142857143,70.09092317323703
0.3877551020408163,-0.7142857142857143,75.13503068015704
0.4285714285714284,-0.7142857142857143,80.95960016659723
0.4693877551020406,-0.7142857142857143,87.63124277837169
0.510204081632653,-0.7142857142857143,95.22323077587583
0.5510204081632653,-0.7142857142857143,103.8154975340866
0.5918367346938773,-0.7142857142857143,113.49463754256212
0.6326530612244896,-0.7142857142857143,124.35390640544225
0.6734693877551019,-0.7142857142857143,136.49322084144794
0.7142857142857142,-0.7142857142857143,150.01915868388173
0.7551020408163265,-0.7142857142857143,165.0449588806274
0.7959183673469385,-0.7142857142857143,181.6905214941504
0.8367346938775508,-0.7142857142857143,200.08240770149732
0.8775510204081631,-0.7142857142857143,220.3538397942964
0.9183673469387754,-0.7142857142857143,242.644701178757
0.9591836734693876,-0.7142857142857143,267.1015363756702
1.0,-0.7142857142857143,293.87755102040825
-1.0,-0.6734693877551021,284.04997917534365
-0.9591836734693876,-0.6734693877551021,257.7634884534609
-0.9183673469387756,-0.6734693877551021,233.7689776281957
-0.8775510204081632,-0.6734693877551021,211.91324106417548
-0.8367346938775511,-0.6734693877551021,192.04973424060955
-0.7959183673469388,-0.6734693877551021,174.03857375128823
-0.7551020408163265,-0.6734693877551021,157.74653730458346
-0.7142857142857143,-0.6734693877551021,143.0470637234486
-0.6734693877551021,-0.6734693877551021,129.8202529454183
-0.6326530612244898,-0.6734693877551021,117.9528660226086
-0.5918367346938775,-0.6734693877551021,107.33832512171716
-0.5510204081632654,-0.6734693877551021,97.8767135240228
-0.5102040816326531,-0.6734693877551021,89.47477562538587
-0.4693877551020409,-0.6734693877551021,82.04591693624813
-0.4285714285714286,-0.6734693877551021,75.51020408163268
-0.3877551020408164,-0.6734693877551021,69.79436480114407
-0.3469387755102041,-0.6734693877551021,64.83178794896826
-0.3061224489795918,-0.6734693877551021,60.562523493872575
-0.2653061224489796,-0.6734693877551021,56.9332825192058
-0.2244897959183673,-0.6734693877551021,53.89743722289808
-0.1836734693877552,-0.6734693877551021,51.41502091746099
-0.1428571428571429,-0.6734693877551021,49.45272802998752
-0.1020408163265307,-0.6734693877551021,47.98391410215202
-0.0612244897959184,-0.6734693877551021,46.98859579021029
-0.0204081632653061,-0.6734693877551021,46.45345086499952
0.0204081632653061,-0.6734693877551021,46.37181821193829
0.0612244897959182,-0.6734693877551021,46.743697831026616
0.1020408163265305,-0.6734693877551021,47.5757508368459
0.1428571428571428,-0.6734693877551021,48.88129945855895
0.183673469387755,-0.6734693877551021,50.680327039909976
0.2244897959183671,-0.6734693877551021,52.99947803922459
0.2653061224489794,-0.6734693877551021,55.87205802940986
0.3061224489795917,-0.6734693877551021,59.33803369795419
0.346938775510204,-0.6734693877551021,63.44403284692742
0.3877551020408163,-0.6734693877551021,68.24334439298079
0.4285714285714284,-0.6734693877551021,73.79591836734693
0.4693877551020406,-0.6734693877551021,80.16836591583994
0.510204081632653,-0.6734693877551021,87.43395929885523
0.5510204081632653,-0.6734693877551021,95.6726318913697
0.5918367346938773,-0.6734693877551021,104.9709781829416
0.6326530612244896,-0.6734693877551021,115.42225377771058
0.6734693877551019,-0.6734693877551021,127.1263753943978
0.7142857142857142,-0.6734693877551021,140.18992086630573
0.7551020408163265,-0.6734693877551021,154.72612914131815
0.7959183673469385,-0.6734693877551021,170.8549002819004
0.8367346938775508,-0.6734693877551021,188.70279546509929
0.8775510204081631,-0.6734693877551021,208.40303698254283
0.9183673469387754,-0.6734693877551021,230.09550824044052
0.9591836734693876,-0.6734693877551021,253.9267537595834
1.0,-0.6734693877551021,280.04997917534365
-1.0,-0.6326530612244898,270.5556018325698
-0.9591836734693876,-0.6326530612244898,244.9219003396648
-0.9183673469387756,-0.6326530612244898,221.5529791921699
-0.8775510204081632,-0.6326530612244898,200.29563275471256
-0.8367346938775511,-0.6326530612244898,181.00331650650216
-0.7959183673469388,-0.6326530612244898,163.53614704132897
-0.7551020408163265,-0.6326530612244898,147.76090206756484
-0.7142857142857143,-0.6326530612244898,133.55102040816328
-0.6734693877551021,-0.6326530612244898,120.78660200065887
-0.6326530612244898,-0.6326530612244898,109.35440789716766
-0.5918367346938775,-0.6326530612244898,99.14786026438728
-0.5510204081632654,-0.6326530612244898,90.0670423835966
-0.5102040816326531,-0.6326530612244898,82.01869865065594
-0.4693877551020409,-0.6326530612244898,74.91623457600707
-0.4285714285714286,-0.6326530612244898,68.67971678467306
-0.3877551020408164,-0.6326530612244898,63.23587301625852
-0.3469387755102041,-0.6326530612244898,58.51809212494934
-0.3061224489795918,-0.6326530612244898,54.46642407951291
-0.2653061224489796,-0.6326530612244898,51.02757996329796
-0.2244897959183673,-0.6326530612244898,48.154931974234685
-0.1836734693877552,-0.6326530612244898,45.808513424834615
-0.1428571428571429,-0.6326530612244898,43.95501874219076
-0.1020408163265307,-0.6326530612244898,42.56780346797748
-0.0612244897959184,-0.6326530612244898,41.62688425845056
-0.0204081632653061,-0.6326530612244898,41.11893888444719
0.0204081632653061,-0.6326530612244898,41.03730623138596
0.0612244897959182,-0.6326530612244898,41.381986299266885
0.1020408163265305,-0.6326530612244898,42.15964020267136
0.1428571428571428,-0.6326530612244898,43.38359017076219
0.183673469387755,-0.6326530612244898,45.0738195472836
0.2244897959183671,-0.6326530612244898,47.25697279056119
0.2653061224489794,-0.6326530612244898,49.96635547350203
0.3061224489795917,-0.6326530612244898,53.24193428359453
0.346938775510204,-0.6326530612244898,57.130337022908506
0.3877551020408163,-0.6326530612244898,61.68485260809523
0.4285714285714284,-0.6326530612244898,66.96543107038733
0.4693877551020406,-0.6326530612244898,73.03868355559888
0.510204081632653,-0.6326530612244898,79.97788232412532
0.5510204081632653,-0.6326530612244898,87.86296075094351
0.5918367346938773,-0.6326530612244898,96.78051332561172
0.6326530612244896,-0.6326530612244898,106.82379565226964
0.6734693877551019,-0.6326530612244898,118.09272444963838
0.7142857142857142,-0.6326530612244898,130.69387755102042
0.7551020408163265,-0.6326530612244898,144.74049390429954
0.7959183673469385,-0.6326530612244898,160.3524735719411
0.8367346938775508,-0.6326530612244898,177.65637773099184
0.8775510204081631,-0.6326530612244898,196.78542867307996
0.9183673469387754,-0.6326530612244898,217.8795098044147
0.9591836734693876,-0.6326530612244898,241.08516564578727
1.0,-0.6326530612244898,266.5556018325698
-1.0,-0.5918367346938775,257.39441899208657
-0.9591836734693876,-0.5918367346938775,232.41350672815932
-0.9183673469387756,-0.5918367346938775,209.67017525843477
-0.8775510204081632,-0.5918367346938775,189.0112189475404
-0.8367346938775511,-0.5918367346938775,170.2900932746855
-0.7959183673469388,-0.5918367346938775,153.36691483366036
-0.7551020408163265,-0.5918367346938775,138.10846133283698
-0.7142857142857143,-0.5918367346938775,124.38817159516864
-0.6734693877551021,-0.5918367346938775,112.08614555819015
-0.6326530612244898,-0.5918367346938775,101.08914427401744
-0.5918367346938775,-0.5918367346938775,91.29058990934811
-0.5510204081632654,-0.5918367346938775,82.59056574546112
-0.5102040816326531,-0.5918367346938775,74.89581617821673
-0.4693877551020409,-0.5918367346938775,68.11974671805672
-0.4285714285714286,-0.5918367346938775,62.18242399000416
-0.3877551020408164,-0.5918367346938775,57.01057573366367
-0.3469387755102041,-0.5918367346938775,52.537590803221136
-0.3061224489795918,-0.5918367346938775,48.70351916744395
-0.2653061224489796,-0.5918367346938775,45.45507190968084
-0.2244897959183673,-0.5918367346938775,42.74562122786199
-0.1836734693877552,-0.5918367346938775,40.53520043449896
-0.1428571428571429,-0.5918367346938775,38.79050395668472
-0.1020408163265307,-0.5918367346938775,37.48488733609365
-0.0612244897959184,-0.5918367346938775,36.59836722898154
-0.0204081632653061,-0.5918367346938775,36.11762140618557
0.0204081632653061,-0.5918367346938775,36.03598875312434
0.0612244897959182,-0.5918367346938775,36.35346926979786
0.1020408163265305,-0.5918367346938775,37.07672407078753
0.1428571428571428,-0.5918367346938775,38.21907538525615
0.183673469387755,-0.5918367346938775,39.80050655694794
0.2244897959183671,-0.5918367346938775,41.8476620441885
0.2653061224489794,-0.5918367346938775,44.39384741988491
0.3061224489795917,-0.5918367346938775,47.47902937152556
0.346938775510204,-0.5918367346938775,51.14983570118031
0.3877551020408163,-0.5918367346938775,55.45955532550038
0.4285714285714284,-0.5918367346938775,60.46813827571842
0.4693877551020406,-0.5918367346938775,66.24219569764853
0.510204081632653,-0.5918367346938775,72.85499985168609
0.5510204081632653,-0.5918367346938775,80.38648411280805
0.5918367346938773,-0.5918367346938775,88.92324297057257
0.6326530612244896,-0.5918367346938775,98.55853202911942
0.6734693877551019,-0.5918367346938775,109.39226800716968
0.7142857142857142,-0.5918367346938775,121.53102873802578
0.7551020408163265,-0.5918367346938775,135.08805316957168
0.7959183673469385,-0.5918367346938775,150.1832413642725
0.8367346938775508,-0.5918367346938775,166.94315449917517
0.8775510204081631,-0.5918367346938775,185.5010148659077
0.9183673469387754,-0.5918367346938775,205.9967058706796
0.9591836734693876,-0.5918367346938775,228.57677203428184
1.0,-0.5918367346938775,253.3944189920866
-1.0,-0.5510204081632654,244.5664306538942
-0.9591836734693876,-0.5510204081632654,220.23830761894465
-0.9183673469387756,-0.5510204081632654,198.1205658269904
-0.8775510204081632,-0.5510204081632654,178.05999964265894
-0.8367346938775511,-0.5510204081632654,159.9100645451595
-0.7959183673469388,-0.5510204081632654,143.53087712828247
-0.7551020408163265,-0.5510204081632654,128.78921510039987
-0.7142857142857143,-0.5510204081632654,115.5585172844648
-0.6734693877551021,-0.5510204081632654,103.71888361801216
-0.6326530612244898,-0.5510204081632654,93.15707515315796
-0.5918367346938775,-0.5510204081632654,83.76651405659969
-0.5510204081632654,-0.5510204081632654,75.44728360961639
-0.5102040816326531,-0.5510204081632654,68.10612820806826
-0.4693877551020409,-0.5510204081632654,61.6564533623971
-0.4285714285714286,-0.5510204081632654,56.01832569762601
-0.3877551020408164,-0.5510204081632654,51.11847295335955
-0.3469387755102041,-0.5510204081632654,46.89028398378367
-0.3061224489795918,-0.5510204081632654,43.273808757665705
-0.2653061224489796,-0.5510204081632654,40.21575835835444
-0.2244897959183673,-0.5510204081632654,37.66950498378002
-0.1836734693877552,-0.5510204081632654,35.595081946454016
-0.1428571428571429,-0.5510204081632654,33.9591836734694
-0.1020408163265307,-0.5510204081632654,32.735165706500545
-0.0612244897959184,-0.5510204081632654,31.903044701803243
-0.0204081632653061,-0.5510204081632654,31.44949843021468
0.0204081632653061,-0.5510204081632654,31.367865777153455
0.0612244897959182,-0.5510204081632654,31.65814674261957
0.1020408163265305,-0.5510204081632654,32.32700244119442
0.1428571428571428,-0.5510204081632654,33.38775510204083
0.183673469387755,-0.5510204081632654,34.860388068903
0.2244897959183671,-0.5510204081632654,36.77154580010654
0.2653061224489794,-0.5510204081632654,39.15453386855852
0.3061224489795917,-0.5510204081632654,42.04931896174734
0.346938775510204,-0.5510204081632654,45.50252888174284
0.3877551020408163,-0.5510204081632654,49.56745254519627
0.4285714285714284,-0.5510204081632654,54.30403998334026
0.4693877551020406,-0.5510204081632654,59.778902341988896
0.510204081632653,-0.5510204081632654,66.06531188153761
0.5510204081632653,-0.5510204081632654,73.24320197696329
0.5918367346938773,-0.5510204081632654,81.39916711782416
0.6326530612244896,-0.5510204081632654,90.62646290825994
0.6734693877551019,-0.5510204081632654,101.02500606699172
0.7142857142857142,-0.5510204081632654,112.70137442732192
0.7551020408163265,-0.5510204081632654,125.76880693713456
0.7959183673469385,-0.5510204081632654,140.34720365889464
0.8367346938775508,-0.5510204081632654,156.5631257696492
0.8775510204081631,-0.5510204081632654,174.54979556102626
0.9183673469387754,-0.5510204081632654,194.44709643923528
0.9591836734693876,-0.5510204081632654,216.40157292506711
1.0,-0.5510204081632654,240.5664306538942
-1.0,-0.5102040816326531,232.07163681799247
-0.9591836734693876,-0.5102040816326531,208.39630301202064
-0.9183673469387756,-0.5102040816326531,186.9041508978367
-0.8775510204081632,-0.5102040816326531,167.44197484006818
-0.8367346938775511,-0.5102040816326531,149.86323031792423
-0.7959183673469388,-0.5102040816326531,134.02803392519533
-0.7551020408163265,-0.5102040816326531,119.80316337025336
-0.7142857142857143,-0.5102040816326531,107.06205747605163
-0.6734693877551021,-0.5102040816326531,95.68481618012488
-0.6326530612244898,-0.5102040816326531,85.55820053458916
-0.5918367346938775,-0.5102040816326531,76.57563270614196
-0.5510204081632654,-0.5102040816326531,68.63719597606233
-0.5102040816326531,-0.5102040816326531,61.64963474021047
-0.4693877551020409,-0.5102040816326531,55.52635450902817
-0.4285714285714286,-0.5102040816326531,50.187421907538535
-0.3877551020408164,-0.5102040816326531,45.55956467534613
-0.3469387755102041,-0.5102040816326531,41.576171666636895
-0.3061224489795918,-0.5102040816326531,38.17729285017817
-0.2653061224489796,-0.5102040816326531,35.30963930931875
-0.2244897959183673,-0.5102040816326531,32.92658324198876
-0.1836734693877552,-0.5102040816326531,30.988157960699777
-0.1428571428571429,-0.5102040816326531,29.461057892544776
-0.1020408163265307,-0.5102040816326531,28.318638579198144
-0.0612244897959184,-0.5102040816326531,27.540916676915646
-0.0204081632653061,-0.5102040816326531,27.11456995653449
0.0204081632653061,-0.5102040816326531,27.03293730347327
0.0612244897959182,-0.5102040816326531,27.29601871773197
0.1020408163265305,-0.5102040816326531,27.910475313892015
0.1428571428571428,-0.5102040816326531,28.889629321116203
0.183673469387755,-0.5102040816326531,30.25346408314876
0.2244897959183671,-0.5102040816326531,32.02862405831527
0.2653061224489794,-0.5102040816326531,34.248414819522814
0.3061224489795917,-0.5102040816326531,36.9528030542598
0.346938775510204,-0.5102040816326531,40.18841656459607
0.3877551020408163,-0.5102040816326531,44.00854426718285
0.4285714285714284,-0.5102040816326531,48.47313619325279
0.4693877551020406,-0.5102040816326531,53.64880348861998
0.510204081632653,-0.5102040816326531,59.60881841367984
0.5510204081632653,-0.5102040816326531,66.43311434340924
0.5918367346938773,-0.5102040816326531,74.20828576736643
0.6326530612244896,-0.5102040816326531,83.02758828969112
0.6734693877551019,-0.5102040816326531,92.99093862910443
0.7142857142857142,-0.5102040816326531,104.20491461890876
0.7551020408163265,-0.5102040816326531,116.78275520698809
0.7959183673469385,-0.5102040816326531,130.84436045580748
0.8367346938775508,-0.5102040816326531,146.51629154241394
0.8775510204081631,-0.5102040816326531,163.93177075843548
0.9183673469387754,-0.5102040816326531,183.2306815100816
0.9591836734693876,-0.5102040816326531,204.5595683181431
1.0,-0.5102040816326531,228.07163681799247
-1.0,-0.4693877551020409,219.91003748438152
-0.9591836734693876,-0.4693877551020409,196.88749290738744
-0.9183673469387756,-0.4693877551020409,176.02093047097378
-0.8775510204081632,-0.4693877551020409,157.15714453976818
-0.8367346938775511,-0.4693877551020409,140.14959059297976
-0.7959183673469388,-0.4693877551020409,124.85838522439887
-0.7551020408163265,-0.4693877551020409,111.15030614239762
-0.7142857142857143,-0.4693877551020409,98.8987921699292
-0.6734693877551021,-0.4693877551020409,87.98394324452833
-0.6326530612244898,-0.4693877551020409,78.29252041831107
-0.5918367346938775,-0.4693877551020409,69.71794585797498
-0.5510204081632654,-0.4693877551020409,62.160302844799
-0.5102040816326531,-0.4693877551020409,55.52633577464341
-0.4693877551020409,-0.4693877551020409,49.72945015794997
-0.4285714285714286,-0.4693877551020409,44.689712619741776
-0.3877551020408164,-0.4693877551020409,40.33385089962344
-0.3469387755102041,-0.4693877551020409,36.595253851780846
-0.3061224489795918,-0.4693877551020409,33.41397144498138
-0.2653061224489796,-0.4693877551020409,30.73671476257378
-0.2244897959183673,-0.4693877551020409,28.51685600248822
-0.1836734693877552,-0.4693877551020409,26.71442847723626
-0.1428571428571429,-0.4693877551020409,25.29612661391088
-0.1020408163265307,-0.4693877551020409,24.23530595418646
-0.0612244897959184,-0.4693877551020409,23.511983154318777
-0.0204081632653061,-0.4693877551020409,23.11283598514503
0.0204081632653061,-0.4693877551020409,23.031203332083805
0.0612244897959182,-0.4693877551020409,23.267085195135103
0.1020408163265305,-0.4693877551020409,23.82714268888033
0.1428571428571428,-0.4693877551020409,24.724698042482306
0.183673469387755,-0.4693877551020409,25.97973459968524
0.2244897959183671,-0.4693877551020409,27.618896818814733
0.2653061224489794,-0.4693877551020409,29.67549027277785
0.3061224489795917,-0.4693877551020409,32.189481649063
0.346938775510204,-0.4693877551020409,35.20749874974002
0.3877551020408163,-0.4693877551020409,38.78283049146016
0.4285714285714284,-0.4693877551020409,42.97542690545605
0.4693877551020406,-0.4693877551020409,47.85189913754178
0.510204081632653,-0.4693877551020409,53.485519448112775
0.5510204081632653,-0.4693877551020409,59.95622121214592
0.5918367346938773,-0.4693877551020409,67.35059891919943
0.6326530612244896,-0.4693877551020409,75.76190817341306
0.6734693877551019,-0.4693877551020409,85.29006569350787
0.7142857142857142,-0.4693877551020409,96.04164931278632
0.7551020408163265,-0.4693877551020409,108.12989797913232
0.7959183673469385,-0.4693877551020409,121.67471175501107
0.8367346938775508,-0.4693877551020409,136.80265181746944
0.8775510204081631,-0.4693877551020409,153.64694045813548
0.9183673469387754,-0.4693877551020409,172.34746108321863
0.9591836734693876,-0.4693877551020409,193.0507582135099
1.0,-0.4693877551020409,215.91003748438152
-1.0,-0.4285714285714286,208.08163265306123
-0.9591836734693876,-0.4285714285714286,185.71187730504485
-0.9183673469387756,-0.4285714285714286,165.47090454640153
-0.8775510204081632,-0.4285714285714286,147.20550874175882
-0.8367346938775511,-0.4285714285714286,130.7691453703259
-0.7959183673469388,-0.4285714285714286,116.02193102589314
-0.7551020408163265,-0.4285714285714286,102.8306434168326
-0.7142857142857143,-0.4285714285714286,91.06872136609746
-0.6734693877551021,-0.4285714285714286,80.61626481122248
-0.6326530612244898,-0.4285714285714286,71.36003480432369
-0.5918367346938775,-0.4285714285714286,63.19345351209869
-0.5510204081632654,-0.4285714285714286,56.01660421582637
-0.5102040816326531,-0.4285714285714286,49.73623131136704
-0.4693877551020409,-0.4285714285714286,44.26574030916247
-0.4285714285714286,-0.4285714285714286,39.52519783423573
-0.3877551020408164,-0.4285714285714286,35.44133162619144
-0.3469387755102041,-0.4285714285714286,31.9475305392155
-0.3061224489795918,-0.4285714285714286,28.98384454207527
-0.2653061224489796,-0.4285714285714286,26.496984718119503
-0.2244897959183673,-0.4285714285714286,24.440323265278373
-0.1836734693877552,-0.4285714285714286,22.773893496063444
-0.1428571428571429,-0.4285714285714286,21.464389837567687
-0.1020408163265307,-0.4285714285714286,20.48516783146548
-0.0612244897959184,-0.4285714285714286,19.816244134012607
-0.0204081632653061,-0.4285714285714286,19.444296516046265
0.0204081632653061,-0.4285714285714286,19.36266386298504
0.0612244897959182,-0.4285714285714286,19.57134617482893
0.1020408163265305,-0.4285714285714286,20.077004566159356
0.1428571428571428,-0.4285714285714286,20.89296126613911
0.183673469387755,-0.4285714285714286,22.03919961851242
0.2244897959183671,-0.4285714285714286,23.54236408160489
0.2653061224489794,-0.4285714285714286,25.435760228323577
0.3061224489795917,-0.4285714285714286,27.75935474615689
0.346938775510204,-0.4285714285714286,30.55977543717467
0.3877551020408163,-0.4285714285714286,33.89031121802817
0.4285714285714284,-0.4285714285714286,37.81091211995
0.4693877551020406,-0.4285714285714286,42.38818928875428
0.510204081632653,-0.4285714285714286,47.69541498483641
0.5510204081632653,-0.4285714285714286,53.8125225831733
0.5918367346938773,-0.4285714285714286,60.82610657332313
0.6326530612244896,-0.4285714285714286,68.82942255942568
0.6734693877551019,-0.4285714285714286,77.922387260202
0.7142857142857142,-0.4285714285714286,88.21157850895459
0.7551020408163265,-0.4285714285714286,99.8102352535673
0.7959183673469385,-0.4285714285714286,112.83825755650533
0.8367346938775508,-0.4285714285714286,127.4222065948156
0.8775510204081631,-0.4285714285714286,143.69530466012614
0.9183673469387754,-0.4285714285714286,161.79743515864638
0.9591836734693876,-0.4285714285714286,181.8751426111673
1.0,-0.4285714285714286,204.08163265306123
-1.0,-0.3877551020408164,196.5864223240317
-0.9591836734693876,-0.3877551020408164,174.86945620499307
-0.9183673469387756,-0.3877551020408164,155.25407312412003
-0.8775510204081632,-0.3877551020408164,137.5870674460402
-0.8367346938775511,-0.3877551020408164,121.72189464996282
-0.7959183673469388,-0.3877551020408164,107.51867132967816
-0.7551020408163265,-0.3877551020408164,94.84417519355829
-0.7142857142857143,-0.3877551020408164,83.57184506455646
-0.6734693877551021,-0.3877551020408164,73.58178088020735
-0.6326530612244898,-0.3877551020408164,64.76074369262706
-0.5918367346938775,-0.3877551020408164,57.00215566851311
-0.5510204081632654,-0.3877551020408164,50.206100089144485
-0.5102040816326531,-0.3877551020408164,44.27932135038141
-0.4693877551020409,-0.3877551020408164,39.135224962665696
-0.4285714285714286,-0.3877551020408164,34.69387755102043
-0.3877551020408164,-0.3877551020408164,30.88200685505018
-0.3469387755102041,-0.3877551020408164,27.63300172894088
-0.3061224489795918,-0.3877551020408164,24.88691214145988
-0.2653061224489796,-0.3877551020408164,22.59044917595596
-0.2244897959183673,-0.3877551020408164,20.69698503035925
-0.1836734693877552,-0.3877551020408164,19.16655301718135
-0.1428571428571429,-0.3877551020408164,17.965847563515215
-0.1020408163265307,-0.3877551020408164,17.068224211035222
-0.0612244897959184,-0.3877551020408164,16.45369961599716
-0.0204081632653061,-0.3877551020408164,16.10895154923822
0.0204081632653061,-0.3877551020408164,16.027318896176997
0.0612244897959182,-0.3877551020408164,16.208801656813485
0.1020408163265305,-0.3877551020408164,16.660060945729093
0.1428571428571428,-0.3877551020408164,17.394418992086635
0.183673469387755,-0.3877551020408164,18.43185913963033
0.2244897959183671,-0.3877551020408164,19.799025846685776
0.2653061224489794,-0.3877551020408164,21.529224686160028
0.3061224489795917,-0.3877551020408164,23.662422345541504
0.346938775510204,-0.3877551020408164,26.24524662690005
0.3877551020408163,-0.3877551020408164,29.330986446886893
0.4285714285714284,-0.3877551020408164,32.97959183673469
0.4693877551020406,-0.3877551020408164,37.25767394225751
0.510204081632653,-0.3877551020408164,42.23850502385078
0.5510204081632653,-0.3877551020408164,48.00201845649139
0.5918367346938773,-0.3877551020408164,54.63480872973757
0.6326530612244896,-0.3877551020408164,62.23013144772905
0.6734693877551019,-0.3877551020408164,70.88790332918691
0.7142857142857142,-0.3877551020408164,80.71470220741358
0.7551020408163265,-0.3877551020408164,91.82376703029298
0.7959183673469385,-0.3877551020408164,104.33499786029036
0.8367346938775508,-0.3877551020408164,118.37495587445254
0.8775510204081631,-0.3877551020408164,134.07686336440756
0.9183673469387754,-0.3877551020408164,151.58060373636482
0.9591836734693876,-0.3877551020408164,171.03272151111554
1.0,-0.3877551020408164,192.5864223240317
-1.0,-0.3469387755102041,185.42440649729284
-0.9591836734693876,-0.3469387755102041,164.36022960723193
-0.9183673469387756,-0.3469387755102041,145.3704362041292
-0.8775510204081632,-0.3469387755102041,128.30182065261226
-0.8367346938775511,-0.3469387755102041,113.0078384318904
-0.7959183673469388,-0.3469387755102041,99.34860613575384
-0.7551020408163265,-0.3469387755102041,87.19090147257467
-0.7142857142857143,-0.3469387755102041,76.40816326530614
-0.6734693877551021,-0.3469387755102041,66.88049145148291
-0.6326530612244898,-0.3469387755102041,58.4946470832211
-0.5918367346938775,-0.3469387755102041,51.14405232721823
-0.5510204081632654,-0.3469387755102041,44.72879046475328
-0.5102040816326531,-0.3469387755102041,39.15560589168647
-0.4693877551020409,-0.3469387755102041,34.33790411845961
-0.4285714285714286,-0.3469387755102041,30.19575177009581
-0.3877551020408164,-0.3469387755102041,26.655876586199607
-0.3469387755102041,-0.3469387755102041,23.651667420956954
-0.3061224489795918,-0.3469387755102041,21.1231742431352
-0.2653061224489796,-0.3469387755102041,19.01710813608311
-0.2244897959183673,-0.3469387755102041,17.286841297730838
-0.1836734693877552,-0.3469387755102041,15.892407040589958
-0.1428571428571429,-0.3469387755102041,14.800499791753442
-0.1020408163265307,-0.3469387755102041,13.984475092895668
-0.0612244897959184,-0.3469387755102041,13.424349600272416
-0.0204081632653061,-0.3469387755102041,13.106801084720882
0.0204081632653061,-0.3469387755102041,13.025168431659658
0.0612244897959182,-0.3469387755102041,13.179451641088738
0.1020408163265305,-0.3469387755102041,13.57631182758954
0.1428571428571428,-0.3469387755102041,14.229071220324863
0.183673469387755,-0.3469387755102041,15.157713163038936
0.2244897959183671,-0.3469387755102041,16.38888211405736
0.2653061224489794,-0.3469387755102041,17.955883646287184
0.3061224489795917,-0.3469387755102041,19.898684447216823
0.346938775510204,-0.3469387755102041,22.263912318916127
0.3877551020408163,-0.3469387755102041,25.10485617803633
0.4285714285714284,-0.3469387755102041,28.48146605581007
0.4693877551020406,-0.3469387755102041,32.46035309805143
0.510204081632653,-0.3469387755102041,37.114789565155846
0.5510204081632653,-0.3469387755102041,42.52470883210018
0.5918367346938773,-0.3469387755102041,48.77670538844269
0.6326530612244896,-0.3469387755102041,55.96403483832309
0.6734693877551019,-0.3469387755102041,64.18661390046248
0.7142857142857142,-0.3469387755102041,73.55102040816325
0.7551020408163265,-0.3469387755102041,84.17049330930936
0.7959183673469385,-0.3469387755102041,96.16493266636604
0.8367346938775508,-0.3469387755102041,109.66089965638012
0.8775510204081631,-0.3469387755102041,124.7916165709796
0.9183673469387754,-0.3469387755102041,141.696966816374
0.9591836734693876,-0.3469387755102041,160.5234949133544
1.0,-0.3469387755102041,181.42440649729284
-1.0,-0.3061224489795918,174.59558517284466
-0.9591836734693876,-0.3061224489795918,154.18419751176148
-0.9183673469387756,-0.3061224489795918,135.81999378642908
-0.8775510204081632,-0.3061224489795918,119.34976836147509
-0.8367346938775511,-0.3061224489795918,104.62697671610871
-0.7959183673469388,-0.3061224489795918,91.51173544412026
-0.7551020408163265,-0.3061224489795918,79.87082225388177
-0.7142857142857143,-0.3061224489795918,69.57767596834653
-0.6734693877551021,-0.3061224489795918,60.51239652504919
-0.6326530612244898,-0.3061224489795918,52.56174497610586
-0.5918367346938775,-0.3061224489795918,45.61914348821407
-0.5510204081632654,-0.3061224489795918,39.58467534265279
-0.5102040816326531,-0.3061224489795918,34.36508493528224
-0.4693877551020409,-0.3061224489795918,29.873777776544244
-0.4285714285714286,-0.3061224489795918,26.030820491461892
-0.3877551020408164,-0.3061224489795918,22.76294081963975
-0.3469387755102041,-0.3061224489795918,20.003527615263742
-0.3061224489795918,-0.3061224489795918,17.692630847101228
-0.2653061224489796,-0.3061224489795918,15.776961598500977
-0.2244897959183673,-0.3061224489795918,14.209892067393138
-0.1836734693877552,-0.3061224489795918,12.95145556628928
-0.1428571428571429,-0.3061224489795918,11.968346522282385
-0.1020408163265307,-0.3061224489795918,11.233920477046825
-0.0612244897959184,-0.3061224489795918,10.728194086838386
-0.0204081632653061,-0.3061224489795918,10.437845122494256
0.0204081632653061,-0.3061224489795918,10.356212469433032
0.0612244897959182,-0.3061224489795918,10.483296127654707
0.1020408163265305,-0.3061224489795918,10.8257572117407
0.1428571428571428,-0.3061224489795918,11.396917950853808
0.183673469387755,-0.3061224489795918,12.216761688738258
0.2244897959183671,-0.3061224489795918,13.31193288371966
0.2653061224489794,-0.3061224489795918,14.71573710870505
0.3061224489795917,-0.3061224489795918,16.468141051182855
0.346938775510204,-0.3061224489795918,18.61577251322292
0.3877551020408163,-0.3061224489795918,21.211920411476477
0.4285714285714284,-0.3061224489795918,24.31653477717617
0.4693877551020406,-0.3061224489795918,27.99622675613606
0.510204081632653,-0.3061224489795918,32.324268608751616
0.5510204081632653,-0.3061224489795918,37.380593709999694
0.5918367346938773,-0.3061224489795918,43.25179654943853
0.6326530612244896,-0.3061224489795918,50.031132731207855
0.6734693877551019,-0.3061224489795918,57.81851897402875
0.7142857142857142,-0.3061224489795918,66.72053311120365
0.7551020408163265,-0.3061224489795918,76.85041409061647
0.7959183673469385,-0.3061224489795918,88.32806197473245
0.8367346938775508,-0.3061224489795918,101.28003794059843
0.8775510204081631,-0.3061224489795918,115.8395642798424
0.9183673469387754,-0.3061224489795918,132.14652439867388
0.9591836734693876,-0.3061224489795918,150.34746281788395
1.0,-0.3061224489795918,170.59558517284466
-1.0,-0.2653061224489796,164.09995835068722
-0.9591836734693876,-0.2653061224489796,144.34135991858176
-0.9183673469387756,-0.2653061224489796,126.60274587101968
-0.8775510204081632,-0.2653061224489796,110.7309105726286
-0.8367346938775511,-0.2653061224489796,96.57930950261772
-0.7959183673469388,-0.2653061224489796,84.00805925477741
-0.7551020408163265,-0.2653061224489796,72.88393753747961
-0.7142857142857143,-0.2653061224489796,63.080383173677646
-0.6734693877551021,-0.2653061224489796,54.477496100906194
-0.6326530612244898,-0.2653061224489796,46.96203737128133
-0.5918367346938775,-0.2653061224489796,40.42742915150065
-0.5510204081632654,-0.2653061224489796,34.77375472284301
-0.5102040816326531,-0.2653061224489796,29.907758481168745
-0.4693877551020409,-0.2653061224489796,25.742845936919608
-0.4285714285714286,-0.2653061224489796,22.19908371511871
-0.3877551020408164,-0.2653061224489796,19.203199555370617
-0.3469387755102041,-0.2653061224489796,16.688582311861254
-0.3061224489795918,-0.2653061224489796,14.59528195335798
-0.2653061224489796,-0.2653061224489796,12.870009563209562
-0.2244897959183673,-0.2653061224489796,11.466137339346156
-0.1836734693877552,-0.2653061224489796,10.343698594279322
-0.1428571428571429,-0.2653061224489796,9.469387755102046
-0.1020408163265307,-0.2653061224489796,8.816560363488703
-0.0612244897959184,-0.2653061224489796,8.365233075695073
-0.0204081632653061,-0.2653061224489796,8.102083662558348
0.0204081632653061,-0.2653061224489796,8.020451009497124
0.0612244897959182,-0.2653061224489796,8.120335116511395
0.1020408163265305,-0.2653061224489796,8.408397098182576
0.1428571428571428,-0.2653061224489796,8.897959183673471
0.183673469387755,-0.2653061224489796,9.6090047167283
0.2244897959183671,-0.2653061224489796,10.568178155672676
0.2653061224489794,-0.2653061224489796,11.808785073413636
0.3061224489795917,-0.2653061224489796,13.370792157439608
0.346938775510204,-0.2653061224489796,15.300827209820428
0.3877551020408163,-0.2653061224489796,17.652179147207338
0.4285714285714284,-0.2653061224489796,20.48479800083298
0.4693877551020406,-0.2653061224489796,23.865294916511424
0.510204081632653,-0.2653061224489796,27.866942154638124
0.5510204081632653,-0.2653061224489796,32.56967309018993
0.5918367346938773,-0.2653061224489796,38.0600822127251
0.6326530612244896,-0.2653061224489796,44.43142512638335
0.6734693877551019,-0.2653061224489796,51.78361854988575
0.7142857142857142,-0.2653061224489796,60.22324031653478
0.7551020408163265,-0.2653061224489796,69.86352937421431
0.7959183673469385,-0.2653061224489796,80.82438578538958
0.8367346938775508,-0.2653061224489796,93.23237072710744
0.8775510204081631,-0.2653061224489796,107.22070649099594
0.9183673469387754,-0.2653061224489796,122.92927648326454
0.9591836734693876,-0.2653061224489796,140.50462522470423
1.0,-0.2653061224489796,160.09995835068722
-1.0,-0.2244897959183673,153.9375260308205
-0.9591836734693876,-0.2244897959183673,134.83171682769273
-0.9183673469387756,-0.2244897959183673,117.718692457901
-0.8775510204081632,-0.2244897959183673,102.44524728607284
-0.8367346938775511,-0.2244897959183673,88.86483679141745
-0.7959183673469388,-0.2244897959183673,76.83757756772522
-0.7551020408163265,-0.2244897959183673,66.23024732336813
-0.7142857142857143,-0.2244897959183673,56.91628488129946
-0.6734693877551021,-0.2244897959183673,48.77579017905391
-0.6326530612244898,-0.2244897959183673,41.69552426874752
-0.5918367346938775,-0.2244897959183673,35.56890931707791
-0.5510204081632654,-0.2244897959183673,30.29602860532394
-0.5102040816326531,-0.2244897959183673,25.78362652934594
-0.4693877551020409,-0.2244897959183673,21.945108599585677
-0.4285714285714286,-0.2244897959183673,18.70054144106623
-0.3877551020408164,-0.2244897959183673,15.976652793392182
-0.3469387755102041,-0.2244897959183673,13.706831510749469
-0.3061224489795918,-0.2244897959183673,11.831127561905436
-0.2653061224489796,-0.2244897959183673,10.296252030208851
-0.2244897959183673,-0.2244897959183673,9.055577113589871
-0.1836734693877552,-0.2244897959183673,8.06913612456007
-0.1428571428571429,-0.2244897959183673,7.303623490212414
-0.1020408163265307,-0.2244897959183673,6.732394752221285
-0.0612244897959184,-0.2244897959183673,6.335466566842465
-0.0204081632653061,-0.2244897959183673,6.099516704913146
0.0204081632653061,-0.2244897959183673,6.017884051851922
0.0612244897959182,-0.2244897959183673,6.090568607658791
0.1020408163265305,-0.2244897959183673,6.324231486915161
0.1428571428571428,-0.2244897959183673,6.73219491878384
0.183673469387755,-0.2244897959183673,7.334442247009047
0.2244897959183671,-0.2244897959183673,8.1576179299164
0.2653061224489794,-0.2244897959183673,9.23502754041293
0.3061224489795917,-0.2244897959183673,10.606637765987063
0.346938775510204,-0.2244897959183673,12.319076408708645
0.3877551020408163,-0.2244897959183673,14.425632385228909
0.4285714285714284,-0.2244897959183673,16.9862557267805
0.4693877551020406,-0.2244897959183673,20.067557579177485
0.510204081632653,-0.2244897959183673,23.74281020281532
0.5510204081632653,-0.2244897959183673,28.09194697267086
0.5918367346938773,-0.2244897959183673,33.20156237830236
0.6326530612244896,-0.2244897959183673,39.16491202384953
0.6734693877551019,-0.2244897959183673,46.08191262803345
0.7142857142857142,-0.2244897959183673,54.05914202415659
0.7551020408163265,-0.2244897959183673,63.20983916010283
0.7959183673469385,-0.2244897959183673,73.6539040983374
0.8367346938775508,-0.2244897959183673,85.51789801590718
0.8775510204081631,-0.2244897959183673,98.93504320444016
0.9183673469387754,-0.2244897959183673,114.04522307014584
0.9591836734693876,-0.2244897959183673,130.9949821338152
1.0,-0.2244897959183673,149.9375260308205
-1.0,-0.1836734693877552,144.1082882132445
-0.9591836734693876,-0.1836734693877552,125.65526823909444
-0.9183673469387756,-0.1836734693877552,109.16783354707302
-0.8775510204081632,-0.1836734693877552,94.4927785018078
-0.8367346938775511,-0.1836734693877552,81.4835585825079
-0.7959183673469388,-0.1836734693877552,70.00029038296378
-0.7551020408163265,-0.1836734693877552,59.909751611547385
-0.7142857142857143,-0.1836734693877552,51.08538109121201
-0.6734693877551021,-0.1836734693877552,43.40727875949233
-0.6326530612244898,-0.1836734693877552,36.76220566850444
-0.5918367346938775,-0.1836734693877552,31.043583984945883
-0.5510204081632654,-0.1836734693877552,26.1514969900956
-0.5102040816326531,-0.1836734693877552,21.992689079813864
-0.4693877551020409,-0.1836734693877552,18.48056576454245
-0.4285714285714286,-0.1836734693877552,15.535193669304464
-0.3877551020408164,-0.1836734693877552,13.083300533704472
-0.3469387755102041,-0.1836734693877552,11.058275211928402
-0.3061224489795918,-0.1836734693877552,9.40016767274361
-0.2653061224489796,-0.1836734693877552,8.055688999498862
-0.2244897959183673,-0.1836734693877552,6.978211390124313
-0.1836734693877552,-0.1836734693877552,6.127768157131535
-0.1428571428571429,-0.1836734693877552,5.471053727613499
-0.1020408163265307,-0.1836734693877552,4.981423643244585
-0.0612244897959184,-0.1836734693877552,4.638894560280575
-0.0204081632653061,-0.1836734693877552,4.430144249558662
0.0204081632653061,-0.1836734693877552,4.3485115964974375
0.0612244897959182,-0.1836734693877552,4.393996601096902
0.1020408163265305,-0.1836734693877552,4.573260377938462
0.1428571428571428,-0.1836734693877552,4.899625156184926
0.183673469387755,-0.1836734693877552,5.393074279580514
0.2244897959183671,-0.1836734693877552,6.08025220645084
0.2653061224489794,-0.1836734693877552,6.994464509702939
0.3061224489795917,-0.1836734693877552,8.175677876825238
0.346938775510204,-0.1836734693877552,9.670520109887578
0.3877551020408163,-0.1836734693877552,11.5322801255412
0.4285714285714284,-0.1836734693877552,13.82090795501874
0.4693877551020406,-0.1836734693877552,16.60301474413427
0.510204081632653,-0.1836734693877552,19.951872753283247
0.5510204081632653,-0.1836734693877552,23.947415357442523
0.5918367346938773,-0.1836734693877552,28.67623704617035
0.6326530612244896,-0.1836734693877552,34.23159342360645
0.6734693877551019,-0.1836734693877552,40.7134012084719
0.7142857142857142,-0.1836734693877552,48.22823823406914
0.7551020408163265,-0.1836734693877552,56.88934344828208
0.7959183673469385,-0.1836734693877552,66.81661691357598
0.8367346938775508,-0.1836734693877552,78.13661980699763
0.8775510204081631,-0.1836734693877552,90.9825744201751
0.9183673469387754,-0.1836734693877552,105.49436415931793
0.9591836734693876,-0.1836734693877552,121.8185335452169
1.0,-0.1836734693877552,140.1082882132445
-1.0,-0.1428571428571429,134.6122448979592
-0.9591836734693876,-0.1428571428571429,116.81201415278689
-0.9183673469387756,-0.1428571428571429,100.95016913853576
-0.8775510204081632,-0.1428571428571429,86.87350421983344
-0.8367346938775511,-0.1428571428571429,74.43547487588907
-0.7959183673469388,-0.1428571428571429,63.49619770049305
-0.7551020408163265,-0.1428571428571429,53.92245040201733
-0.7142857142857143,-0.1428571428571429,45.58767180341525
-0.6734693877551021,-0.1428571428571429,38.37196184222146
-0.6326530612244898,-0.1428571428571429,32.162081570552054
-0.5918367346938775,-0.1428571428571429,26.85145315510458
-0.5510204081632654,-0.1428571428571429,22.340159877157955
-0.5102040816326531,-0.1428571428571429,18.53494613257249
-0.4693877551020409,-0.1428571428571429,15.349217431789938
-0.4285714285714286,-0.1428571428571429,12.703040399833409
-0.3877551020408164,-0.1428571428571429,10.523142776307465
-0.3469387755102041,-0.1428571428571429,8.742913415398041
-0.3061224489795918,-0.1428571428571429,7.302402285872489
-0.2653061224489796,-0.1428571428571429,6.148320471079578
-0.2244897959183673,-0.1428571428571429,5.234040168949459
-0.1836734693877552,-0.1428571428571429,4.519594691993707
-0.1428571428571429,-0.1428571428571429,3.971678467305291
-0.1020408163265307,-0.1428571428571429,3.563647036558593
-0.0612244897959184,-0.1428571428571429,3.2755170560093942
-0.0204081632653061,-0.1428571428571429,3.093966296494885
0.0204081632653061,-0.1428571428571429,3.0123336434336605
0.0612244897959182,-0.1428571428571429,3.03061909682572
0.1020408163265305,-0.1428571428571429,3.1554837712524693
0.1428571428571428,-0.1428571428571429,3.400249895876718
0.183673469387755,-0.1428571428571429,3.784900814442686
0.2244897959183671,-0.1428571428571429,4.336080985275987
0.2653061224489794,-0.1428571428571429,5.087095981283656
0.3061224489795917,-0.1428571428571429,6.07791248995412
0.346938775510204,-0.1428571428571429,7.355158313357217
0.3877551020408163,-0.1428571428571429,8.972122368144191
0.4285714285714284,-0.1428571428571429,10.988754685547685
0.4693877551020406,-0.1428571428571429,13.47166641138176
0.510204081632653,-0.1428571428571429,16.494129806041872
0.5510204081632653,-0.1428571428571429,20.136078244504883
0.5918367346938773,-0.1428571428571429,24.48410621632904
0.6326530612244896,-0.1428571428571429,29.631469325654063
0.6734693877551019,-0.1428571428571429,35.678084291201024
0.7142857142857142,-0.1428571428571429,42.73052894627238
0.7551020408163265,-0.1428571428571429,50.90204223875203
0.7959183673469385,-0.1428571428571429,60.31252423110524
0.8367346938775508,-0.1428571428571429,71.08853610037878
0.8775510204081631,-0.1428571428571429,83.36330013820074
0.9183673469387754,-0.1428571428571429,97.27669975078062
0.9591836734693876,-0.1428571428571429,112.97527945890933
1.0,-0.1428571428571429,130.6122448979592
-1.0,-0.1020408163265307,125.44939608496465
-0.9591836734693876,-0.1020408163265307,108.30195456877006
-0.9183673469387756,-0.1020408163265307,93.06569923228923
-0.8775510204081632,-0.1020408163265307,79.5874244401498
-0.8367346938775511,-0.1020408163265307,67.72058567156094
-0.7959183673469388,-0.1020408163265307,57.32529952031303
-0.7551020408163265,-0.1020408163265307,48.26834369477802
-0.7142857142857143,-0.1020408163265307,40.42315701790922
-0.6734693877551021,-0.1020408163265307,33.669839427241314
-0.6326530612244898,-0.1020408163265307,27.895151974890386
-0.5918367346938775,-0.1020408163265307,22.992516827553988
-0.5510204081632654,-0.1020408163265307,18.862017266511035
-0.5102040816326531,-0.1020408163265307,15.410397687621838
-0.4693877551020409,-0.1020408163265307,12.551063601328144
-0.4285714285714286,-0.1020408163265307,10.20408163265307
-0.3877551020408164,-0.1020408163265307,8.296179521201175
-0.3469387755102041,-0.1020408163265307,6.760746121158396
-0.3061224489795918,-0.1020408163265307,5.537831401292088
-0.2653061224489796,-0.1020408163265307,4.574146444951011
-0.2244897959183673,-0.1020408163265307,3.823063450065322
-0.1836734693877552,-0.1020408163265307,3.244615729146595
-0.1428571428571429,-0.1020408163265307,2.8054977092878
-0.1020408163265307,-0.1020408163265307,2.4790649321633165
-0.0612244897959184,-0.1020408163265307,2.2453340540289277
-0.0204081632653061,-0.1020408163265307,2.090982845721824
0.0204081632653061,-0.1020408163265307,2.009350192660599
0.0612244897959182,-0.1020408163265307,2.000436094845254
0.1020408163265305,-0.1020408163265307,2.070901666857193
0.1428571428571428,-0.1020408163265307,2.234069137859228
0.183673469387755,-0.1020408163265307,2.5099218515955743
0.2244897959183671,-0.1020408163265307,2.925104266391851
0.2653061224489794,-0.1020408163265307,3.5129219551550888
0.3061224489795917,-0.1020408163265307,4.313341605373718
0.346938775510204,-0.1020408163265307,5.372991019117576
0.3877551020408163,-0.1020408163265307,6.7451591130379045
0.4285714285714284,-0.1020408163265307,8.489795918367347
0.4693877551020406,-0.1020408163265307,10.673512580919969
0.510204081632653,-0.1020408163265307,13.369581361091218
0.5510204081632653,-0.1020408163265307,16.657935633857964
0.5918367346938773,-0.1020408163265307,20.62516988877845
0.6326530612244896,-0.1020408163265307,25.3645397299924
0.6734693877551019,-0.1020408163265307,30.975961876220865
0.7142857142857142,-0.1020408163265307,37.56601416076635
0.7551020408163265,-0.1020408163265307,45.24793553151272
0.7959183673469385,-0.1020408163265307,54.14162605092523
0.8367346938775508,-0.1020408163265307,64.37364689605067
0.8775510204081631,-0.1020408163265307,76.07722035851712
0.9183673469387754,-0.1020408163265307,89.39222984453409
0.9591836734693876,-0.1020408163265307,104.4652198748925
1.0,-0.1020408163265307,121.44939608496465
-1.0,-0.0612244897959184,116.61974177426072
-0.9591836734693876,-0.0612244897959184,100.12508948704388
-0.9183673469387756,-0.0612244897959184,85.51442382833338
-0.8775510204081632,-0.0612244897959184,72.63453916275688
-0.8367346938775511,-0.0612244897959184,61.33889096952352
-0.7959183673469388,-0.0612244897959184,51.48759584242371
-0.7551020408163265,-0.0612244897959184,42.94743148982939
-0.7142857142857143,-0.0612244897959184,35.591836734693885
-0.6734693877551021,-0.0612244897959184,29.300911514551863
-0.6326530612244898,-0.0612244897959184,23.961416881519423
-0.5918367346938775,-0.0612244897959184,19.4667750022941
-0.5510204081632654,-0.0612244897959184,15.71706915815482
-0.5102040816326531,-0.0612244897959184,12.619043744961886
-0.4693877551020409,-0.0612244897959184,10.086104273157051
-0.4285714285714286,-0.0612244897959184,8.038317367763437
-0.3877551020408164,-0.0612244897959184,6.402410768385595
-0.3469387755102041,-0.0612244897959184,5.11177332920946
-0.3061224489795918,-0.0612244897959184,4.106455019002393
-0.2653061224489796,-0.0612244897959184,3.3331669211131514
-0.2244897959183673,-0.0612244897959184,2.745281233471894
-0.1836734693877552,-0.0612244897959184,2.3028312685901926
-0.1428571428571429,-0.0612244897959184,1.972511453561017
-0.1020408163265307,-0.0612244897959184,1.7276773300587496
-0.0612244897959184,-0.0612244897959184,1.5483455543391706
-0.0204081632653061,-0.0612244897959184,1.421193897239472
0.0204081632653061,-0.0612244897959184,1.3395612441782474
0.0612244897959182,-0.0612244897959184,1.3034475951554974
0.1020408163265305,-0.0612244897959184,1.3195140647526262
0.1428571428571428,-0.0612244897959184,1.401082882132446
0.183673469387755,-0.0612244897959184,1.5681373910391716
0.2244897959183671,-0.0612244897959184,1.847322049798423
0.2653061224489794,-0.0612244897959184,2.27194243131723
0.3061224489795917,-0.0612244897959184,2.881965223084024
0.346938775510204,-0.0612244897959184,3.724018227168641
0.3877551020408163,-0.0612244897959184,4.851390360222325
0.4285714285714284,-0.0612244897959184,6.3240316534777135
0.4693877551020406,-0.0612244897959184,8.208553252748878
0.510204081632653,-0.0612244897959184,10.578227418431268
0.5510204081632653,-0.0612244897959184,13.512987525501746
0.5918367346938773,-0.0612244897959184,17.099428063518566
0.6326530612244896,-0.0612244897959184,21.43080463662144
0.6734693877551019,-0.0612244897959184,26.60703396353142
0.7142857142857142,-0.0612244897959184,32.734693877551024
0.7551020408163265,-0.0612244897959184,39.92702332656409
0.7959183673469385,-0.0612244897959184,48.30392237303591
0.8367346938775508,-0.0612244897959184,57.99195219401325
0.8775510204081631,-0.0612244897959184,69.12433508112419
0.9183673469387754,-0.0612244897959184,81.84095444057824
0.9591836734693876,-0.0612244897959184,96.28835479316632
1.0,-0.0612244897959184,112.61974177426072
-1.0,-0.0204081632653061,108.12328196584755
-0.9591836734693876,-0.0204081632653061,92.28141890760844
-0.9183673469387756,-0.0204081632653061,78.29634292666826
-0.8775510204081632,-0.0204081632653061,66.01484838765465
-0.8367346938775511,-0.0204081632653061,55.290390769776806
-0.7959183673469388,-0.0204081632653061,45.983086666825095
-0.7551020408163265,-0.0204081632653061,37.95971378717149
-0.7142857142857143,-0.0204081632653061,31.093710953769264
-0.6734693877551021,-0.0204081632653061,25.26517810415313
-0.6326530612244898,-0.0204081632653061,20.36087629043917
-0.5918367346938775,-0.0204081632653061,16.274227679324927
-0.5510204081632654,-0.0204081632653061,12.905315552089316
-0.5102040816326531,-0.0204081632653061,10.16088430459265
-0.4693877551020409,-0.0204081632653061,7.954339447276676
-0.4285714285714286,-0.0204081632653061,6.205747605164518
-0.3877551020408164,-0.0204081632653061,4.841836517860725
-0.3469387755102041,-0.0204081632653061,3.795995039551237
-0.3061224489795918,-0.0204081632653061,3.0082731390034114
-0.2653061224489796,-0.0204081632653061,2.425381899566005
-0.2244897959183673,-0.0204081632653061,2.000693519169179
-0.1836734693877552,-0.0204081632653061,1.6942413103245026
-0.1428571428571429,-0.0204081632653061,1.472719700124948
-0.1020408163265307,-0.0204081632653061,1.3094842302448957
-0.0612244897959184,-0.0204081632653061,1.184551556940127
-0.0204081632653061,-0.0204081632653061,1.0845994510478334
0.0204081632653061,-0.0204081632653061,1.0029667979866088
0.0612244897959182,-0.0204081632653061,0.9396535977564536
0.1020408163265305,-0.0204081632653061,0.9013209649387726
0.1428571428571428,-0.0204081632653061,0.9012911286963768
0.183673469387755,-0.0204081632653061,0.959547432773482
0.2244897959183671,-0.0204081632653061,1.1027343354957084
0.2653061224489794,-0.0204081632653061,1.3641574097700848
0.3061224489795917,-0.0204081632653061,1.7837833430850425
0.346938775510204,-0.0204081632653061,2.408239937510418
0.3877551020408163,-0.0204081632653061,3.290816109697456
0.4285714285714284,-0.0204081632653061,4.491461890878796
0.4693877551020406,-0.0204081632653061,6.076788426868502
0.510204081632653,-0.0204081632653061,8.120067978062032
0.5510204081632653,-0.0204081632653061,10.701233919436245
0.5918367346938773,-0.0204081632653061,13.906880740549392
0.6326530612244896,-0.0204081632653061,17.83026404554119
0.6734693877551019,-0.0204081632653061,22.57130055313269
0.7142857142857142,-0.0204081632653061,28.2365680966264
0.7551020408163265,-0.0204081632653061,34.939305623906186
0.7959183673469385,-0.0204081632653061,42.799413197437296
0.8367346938775508,-0.0204081632653061,51.94345199426654
0.8775510204081631,-0.0204081632653061,62.50464430602198
0.9183673469387754,-0.0204081632653061,74.62287353891311
0.9591836734693876,-0.0204081632653061,88.44468421373088
1.0,-0.0204081632653061,104.12328196584755
-1.0,0.0204081632653061,99.96001665972511
-0.9591836734693876,0.0204081632653061,84.7709428304637
-0.9183673469387756,0.0204081632653061,71.41145652729384
-0.8775510204081632,0.0204081632653061,59.72835211484315
-0.8367346938775511,0.0204081632653061,49.5750850723208
-0.7959183673469388,0.0204081632653061,40.8117719935172
-0.7551020408163265,0.0204081632653061,33.30519058680429
-0.7142857142857143,0.0204081632653061,26.92877967513536
-0.6734693877551021,0.0204081632653061,21.56263919604511
-0.6326530612244898,0.0204081632653061,17.09353020164963
-0.5918367346938775,0.0204081632653061,13.414874858646463
-0.5510204081632654,0.0204081632653061,10.426756448314524
-0.5102040816326531,0.0204081632653061,8.035919366514126
-0.4693877551020409,0.0204081632653061,6.155769123687013
-0.4285714285714286,0.0204081632653061,4.706372344856311
-0.3877551020408164,0.0204081632653061,3.614456769626568
-0.3469387755102041,0.0204081632653061,2.813411252183728
-0.3061224489795918,0.0204081632653061,2.2432857612951427
-0.2653061224489796,0.0204081632653061,1.850791380309572
-0.2244897959183673,0.0204081632653061,1.5893003071571767
-0.1836734693877552,0.0204081632653061,1.4188458543495257
-0.1428571428571429,0.0204081632653061,1.3061224489795915
-0.1020408163265307,0.0204081632653061,1.2244856327217544
-0.0612244897959184,0.0204081632653061,1.1539520618317962
-0.0204081632653061,0.0204081632653061,1.0811995071469078
0.0204081632653061,0.0204081632653061,0.9995668540856832
0.0612244897959182,0.0204081632653061,0.9090541026481233
0.1020408163265305,0.0204081632653061,0.8163223674156318
0.1428571428571428,0.0204081632653061,0.7346938775510206
0.183673469387755,0.0204081632653061,0.6841519767985053
0.2244897959183671,0.0204081632653061,0.691341123483707
0.2653061224489794,0.0204081632653061,0.7895668905136527
0.3061224489795917,0.0204081632653061,1.0187959653767742
0.346938775510204,0.0204081632653061,1.4256561501429093
0.3877551020408163,0.0204081632653061,2.0634363614633005
0.4285714285714284,0.0204081632653061,2.99208663057059
0.4693877551020406,0.0204081632653061,4.27821810327884
0.510204081632653,0.0204081632653061,5.995103039983508
0.5510204081632653,0.0204081632653061,8.222674815661454
0.5918367346938773,0.0204081632653061,11.047527919870936
0.6326530612244896,0.0204081632653061,14.562917956751653
0.6734693877551019,0.0204081632653061,18.86876164502468
0.7142857142857142,0.0204081632653061,24.07163681799249
0.7551020408163265,0.0204081632653061,30.28478242353898
0.7959183673469385,0.0204081632653061,37.628098524129406
0.8367346938775508,0.0204081632653061,46.22814629681054
0.8775510204081631,0.0204081632653061,56.21814803321048
0.9183673469387754,0.0204081632653061,67.73798713953869
0.9591836734693876,0.0204081632653061,80.93420813658614
1.0,0.0204081632653061,95.96001665972511
-1.0,0.0612244897959182,92.1299458558934
-0.9591836734693876,0.0612244897959182,77.59366125560972
-0.9183673469387756,0.0612244897959182,64.85976463021017
-0.8775510204081632,0.0612244897959182,53.77505034432239
-0.8367346938775511,0.0612244897959182,44.192973877155545
-0.7959183673469388,0.0612244897959182,35.973651822500045
-0.7551020408163265,0.0612244897959182,28.983861888727823
-0.7142857142857143,0.0612244897959182,23.097042898792186
-0.6734693877551021,0.0612244897959182,18.193294790227817
-0.6326530612244898,0.0612244897959182,14.15937861515082
-0.5918367346938775,0.0612244897959182,10.888716540258727
-0.5510204081632654,0.0612244897959182,8.281391846830457
-0.5102040816326531,0.0612244897959182,6.244148930726324
-0.4693877551020409,0.0612244897959182,4.6903933023880695
-0.4285714285714286,0.0612244897959182,3.540191586838822
-0.3877551020408164,0.0612244897959182,2.720271523683129
-0.3469387755102041,0.0612244897959182,2.164021967106933
-0.3061224489795918,0.0612244897959182,1.8114928858775885
-0.2653061224489796,0.0612244897959182,1.6093953633438522
-0.2244897959183673,0.0612244897959182,1.5111015974358868
-0.1836734693877552,0.0612244897959182,1.4766449006652604
-0.1428571428571429,0.0612244897959182,1.4727197001249466
-0.1020408163265307,0.0612244897959182,1.4726815374893238
-0.0612244897959184,0.0612244897959182,1.4565470690141755
-0.0204081632653061,0.0612244897959182,1.4109940655366924
0.0204081632653061,0.0612244897959182,1.3293614124754678
0.0612244897959182,0.0612244897959182,1.211649109830503
0.1020408163265305,0.0612244897959182,1.0645182721832018
0.1428571428571428,0.0612244897959182,0.9012911286963756
0.183673469387755,0.0612244897959182,0.7419510231142403
0.2244897959183671,0.0612244897959182,0.613142413762418
0.2653061224489794,0.0612244897959182,0.5481708735479338
0.3061224489795917,0.0612244897959182,0.5870030899592205
0.346938775510204,0.0612244897959182,0.7762668650661155
0.3877551020408163,0.0612244897959182,1.169251115519862
0.4285714285714284,0.0612244897959182,1.825905872553103
0.4693877551020406,0.0612244897959182,2.812842281979899
0.510204081632653,0.0612244897959182,4.203332604195706
0.5510204081632653,0.0612244897959182,6.077310214177388
0.5918367346938773,0.0612244897959182,8.521369601483201
0.6326530612244896,0.0612244897959182,11.628766370252844
0.6734693877551019,0.0612244897959182,15.499417239207387
0.7142857142857142,0.0612244897959182,20.23990004164932
0.7551020408163265,0.0612244897959182,25.963453725462514
0.7959183673469385,0.0612244897959182,32.789978353112254
0.8367346938775508,0.0612244897959182,40.84603510164529
0.8775510204081631,0.0612244897959182,50.26484626268972
0.9183673469387754,0.0612244897959182,61.18629524245503
0.9591836734693876,0.0612244897959182,73.75692656173216
1.0,0.0612244897959182,88.12994585589341
-1.0,0.1020408163265305,84.63306955435237
-0.9591836734693876,0.1020408163265305,70.7495741830464
-0.9183673469387756,0.1020408163265305,58.64126723541716
-0.8775510204081632,0.1020408163265305,48.15494307609231
-0.8367346938775511,0.1020408163265305,39.144057184280975
-0.7959183673469388,0.1020408163265305,31.468726153773574
-0.7551020408163265,0.1020408163265305,24.99572769294205
-0.7142857142857143,0.1020408163265305,19.598500624739703
-0.6734693877551021,0.1020408163265305,15.157144886701222
-0.6326530612244898,0.1020408163265305,11.558421530942706
-0.5918367346938775,0.1020408163265305,8.69575272416169
-0.5510204081632654,0.1020408163265305,6.469221747637091
-0.5102040816326531,0.1020408163265305,4.785572997229223
-0.4693877551020409,0.1020408163265305,3.55821198337983
-0.4285714285714286,0.1020408163265305,2.707205331112039
-0.3877551020408164,0.1020408163265305,2.159280780030397
-0.3469387755102041,0.1020408163265305,1.8478271843208476
-0.3061224489795918,0.1020408163265305,1.7128945127507438
-0.2653061224489796,0.1020408163265305,1.701193848668843
-0.2244897959183673,0.1020408163265305,1.7660973900053083
-0.1836734693877552,0.1020408163265305,1.867638449271708
-0.1428571428571429,0.1020408163265305,1.9725114535610144
-0.1020408163265307,0.1020408163265305,2.0540719445476068
-0.0612244897959184,0.1020408163265305,2.092336578487269
-0.0204081632653061,0.1020408163265305,2.0739831262171906
0.0204081632653061,0.1020408163265305,1.9923504731559665
0.0612244897959182,0.1020408163265305,1.8474386193035963
0.1020408163265305,0.1020408163265305,1.6459086792414852
0.1428571428571428,0.1020408163265305,1.4010828821324437
0.183673469387755,0.1020408163265305,1.1329445717206876
0.2244897959183671,0.1020408163265305,0.8681382063318406
0.2653061224489794,0.1020408163265305,0.6399693588729256
0.3061224489795917,0.1020408163265305,0.4884047168323764
0.346938775510204,0.1020408163265305,0.4600720822800304
0.3877551020408163,0.1020408163265305,0.6082603718671304
0.4285714285714284,0.1020408163265305,0.992919616826322
0.4693877551020406,0.1020408163265305,1.6806609629716611
0.510204081632653,0.1020408163265305,2.7447566706986075
0.5510204081632653,0.1020408163265305,4.265140114984022
0.5918367346938773,0.1020408163265305,6.328405785386165
0.6326530612244896,0.1020408163265305,9.02780928604473
0.6734693877551019,0.1020408163265305,12.463267335680792
0.7142857142857142,0.1020408163265305,16.741357767596835
0.7551020408163265,0.1020408163265305,21.975319529676742
0.7959183673469385,0.1020408163265305,28.285052684385786
0.8367346938775508,0.1020408163265305,35.797118408770714
0.8775510204081631,0.1020408163265305,44.64473899445964
0.9183673469387754,0.1020408163265305,54.96779784766203
0.9591836734693876,0.1020408163265305,66.91283948916885
1.0,0.1020408163265305,80.63306955435237
-1.0,0.1428571428571428,77.46938775510206
-0.9591836734693876,0.1428571428571428,64.2386816127738
-0.9183673469387756,0.1428571428571428,52.75596434291489
-0.8775510204081632,0.1428571428571428,42.86803031015294
-0.8367346938775511,0.1428571428571428,34.428334993697106
-0.7959183673469388,0.1428571428571428,27.29699498733781
-0.7551020408163265,0.1428571428571428,21.340787999446988
-0.7142857142857143,0.1428571428571428,16.433152852977933
-0.6734693877551021,0.1428571428571428,12.454189485465337
-0.6326530612244898,0.1428571428571428,9.290658949025303
-0.5918367346938775,0.1428571428571428,6.8359834103553645
-0.5510204081632654,0.1428571428571428,4.990246150734436
-0.5102040816326531,0.1428571428571428,3.660191566022836
-0.4693877551020409,0.1428571428571428,2.7592251666623038
-0.4285714285714286,0.1428571428571428,2.207413577675969
-0.3877551020408164,0.1428571428571428,1.931484538668378
-0.3469387755102041,0.1428571428571428,1.8648269038254743
-0.3061224489795918,0.1428571428571428,1.947490641914612
-0.2653061224489796,0.1428571428571428,2.126186836284546
-0.2244897959183673,0.1428571428571428,2.3542876848654437
-0.1836734693877552,0.1428571428571428,2.5918265001688674
-0.1428571428571429,0.1428571428571428,2.805497709287794
-0.1020408163265307,0.1428571428571428,2.968656853896603
-0.0612244897959184,0.1428571428571428,3.061320590251075
-0.0204081632653061,0.1428571428571428,3.070166689188402
0.0204081632653061,0.1428571428571428,2.9885340361271773
0.0612244897959182,0.1428571428571428,2.816422631067403
0.1020408163265305,0.1428571428571428,2.560493588590481
0.1428571428571428,0.1428571428571428,2.2340691378592243
0.183673469387755,0.1428571428571428,1.857132622617848
0.2244897959183671,0.1428571428571428,1.456328501191976
0.2653061224489794,0.1428571428571428,1.0649623464886302
0.3061224489795917,0.1428571428571428,0.7230008459962454
0.346938775510204,0.1428571428571428,0.4770718017846583
0.3877551020408163,0.1428571428571428,0.3804641305051121
0.4285714285714284,0.1428571428571428,0.4931278633902535
0.4693877551020406,0.1428571428571428,0.8816741462541368
0.510204081632653,0.1428571428571428,1.6193752394922212
0.5510204081632653,0.1428571428571428,2.7861645180813697
0.5918367346938773,0.1428571428571428,4.468636471579843
0.6326530612244896,0.1428571428571428,6.760046704127332
0.6734693877551019,0.1428571428571428,9.760311934444912
0.7142857142857142,0.1428571428571428,13.576009995835063
0.7551020408163265,0.1428571428571428,18.32037983618168
0.7959183673469385,0.1428571428571428,24.113321517950027
0.8367346938775508,0.1428571428571428,31.081396218186857
0.8775510204081631,0.1428571428571428,39.357826228520274
0.9183673469387754,0.1428571428571428,49.08249495515975
0.9591836734693876,0.1428571428571428,60.40194691889625
1.0,0.1428571428571428,73.46938775510206
-1.0,0.183673469387755,70.63890045814244
-0.9591836734693876,0.183673469387755,58.06098354479192
-0.9183673469387756,0.183673469387755,47.20385595270332
-0.8775510204081632,0.183673469387755,37.914312046504286
-0.8367346938775511,0.183673469387755,30.04580730540396
-0.7959183673469388,0.183673469387755,23.458458323192765
-0.7551020408163265,0.183673469387755,18.01904280824264
-0.7142857142857143,0.183673469387755,13.600999583506873
-0.6734693877551021,0.183673469387755,10.084428586520165
-0.6326530612244898,0.183673469387755,7.356090869398616
-0.5918367346938775,0.183673469387755,5.309408598839752
-0.5510204081632654,0.183673469387755,3.844465056122495
-0.5102040816326531,0.183673469387755,2.8680046371071617
-0.4693877551020409,0.183673469387755,2.29343285223549
-0.4285714285714286,0.183673469387755,2.0408163265306123
-0.3877551020408164,0.183673469387755,2.036882799597072
-0.3469387755102041,0.183673469387755,2.2150211256208148
-0.3061224489795918,0.183673469387755,2.5152812733691934
-0.2653061224489796,0.183673469387755,2.884374326190964
-0.2244897959183673,0.183673469387755,3.275672482016291
-0.1836734693877552,0.183673469387755,3.64920905335674
-0.1428571428571429,0.183673469387755,3.971678467305289
-0.1020408163265307,0.183673469387755,4.216436265536312
-0.0612244897959184,0.183673469387755,4.363499104305594
-0.0204081632653061,0.183673469387755,4.399544754450326
0.0204081632653061,0.183673469387755,4.317912101389101
0.0612244897959182,0.183673469387755,4.1186011451219215
0.1020408163265305,0.183673469387755,3.80827300023019
0.1428571428571428,0.183673469387755,3.400249895876718
0.183673469387755,0.183673469387755,2.9145151758057217
0.2244897959183671,0.183673469387755,2.377713298342824
0.2653061224489794,0.183673469387755,1.823149836395048
0.3061224489795917,0.183673469387755,1.2907914774508271
0.346938775510204,0.183673469387755,0.8272660235799991
0.3877551020408163,0.183673469387755,0.4858623914338065
0.4285714285714284,0.183673469387755,0.3265306122448981
0.4693877551020406,0.183673469387755,0.4158818318273252
0.510204081632653,0.183673469387755,0.8271883105765478
0.5510204081632653,0.183673469387755,1.64038342346943
0.5918367346938773,0.183673469387755,2.9420616600642333
0.6326530612244896,0.183673469387755,4.8254786245006445
0.6734693877551019,0.183673469387755,7.390551035499742
0.7142857142857142,0.183673469387755,10.74385672636401
0.7551020408163265,0.183673469387755,14.998634644977331
0.7959183673469385,0.183673469387755,20.274784853804984
0.8367346938775508,0.183673469387755,26.69886852989372
0.8775510204081631,0.183673469387755,34.40410796487162
0.9183673469387754,0.183673469387755,43.53038656494819
0.9591836734693876,0.183673469387755,54.22424885091437
1.0,0.183673469387755,66.63890045814244
-1.0,0.2244897959183671,64.1416076634736
-0.9591836734693876,0.2244897959183671,52.216479979100775
-0.9183673469387756,0.2244897959183671,41.98494206478249
-0.8775510204081632,0.2244897959183671,33.29378828514637
-0.8367346938775511,0.2244897959183671,25.996474119401547
-0.7959183673469388,0.2244897959183671,19.95311616133845
-0.7551020408163265,0.2244897959183671,15.030492119329018
-0.7142857142857143,0.2244897959183671,11.102040816326545
-0.6734693877551021,0.2244897959183671,8.047862189865718
-0.6326530612244898,0.2244897959183671,5.754717292062648
-0.5918367346938775,0.2244897959183671,4.116028289614858
-0.5510204081632654,0.2244897959183671,3.03187846380127
-0.5102040816326531,0.2244897959183671,2.4090122104822016
-0.4693877551020409,0.2244897959183671,2.160835040099389
-0.4285714285714286,0.2244897959183671,2.2074135776759665
-0.3877551020408164,0.2244897959183671,2.4754755628164755
-0.3469387755102041,0.2244897959183671,2.898409849706863
-0.3061224489795918,0.2244897959183671,3.416266407114482
-0.2653061224489796,0.2244897959183671,3.975756318388086
-0.2244897959183673,0.2244897959183671,4.530251781457844
-0.1836734693877552,0.2244897959183671,5.039786108835318
-0.1428571428571429,0.2244897959183671,5.471053727613485
-0.1020408163265307,0.2244897959183671,5.797410179466723
-0.0612244897959184,0.2244897959183671,5.998872120650816
-0.0204081632653061,0.2244897959183671,6.062117322002953
0.0204081632653061,0.2244897959183671,5.980484668941729
0.0612244897959182,0.2244897959183671,5.753974161467145
0.1020408163265305,0.2244897959183671,5.389246914160603
0.1428571428571428,0.2244897959183671,4.899625156184916
0.183673469387755,0.2244897959183671,4.305092231284299
0.2244897959183671,0.2244897959183671,3.6322925977843776
0.2653061224489794,0.2244897959183671,2.914531828592171
0.3061224489795917,0.2244897959183671,2.191776611196116
0.346938775510204,0.2244897959183671,1.5106547476660483
0.3877551020408163,0.2244897959183671,0.9244551546532108
0.4285714285714284,0.2244897959183671,0.4931278633902539
0.4693877551020406,0.2244897959183671,0.2832840196912262
0.510204081632653,0.2244897959183671,0.3681958839515891
0.5510204081632653,0.2244897959183671,0.8277968311482063
0.5918367346938773,0.2244897959183671,1.748681350839342
0.6326530612244896,0.2244897959183671,3.224105047164679
0.6734693877551019,0.2244897959183671,5.353984638845296
0.7142857142857142,0.2244897959183671,8.244897959183678
0.7551020408163265,0.2244897959183671,12.010083956063712
0.7959183673469385,0.2244897959183671,16.76944269195067
0.8367346938775508,0.2244897959183671,22.6495353438913
0.8775510204081631,0.2244897959183671,29.7835842035137
0.9183673469387754,0.2244897959183671,38.31147267702736
0.9591836734693876,0.2244897959183671,48.37974528522322
1.0,0.2244897959183671,60.14160766347359
-1.0,0.2653061224489794,57.9775093710954
-0.9591836734693876,0.2653061224489794,46.70517091570032
-0.9183673469387756,0.2653061224489794,37.09922267915235
-0.8775510204081632,0.2653061224489794,29.00645902607913
-0.8367346938775511,0.2653061224489794,22.28033543568982
-0.7959183673469388,0.2653061224489794,16.78096850177483
-0.7551020408163265,0.2653061224489794,12.375135932706094
-0.7142857142857143,0.2653061224489794,8.93627655143691
-0.6734693877551021,0.2653061224489794,6.344490295501971
-0.6326530612244898,0.2653061224489794,4.486538217017383
-0.5918367346938775,0.2653061224489794,3.255842482680671
-0.5510204081632654,0.2653061224489794,2.552486373770753
-0.5102040816326531,0.2653061224489794,2.283214286147952
-0.4693877551020409,0.2653061224489794,2.361431730254
-0.4285714285714286,0.2653061224489794,2.707205331112034
-0.3877551020408164,0.2653061224489794,3.247262828326593
-0.3469387755102041,0.2653061224489794,3.9149930760836273
-0.3061224489795918,0.2653061224489794,4.650446043150487
-0.2653061224489796,0.2653061224489794,5.400332812875927
-0.2244897959183673,0.2653061224489794,6.118025583190115
-0.1836734693877552,0.2653061224489794,6.763557666604616
-0.1428571428571429,0.2653061224489794,7.303623490212402
-0.1020408163265307,0.2653061224489794,7.711578595687856
-0.0612244897959184,0.2653061224489794,7.96743963928676
-0.0204081632653061,0.2653061224489794,8.057884391846303
0.0204081632653061,0.2653061224489794,7.976251738785077
0.0612244897959182,0.2653061224489794,7.72254168010309
0.1020408163265305,0.2653061224489794,7.303415330381737
0.1428571428571428,0.2653061224489794,6.732194918783835
0.183673469387755,0.2653061224489794,6.028863789053596
0.2244897959183671,0.2653061224489794,5.22006639951665
0.2653061224489794,0.2653061224489794,4.339108323080013
0.3061224489795917,0.2653061224489794,3.4259562472321217
0.346938775510204,0.2653061224489794,2.527237974042813
0.3877551020408163,0.2653061224489794,1.6962424201633293
0.4285714285714284,0.2653061224489794,0.9929196168263226
0.4693877551020406,0.2653061224489794,0.4838807098458386
0.510204081632653,0.2653061224489794,0.2423979596173398
0.5510204081632653,0.2653061224489794,0.3484047411176905
0.5918367346938773,0.2653061224489794,0.8884955439051562
0.6326530612244896,0.2653061224489794,1.9559259721194164
0.6734693877551019,0.2653061224489794,3.650612744481552
0.7142857142857142,0.2653061224489794,6.079133694294047
0.7551020408163265,0.2653061224489794,9.354727769440789
0.7959183673469385,0.2653061224489794,13.59729503238705
0.8367346938775508,0.2653061224489794,18.93339666017958
0.8775510204081631,0.2653061224489794,25.496254944446477
0.9183673469387754,0.2653061224489794,33.42575329139722
0.9591836734693876,0.2653061224489794,42.86843622182276
1.0,0.2653061224489794,53.9775093710954
-1.0,0.3061224489795917,52.146605581007925
-0.9591836734693876,0.3061224489795917,41.52705635459057
-0.9183673469387756,0.3061224489795917,32.54669779581292
-0.8775510204081632,0.3061224489795917,25.052324269302616
-0.8367346938775511,0.3061224489795917,18.89739125426881
-0.7959183673469388,0.3061224489795917,13.942015344501922
-0.7551020408163265,0.3061224489795917,10.052974248373884
-0.7142857142857143,0.3061224489795917,7.103706788837989
-0.6734693877551021,0.3061224489795917,4.974312903428936
-0.6326530612244898,0.3061224489795917,3.551553644262832
-0.5918367346938775,0.3061224489795917,2.728851178037196
-0.5510204081632654,0.3061224489795917,2.4062887860309488
-0.5102040816326531,0.3061224489795917,2.4906108641044145
-0.4693877551020409,0.3061224489795917,2.895222922699324
-0.4285714285714286,0.3061224489795917,3.5401915868388136
-0.3877551020408164,0.3061224489795917,4.352244596127424
-0.3469387755102041,0.3061224489795917,5.264770804751104
-0.3061224489795918,0.3061224489795917,6.217820181477206
-0.2653061224489796,0.3061224489795917,7.158103809654481
-0.2244897959183673,0.3061224489795917,8.038993887213099
-0.1836734693877552,0.3061224489795917,8.820523726664625
-0.1428571428571429,0.3061224489795917,9.469387755102034
-0.1020408163265307,0.3061224489795917,9.958941514199704
-0.0612244897959184,0.3061224489795917,10.269201660213415
-0.0204081632653061,0.3061224489795917,10.386845963980363
0.0204081632653061,0.3061224489795917,10.30521331091914
0.0612244897959182,0.3061224489795917,10.024303701029746
0.1020408163265305,0.3061224489795917,9.550778248893584
0.1428571428571428,0.3061224489795917,8.897959183673466
0.183673469387755,0.3061224489795917,8.085829849113608
0.2244897959183671,0.3061224489795917,7.141034703539637
0.2653061224489794,0.3061224489795917,6.0968793198585685
0.3061224489795917,0.3061224489795917,4.99333038555884
0.346938775510204,0.3061224489795917,3.877015702710291
0.3877551020408163,0.3061224489795917,2.801224187964161
0.4285714285714284,0.3061224489795917,1.8259058725531043
0.4693877551020406,0.3061224489795917,1.017671902291164
0.510204081632653,0.3061224489795917,0.4497945375738035
0.5510204081632653,0.3061224489795917,0.2022071533778876
0.5918367346938773,0.3061224489795917,0.3615042392616834
0.6326530612244896,0.3061224489795917,1.020941399364867
0.6734693877551019,0.3061224489795917,2.28043535240852
0.7142857142857142,0.3061224489795917,4.246563931695127
0.7551020408163265,0.3061224489795917,7.032566085108578
0.7959183673469385,0.3061224489795917,10.758341875114144
0.8367346938775508,0.3061224489795917,15.550452478758572
0.8775510204081631,0.3061224489795917,21.542120187669955
0.9183673469387754,0.3061224489795917,28.87322840805779
0.9591836734693876,0.3061224489795917,37.69032166071302
1.0,0.3061224489795917,48.146605581007925
-1.0,0.346938775510204,46.648896293211166
-0.9591836734693876,0.346938775510204,36.682136295771535
-0.9183673469387756,0.346938775510204,28.3273674147642
-0.8775510204081632,0.346938775510204,21.43138401481681
-0.8367346938775511,0.346938775510204,15.84764157513851
-0.7959183673469388,0.346938775510204,11.436256689519729
-0.7551020408163265,0.346938775510204,8.064007066332385
-0.7142857142857143,0.346938775510204,5.604331528529782
-0.6734693877551021,0.346938775510204,3.937330013646615
-0.6326530612244898,0.346938775510204,2.9497635737989927
-0.5918367346938775,0.346938775510204,2.535054375684434
-0.5510204081632654,0.346938775510204,2.5932857005818573
-0.5102040816326531,0.346938775510204,3.03120194435159
-0.4693877551020409,0.346938775510204,3.76220861743536
-0.4285714285714286,0.346938775510204,4.706372344856307
-0.3877551020408164,0.346938775510204,5.790420866218968
-0.3469387755102041,0.346938775510204,6.947743035709294
-0.3061224489795918,0.346938775510204,8.118388822094637
-0.2653061224489796,0.346938775510204,9.249069308723747
-0.2244897959183673,0.346938775510204,10.293156693526797
-0.1836734693877552,0.346938775510204,11.210684289015347
-0.1428571428571429,0.346938775510204,11.968346522282378
-0.1020408163265307,0.346938775510204,12.53949893500226
-0.0612244897959184,0.346938775510204,12.904158183430786
-0.0204081632653061,0.346938775510204,13.049002038405137
0.0204081632653061,0.346938775510204,12.967369385343911
0.0612244897959182,0.346938775510204,12.659260224247117
0.1020408163265305,0.346938775510204,12.131335669696144
0.1428571428571428,0.346938775510204,11.396917950853808
0.183673469387755,0.346938775510204,10.47599041146433
0.2244897959183671,0.346938775510204,9.395197509853334
0.2653061224489794,0.346938775510204,8.187844818927836
0.3061224489795917,0.346938775510204,6.893899026176272
0.346938775510204,0.346938775510204,5.559987933668482
0.3877551020408163,0.346938775510204,4.239400458055705
0.4285714285714284,0.346938775510204,2.9920866305705998
0.4693877551020406,0.346938775510204,1.8846575970272024
0.510204081632653,0.346938775510204,0.99038561782098
0.5510204081632653,0.346938775510204,0.3892040679287977
0.5918367346938773,0.346938775510204,0.1677074369089237
0.6326530612244896,0.346938775510204,0.4191513289010303
0.6734693877551019,0.346938775510204,1.243452462626201
0.7142857142857142,0.346938775510204,2.747188671386921
0.7551020408163265,0.346938775510204,5.043598903067079
0.7959183673469385,0.346938775510204,8.252583220131951
0.8367346938775508,0.346938775510204,12.500702799628275
0.8775510204081631,0.346938775510204,17.921179933184153
0.9183673469387754,0.346938775510204,24.653898027009078
0.9591836734693876,0.346938775510204,32.84540160189398
1.0,0.346938775510204,42.648896293211166
-1.0,0.3877551020408163,41.48438150770512
-0.9591836734693876,0.3877551020408163,32.17041073924321
-0.9183673469387756,0.3877551020408163,24.441231536006192
-0.8775510204081632,0.3877551020408163,18.14363826262172
-0.8367346938775511,0.3877551020408163,13.131086398298924
-0.7959183673469388,0.3877551020408163,9.263692536828245
-0.7551020408163265,0.3877551020408163,6.408234386581598
-0.7142857142857143,0.3877551020408163,4.438150770512288
-0.6734693877551021,0.3877551020408163,3.233541626155007
-0.6326530612244898,0.3877551020408163,2.681168005625867
-0.5918367346938775,0.3877551020408163,2.6744520756223844
-0.5510204081632654,0.3877551020408163,3.113477117423479
-0.5102040816326531,0.3877551020408163,3.904987526889479
-0.4693877551020409,0.3877551020408163,4.962388814462109
-0.4285714285714286,0.3877551020408163,6.205747605164513
-0.3877551020408164,0.3877551020408163,7.561791638601225
-0.3469387755102041,0.3877551020408163,8.963909768958196
-0.3061224489795918,0.3877551020408163,10.352151965002784
-0.2653061224489796,0.3877551020408163,11.673229310083729
-0.2244897959183673,0.3877551020408163,12.880514002131209
-0.1836734693877552,0.3877551020408163,13.934039353656784
-0.1428571428571429,0.3877551020408163,14.800499791753433
-0.1020408163265307,0.3877551020408163,15.453250858095531
-0.0612244897959184,0.3877551020408163,15.872309208938868
-0.0204081632653061,0.3877551020408163,16.044352615120623
0.0204081632653061,0.3877551020408163,15.9627199620594
0.0612244897959182,0.3877551020408163,15.627411249755198
0.1020408163265305,0.3877551020408163,15.045087592789416
0.1428571428571428,0.3877551020408163,14.229071220324863
0.183673469387755,0.3877551020408163,13.199345476105766
0.2244897959183671,0.3877551020408163,11.982554818457745
0.2653061224489794,0.3877551020408163,10.612004820287815
0.3061224489795917,0.3877551020408163,9.127662169084417
0.346938775510204,0.3877551020408163,7.576154666917385
0.3877551020408163,0.3877551020408163,6.010771230437963
0.4285714285714284,0.3877551020408163,4.491461890878806
0.4693877551020406,0.3877551020408163,3.084837794053953
0.510204081632653,0.3877551020408163,1.86417120035887
0.5510204081632653,0.3877551020408163,0.9093954847704208
0.5918367346938773,0.3877551020408163,0.3071051368468768
0.6326530612244896,0.3877551020408163,0.1505557607279067
0.6734693877551019,0.3877551020408163,0.5396640751345949
0.7142857142857142,0.3877551020408163,1.5810079133694273
0.7551020408163265,0.3877551020408163,3.387826223316292
0.7959183673469385,0.3877551020408163,6.080019067440471
0.8367346938775508,0.3877551020408163,9.784147622788694
0.8775510204081631,0.3877551020408163,14.63343418098906
0.9183673469387754,0.3877551020408163,20.76776214825107
0.9591836734693876,0.3877551020408163,28.333676045365657
1.0,0.3877551020408163,37.48438150770512
-1.0,0.4285714285714284,36.65306122448982
-0.9591836734693876,0.4285714285714284,27.99187968500562
-0.9183673469387756,0.4285714285714284,20.88829015953892
-0.8775510204081632,0.4285714285714284,15.189087012717357
-0.8367346938775511,0.4285714285714284,10.747725723750063
-0.7959183673469388,0.4285714285714284,7.424322886427483
-0.7551020408163265,0.4285714285714284,5.085656209121532
-0.7142857142857143,0.4285714285714284,3.60516451478551
-0.6734693877551021,0.4285714285714284,2.862947740954113
-0.6326530612244898,0.4285714285714284,2.7457669397434525
-0.5918367346938775,0.4285714285714284,3.147044277851045
-0.5510204081632654,0.4285714285714284,3.966863036555808
-0.5102040816326531,0.4285714285714284,5.1119676117180735
-0.4693877551020409,0.4285714285714284,6.495763513779562
-0.4285714285714286,0.4285714285714284,8.03831736776342
-0.3877551020408164,0.4285714285714284,9.666356913274182
-0.3469387755102041,0.4285714285714284,11.313271004497798
-0.3061224489795918,0.4285714285714284,12.919109610201623
-0.2653061224489796,0.4285714285714284,14.430583813734405
-0.2244897959183673,0.4285714285714284,15.801065813026312
-0.1836734693877552,0.4285714285714284,16.990588920588916
-0.1428571428571429,0.4285714285714284,17.965847563515187
-0.1020408163265307,0.4285714285714284,18.7001972834795
-0.0612244897959184,0.4285714285714284,19.17365473673764
-0.0204081632653061,0.4285714285714284,19.3728976941268
0.0204081632653061,0.4285714285714284,19.29126504106558
0.0612244897959182,0.4285714285714284,18.92875677755397
0.1020408163265305,0.4285714285714284,18.292034018173386
0.1428571428571428,0.4285714285714284,17.394418992086617
0.183673469387755,0.4285714285714284,16.2558950430379
0.2244897959183671,0.4285714285714284,14.903106629352852
0.2653061224489794,0.4285714285714284,13.369359323938491
0.3061224489795917,0.4285714285714284,11.69461981428326
0.346938775510204,0.4285714285714284,9.925515902456988
0.3877551020408163,0.4285714285714284,8.115336505110921
0.4285714285714284,0.4285714285714284,6.324031653477716
0.4693877551020406,0.4285714285714284,4.618212493371408
0.510204081632653,0.4285714285714284,3.071151285187465
0.5510204081632653,0.4285714285714284,1.7627814039027514
0.5918367346938773,0.4285714285714284,0.7796973390755395
0.6326530612244896,0.4285714285714284,0.2151546948454947
0.6734693877551019,0.4285714285714284,0.1690701899337029
0.7142857142857142,0.4285714285714284,0.7480216576426505
0.7551020408163265,0.4285714285714284,2.065248045856226
0.7959183673469385,0.4285714285714284,4.240649417039713
0.8367346938775508,0.4285714285714284,7.400786948239834
0.8775510204081631,0.4285714285714284,11.678882931084695
0.9183673469387754,0.4285714285714284,17.214820771783796
0.9591836734693876,0.4285714285714284,24.15514499112807
1.0,0.4285714285714284,32.65306122448982
-1.0,0.4693877551020406,32.1549354435652
-0.9591836734693876,0.4693877551020406,24.14654313305872
-0.9183673469387756,0.4693877551020406,17.668543285362336
-0.8775510204081632,0.4693877551020406,12.56773026510369
-0.8367346938775511,0.4693877551020406,8.697559551491901
-0.7959183673469388,0.4693877551020406,5.918147738317423
-0.7551020408163265,0.4693877551020406,4.09627253395217
-0.7142857142857143,0.4693877551020406,3.1053727613494395
-0.6734693877551021,0.4693877551020406,2.8255483580439287
-0.6326530612244898,0.4693877551020406,3.1435603761517505
-0.5918367346938775,0.4693877551020406,3.95283098237042
-0.5510204081632654,0.4693877551020406,5.153443457978854
-0.5102040816326531,0.4693877551020406,6.652142198837386
-0.4693877551020409,0.4693877551020406,8.362332715387737
-0.4285714285714286,0.4693877551020406,10.20408163265305
-0.3877551020408164,0.4693877551020406,12.104116690237865
-0.3469387755102041,0.4693877551020406,13.995826742328124
-0.3061224489795918,0.4693877551020406,15.819261757691192
-0.2653061224489796,0.4693877551020406,17.521132819675806
-0.2244897959183673,0.4693877551020406,19.05481212621215
-0.1836734693877552,0.4693877551020406,20.380332989811777
-0.1428571428571429,0.4693877551020406,21.464389837567666
-0.1020408163265307,0.4693877551020406,22.2803382111542
-0.0612244897959184,0.4693877551020406,22.80819476682715
-0.0204081632653061,0.4693877551020406,23.03463727542372
0.0204081632653061,0.4693877551020406,22.95300462236249
0.0612244897959182,0.4693877551020406,22.56329680764348
0.1020408163265305,0.4693877551020406,21.87217494584808
0.1428571428571428,0.4693877551020406,20.892961266139096
0.183673469387755,0.4693877551020406,19.64563911226076
0.2244897959183671,0.4693877551020406,18.156852942538684
0.2653061224489794,0.4693877551020406,16.459908329879898
0.3061224489795917,0.4693877551020406,14.59477196177283
0.346938775510204,0.4693877551020406,12.608071640287315
0.3877551020408163,0.4693877551020406,10.553096282074604
0.4285714285714284,0.4693877551020406,8.489795918367347
0.4693877551020406,0.4693877551020406,6.484781694979585
0.510204081632653,0.4693877551020406,4.611325872306778
0.5510204081632653,0.4693877551020406,2.9493618253257985
0.5918367346938773,0.4693877551020406,1.585484043594917
0.6326530612244896,0.4693877551020406,0.6129481312537952
0.6734693877551019,0.4693877551020406,0.131670807023521
0.7142857142857142,0.4693877551020406,0.248229904206581
0.7551020408163265,0.4693877551020406,1.0758643706868647
0.7959183673469385,0.4693877551020406,2.734474268929657
0.8367346938775508,0.4693877551020406,5.350620775981676
0.8775510204081631,0.4693877551020406,9.057526183471031
0.9183673469387754,0.4693877551020406,13.995073897607217
0.9591836734693876,0.4693877551020406,20.30980843918117
1.0,0.4693877551020406,28.1549354435652
-1.0,0.510204081632653,27.99000416493129
-0.9591836734693876,0.510204081632653,20.634401083402537
-0.9183673469387756,0.510204081632653,14.781990913476468
-0.8775510204081632,0.510204081632653,10.279568019780736
-0.8367346938775511,0.510204081632653,6.980587881524452
-0.7959183673469388,0.510204081632653,4.745167092498077
-0.7551020408163265,0.510204081632653,3.4400833610735218
-0.7142857142857143,0.510204081632653,2.9387755102040822
-0.6734693877551021,0.510204081632653,3.1213434774244573
-0.6326530612244898,0.510204081632653,3.874548314850762
-0.5918367346938775,0.510204081632653,5.091812189180509
-0.5510204081632654,0.510204081632653,6.673218381692612
-0.5102040816326531,0.510204081632653,8.525511288247412
-0.4693877551020409,0.510204081632653,10.56209641928662
-0.4285714285714286,0.510204081632653,12.703040399833393
-0.3877551020408164,0.510204081632653,14.875070969492258
-0.3469387755102041,0.510204081632653,17.011576982449164
-0.3061224489795918,0.510204081632653,19.05260840747147
-0.2653061224489796,0.510204081632653,20.944876327907924
-0.2244897959183673,0.510204081632653,22.641752941688694
-0.1836734693877552,0.510204081632653,24.10327156132535
-0.1428571428571429,0.510204081632653,25.29612661391086
-0.1020408163265307,0.510204081632653,26.19367364111961
-0.0612244897959184,0.510204081632653,26.77592929920737
-0.0204081632653061,0.510204081632653,27.02957135901134
0.0204081632653061,0.510204081632653,26.947938705950115
0.0612244897959182,0.510204081632653,26.53103134002369
0.1020408163265305,0.510204081632653,25.785510375813487
0.1428571428571428,0.510204081632653,24.72469804248229
0.183673469387755,0.510204081632653,23.368577683774333
0.2244897959183671,0.510204081632653,21.74379375801524
0.2653061224489794,0.510204081632653,19.883651838112016
0.3061224489795917,0.510204081632653,17.82811861155311
0.346938775510204,0.510204081632653,15.623821880408356
0.3877551020408163,0.510204081632653,13.324050561329
0.4285714285714284,0.510204081632653,10.98875468554769
0.4693877551020406,0.510204081632653,8.684545398878472
0.510204081632653,0.510204081632653,6.484694961716805
0.5510204081632653,0.510204081632653,4.469136749039558
0.5918367346938773,0.510204081632653,2.724465250405007
0.6326530612244896,0.510204081632653,1.3439360699528085
0.6734693877551019,0.510204081632653,0.427465926404052
0.7142857142857142,0.510204081632653,0.0816326530612245
0.7551020408163265,0.510204081632653,0.4196751978082161
0.7959183673469385,0.510204081632653,1.5614936231103138
0.8367346938775508,0.510204081632653,3.6336491060142313
0.8775510204081631,0.510204081632653,6.769363938148076
0.9183673469387754,0.510204081632653,11.10852152572135
0.9591836734693876,0.510204081632653,16.797666389524984
1.0,0.510204081632653,23.99000416493129
-1.0,0.5510204081632653,24.158267388588094
-0.9591836734693876,0.5510204081632653,17.455453536037066
-0.9183673469387756,0.5510204081632653,12.228633043881311
-0.8775510204081632,0.5510204081632653,8.324600276748493
-0.8367346938775511,0.5510204081632653,5.596810713847716
-0.7959183673469388,0.5510204081632653,3.905380948969445
-0.7551020408163265,0.5510204081632653,3.117088690485586
-0.7142857142857143,0.5510204081632653,3.1053727613494377
-0.6734693877551021,0.5510204081632653,3.750333099095699
-0.6326530612244898,0.5510204081632653,4.938730755840486
-0.5918367346938775,0.5510204081632653,6.563987898281308
-0.5510204081632654,0.5510204081632653,8.526187807697085
-0.5102040816326531,0.5510204081632653,10.73207487994815
-0.4693877551020409,0.5510204081632653,13.09505462547622
-0.4285714285714286,0.5510204081632653,15.535193669304448
-0.3877551020408164,0.5510204081632653,17.979219751037363
-0.3469387755102041,0.5510204081632653,20.36052172486092
-0.3061224489795918,0.5510204081632653,22.619149559542468
-0.2653061224489796,0.5510204081632653,24.701814338430754
-0.2244897959183673,0.5510204081632653,26.56188825945596
-0.1836734693877552,0.5510204081632653,28.159404635129636
-0.1428571428571429,0.5510204081632653,29.461057892544765
-0.1020408163265307,0.5510204081632653,30.44020357337573
-0.0612244897959184,0.5510204081632653,31.07685833387829
-0.0204081632653061,0.5510204081632653,31.357699944889674
0.0204081632653061,0.5510204081632653,31.27606729182845
0.0612244897959182,0.5510204081632653,30.831960374694624
0.1020408163265305,0.5510204081632653,30.0320403080696
0.1428571428571428,0.5510204081632653,28.889629321116196
0.183673469387755,0.5510204081632653,27.42471075757861
0.2244897959183671,0.5510204081632653,25.663929075782494
0.2653061224489794,0.5510204081632653,23.640589848634846
0.3061224489795917,0.5510204081632653,21.394659763624105
0.346938775510204,0.5510204081632653,18.97276662282011
0.3877551020408163,0.5510204081632653,16.428199342874105
0.4285714285714284,0.5510204081632653,13.820907955018749
0.4693877551020406,0.5510204081632653,11.217503605068073
0.510204081632653,0.5510204081632653,8.691258553417544
0.5510204081632653,0.5510204081632653,6.322106175044031
0.5918367346938773,0.5510204081632653,4.19664095950581
0.6326530612244896,0.5510204081632653,2.408118510942535
0.6734693877551019,0.5510204081632653,1.056455548075296
0.7142857142857142,0.5510204081632653,0.248229904206581
0.7551020408163265,0.5510204081632653,0.0966805272202804
0.7959183673469385,0.5510204081632653,0.7217074795816836
0.8367346938775508,0.5510204081632653,2.249871938337498
0.8775510204081631,0.5510204081632653,4.814396195115834
0.9183673469387754,0.5510204081632653,8.555163656126197
0.9591836734693876,0.5510204081632653,13.618718842159517
1.0,0.5510204081632653,20.158267388588094
-1.0,0.5918367346938773,20.65972511453563
-0.9591836734693876,0.5918367346938773,14.60970049096232
-0.9183673469387756,0.5918367346938773,10.00846967657688
-0.8775510204081632,0.5918367346938773,6.702827036006971
-0.8367346938775511,0.5918367346938773,4.546228048461697
-0.7959183673469388,0.5918367346938773,3.398789307731526
-0.7551020408163265,0.5918367346938773,3.1272885221883624
-0.7142857142857143,0.5918367346938773,3.6051645147855034
-0.6734693877551021,0.5918367346938773,4.712517223057647
-0.6326530612244898,0.5918367346938773,6.336107699120914
-0.5918367346938775,0.5918367346938773,8.369358109672811
-0.5510204081632654,0.5918367346938773,10.712351735992256
-0.5102040816326531,0.5918367346938773,13.271832973939588
-0.4693877551020409,0.5918367346938773,15.961207333956516
-0.4285714285714286,0.5918367346938773,18.700541441066203
-0.3877551020408164,0.5918367346938773,21.416563034873164
-0.3469387755102041,0.5918367346938773,24.042660969563364
-0.3061224489795918,0.5918367346938773,26.518885213904152
-0.2653061224489796,0.5918367346938773,28.79194685124428
-0.2244897959183673,0.5918367346938773,30.815218079513908
-0.1836734693877552,0.5918367346938773,32.54873221122461
-0.1428571428571429,0.5918367346938773,33.95918367346936
-0.1020408163265307,0.5918367346938773,35.01992800792254
-0.0612244897959184,0.5918367346938773,35.71098187083992
-0.0204081632653061,0.5918367346938773,36.0190230330587
0.0204081632653061,0.5918367346938773,35.937390379997474
0.0612244897959182,0.5918367346938773,35.46608391165625
0.1020408163265305,0.5918367346938773,34.611764742616415
0.1428571428571428,0.5918367346938773,33.38775510204079
0.183673469387755,0.5918367346938773,31.81403833367359
0.2244897959183671,0.5918367346938773,29.917258895840448
0.2653061224489794,0.5918367346938773,27.730722361448368
0.3061224489795917,0.5918367346938773,25.29439541798579
0.346938775510204,0.5918367346938773,22.65490586752256
0.3877551020408163,0.5918367346938773,19.865542626709907
0.4285714285714284,0.5918367346938773,16.9862557267805
0.4693877551020406,0.5918367346938773,14.083656313548367
0.510204081632653,0.5918367346938773,11.231016647408982
0.5510204081632653,0.5918367346938773,8.508270103339203
0.5918367346938773,0.5918367346938773,6.002011170897315
0.6326530612244896,0.5918367346938773,3.8054954542229655
0.6734693877551019,0.5918367346938773,2.018639672037247
0.7142857142857142,0.5918367346938773,0.7480216576426468
0.7551020408163265,0.5918367346938773,0.1068803589230567
0.7959183673469385,0.5918367346938773,0.2151158383437682
0.8367346938775508,0.5918367346938773,1.1992892729514837
0.8775510204081631,0.5918367346938773,3.192622954374315
0.9183673469387754,0.5918367346938773,6.335000288821768
0.9591836734693876,0.5918367346938773,10.772965797084767
1.0,0.5918367346938773,16.65972511453563
-1.0,0.6326530612244896,17.49437734277386
-0.9591836734693876,0.6326530612244896,12.09714194817827
-0.9183673469387756,0.6326530612244896,8.121500811563148
-0.8775510204081632,0.6326530612244896,5.414248297556154
-0.8367346938775511,0.6326530612244896,3.828839885366385
-0.7959183673469388,0.6326530612244896,3.225392168784317
-0.7551020408163265,0.6326530612244896,3.470682856181851
-0.7142857142857143,0.6326530612244896,4.438150770512282
-0.6734693877551021,0.6326530612244896,6.007895849310314
-0.6326530612244898,0.6326530612244896,8.066679144692063
-0.5918367346938775,0.6326530612244896,10.507922823355036
-0.5510204081632654,0.6326530612244896,13.231710166578152
-0.5102040816326531,0.6326530612244896,16.14478557022175
-0.4693877551020409,0.6326530612244896,19.16055454472754
-0.4285714285714286,0.6326530612244896,22.19908371511868
-0.3877551020408164,0.6326530612244896,25.187100820999696
-0.3469387755102041,0.6326530612244896,28.057994716556536
-0.3061224489795918,0.6326530612244896,30.751815370556564
-0.2653061224489796,0.6326530612244896,33.215273866348525
-0.2244897959183673,0.6326530612244896,35.40174240186259
-0.1836734693877552,0.6326530612244896,37.27125428961032
-0.1428571428571429,0.6326530612244896,38.79050395668469
-0.1020408163265307,0.6326530612244896,39.93284694476007
-0.0612244897959184,0.6326530612244896,40.67829991009228
-0.0204081632653061,0.6326530612244896,41.01354062351846
0.0204081632653061,0.6326530612244896,40.93190797045723
0.0612244897959182,0.6326530612244896,40.4334019509086
0.1020408163265305,0.6326530612244896,39.52468367945395
0.1428571428571428,0.6326530612244896,38.21907538525612
0.183673469387755,0.6326530612244896,36.5365604120593
0.2244897959183671,0.6326530612244896,34.50378321818913
0.2653061224489794,0.6326530612244896,32.154049376552614
0.3061224489795917,0.6326530612244896,29.52732557463821
0.346938775510204,0.6326530612244896,26.670239614515737
0.3877551020408163,0.6326530612244896,23.63608041283644
0.4285714285714284,0.6326530612244896,20.48479800083298
0.4693877551020406,0.6326530612244896,17.283003524319394
0.510204081632653,0.6326530612244896,14.103969243691148
0.5510204081632653,0.6326530612244896,11.0276285339251
0.5918367346938773,0.6326530612244896,8.140575884579542
0.6326530612244896,0.6326530612244896,5.5360668997941165
0.6734693877551019,0.6326530612244896,3.314018298289915
0.7142857142857142,0.6326530612244896,1.5810079133694273
0.7551020408163265,0.6326530612244896,0.4502746929165451
0.7959183673469385,0.6326530612244896,0.041718699396562
0.8367346938775508,0.6326530612244896,0.481901109856175
0.8775510204081631,0.6326530612244896,1.904044215923498
0.9183673469387754,0.6326530612244896,4.448031423808038
0.9591836734693876,0.6326530612244896,8.26040725430072
1.0,0.6326530612244896,13.49437734277386
-1.0,0.6734693877551019,14.6622240733028
-0.9591836734693876,0.6734693877551019,9.917777907684936
-0.9183673469387756,0.6734693877551019,6.567726448840131
-0.8775510204081632,0.6734693877551019,4.458864061396048
-0.8367346938775511,0.6734693877551019,3.444646224561786
-0.7959183673469388,0.6734693877551019,3.3851895321278214
-0.7551020408163265,0.6734693877551019,4.147271692466052
-0.7142857142857143,0.6734693877551019,5.604331528529775
-0.6734693877551021,0.6734693877551019,7.636468977853692
-0.6326530612244898,0.6734693877551019,10.130445092553924
-0.5918367346938775,0.6734693877551019,12.979682039327974
-0.5510204081632654,0.6734693877551019,16.084263099454763
-0.5102040816326531,0.6734693877551019,19.350932668794627
-0.4693877551020409,0.6734693877551019,22.69309625778928
-0.4285714285714286,0.6734693877551019,26.030820491461878
-0.3877551020408164,0.6734693877551019,29.29083310941694
-0.3469387755102041,0.6734693877551019,32.40652296584043
-0.3061224489795918,0.6734693877551019,35.317940029499695
-0.2653061224489796,0.6734693877551019,37.97179538374349
-0.2244897959183673,0.6734693877551019,40.32146122650199
-0.1836734693877552,0.6734693877551019,42.326970870286736
-0.1428571428571429,0.6734693877551019,43.95501874219074
-0.1020408163265307,0.6734693877551019,45.17896038388834
-0.0612244897959184,0.6734693877551019,45.97881245163534
-0.0204081632653061,0.6734693877551019,46.34125271626893
0.0204081632653061,0.6734693877551019,46.259620063207706
0.0612244897959182,0.6734693877551019,45.73391449245167
0.1020408163265305,0.6734693877551019,44.770797118582216
0.1428571428571428,0.6734693877551019,43.38359017076217
0.183673469387755,0.6734693877551019,41.59227699273572
0.2244897959183671,0.6734693877551019,39.42350204282853
0.2653061224489794,0.6734693877551019,36.91057089394759
0.3061224489795917,0.6734693877551019,34.09345023358134
0.346938775510204,0.6734693877551019,31.018767863799628
0.3877551020408163,0.6734693877551019,27.739812701253683
0.4285714285714284,0.6734693877551019,24.316534777176177
0.4693877551020406,0.6734693877551019,20.81554523738113
0.510204081632653,0.6734693877551019,17.310116342264024
0.5510204081632653,0.6734693877551019,13.88018146680171
0.5918367346938773,0.6734693877551019,10.612335100552482
0.6326530612244896,0.6734693877551019,7.599832847655979
0.6734693877551019,0.6734693877551019,4.942591426833295
0.7142857142857142,0.6734693877551019,2.747188671386921
0.7551020408163265,0.6734693877551019,1.1268635292007465
0.7959183673469385,0.6734693877551019,0.2015160627400688
0.8367346938775508,0.6734693877551019,0.0977074490515793
0.8775510204081631,0.6734693877551019,0.948659979763394
0.9183673469387754,0.6734693877551019,2.8942570610850216
0.9591836734693876,0.6734693877551019,6.081043213807386
1.0,0.6734693877551019,10.6622240733028
-1.0,0.7142857142857142,12.163265306122454
-0.9591836734693876,0.7142857142857142,8.071608369482314
-0.9183673469387756,0.7142857142857142,5.347146588407825
-0.8775510204081632,0.7142857142857142,3.836674327526656
-0.8367346938775511,0.7142857142857142,3.3936470660479
-0.7959183673469388,0.7142857142857142,3.878181397762038
-0.7551020408163265,0.7142857142857142,5.157055031040967
-0.7142857142857143,0.7142857142857142,7.103706788837981
-0.6734693877551021,0.7142857142857142,9.598236608687785
-0.6326530612244898,0.7142857142857142,12.527405542706497
-0.5918367346938775,0.7142857142857142,15.784635757591625
-0.5510204081632654,0.7142857142857142,19.27001053462208
-0.5102040816326531,0.7142857142857142,22.890274269658214
-0.4693877551020409,0.7142857142857142,26.55883247314172
-0.4285714285714286,0.7142857142857142,30.195751770095782
-0.3877551020408164,0.7142857142857142,33.727759900124894
-0.3469387755102041,0.7142857142857142,37.08824571741503
-0.3061224489795918,0.7142857142857142,40.21725919073354
-0.2653061224489796,0.7142857142857142,43.06151140342917
-0.2244897959183673,0.7142857142857142,45.574374553432094
-0.1836734693877552,0.7142857142857142,47.71588195325388
-0.1428571428571429,0.7142857142857142,49.45272802998749
-0.1020408163265307,0.7142857142857142,50.75826832530731
-0.0612244897959184,0.7142857142857142,51.61251949546913
-0.0204081632653061,0.7142857142857142,52.00215931131012
0.0204081632653061,0.7142857142857142,51.920526658248896
0.0612244897959182,0.7142857142857142,51.367621536285455
0.1020408163265305,0.7142857142857142,50.35010506000119
0.1428571428571428,0.7142857142857142,48.88129945855892
0.183673469387755,0.7142857142857142,46.98118807570286
0.2244897959183671,0.7142857142857142,44.67641536975864
0.2653061224489794,0.7142857142857142,42.00028691363326
0.3061224489795917,0.7142857142857142,38.992769394815184
0.346938775510204,0.7142857142857142,35.70049061537423
0.3877551020408163,0.7142857142857142,32.17673949196164
0.4285714285714284,0.7142857142857142,28.48146605581008
0.4693877551020406,0.7142857142857142,24.68128145273358
0.510204081632653,0.7142857142857142,20.84945794312761
0.5510204081632653,0.7142857142857142,17.065928901969034
0.5918367346938773,0.7142857142857142,13.417288818816138
0.6326530612244896,0.7142857142857142,9.996793297808557
0.6734693877551019,0.7142857142857142,6.904359057667389
0.7142857142857142,0.7142857142857142,4.246563931695127
0.7551020408163265,0.7142857142857142,2.136646867775661
0.7959183673469385,0.7142857142857142,0.6945079283742885
0.8367346938775508,0.7142857142857142,0.0467082905376967
0.8775510204081631,0.7142857142857142,0.3264702458940027
0.9183673469387754,0.7142857142857142,1.673677200652718
0.9591836734693876,0.7142857142857142,4.234873675604764
1.0,0.7142857142857142,8.163265306122454
-1.0,0.7551020408163265,9.997501041232823
-0.9591836734693876,0.7551020408163265,6.558633333570405
-0.9183673469387756,0.7551020408163265,4.459761230266233
-0.8775510204081632,0.7551020408163265,3.5476790959479776
-0.8367346938775511,0.7551020408163265,3.6758424098247264
-0.7959183673469388,0.7551020408163265,4.704367765686968
-0.7551020408163265,0.7551020408163265,6.500032871906594
-0.7142857142857143,0.7551020408163265,8.9362765514369
-0.6734693877551021,0.7551020408163265,11.893198741812588
-0.6326530612244898,0.7551020408163265,15.257560495149786
-0.5918367346938775,0.7551020408163265,18.92278397814599
-0.5510204081632654,0.7551020408163265,22.78895247208012
-0.5102040816326531,0.7551020408163265,26.762810372812517
-0.4693877551020409,0.7551020408163265,30.757763190784885
-0.4285714285714286,0.7551020408163265,34.69387755102041
-0.3877551020408164,0.7551020408163265,38.49788119312357
-0.3469387755102041,0.7551020408163265,42.10316297128035
-0.3061224489795918,0.7551020408163265,45.4497728542581
-0.2653061224489796,0.7551020408163265,48.48442192540556
-0.2244897959183673,0.7551020408163265,51.16048238265292
-0.1836734693877552,0.7551020408163265,53.43798753851172
-0.1428571428571429,0.7551020408163265,55.28363182007496
-0.1020408163265307,0.7551020408163265,56.67077076901699
-0.0612244897959184,0.7551020408163265,57.57942104159362
-0.0204081632653061,0.7551020408163265,57.996260408642016
0.0204081632653061,0.7551020408163265,57.91462775558079
0.0612244897959182,0.7551020408163265,57.334523082409945
0.1020408163265305,0.7551020408163265,56.26260750371087
0.1428571428571428,0.7551020408163265,54.71220324864639
0.183673469387755,0.7551020408163265,52.7032936609607
0.2244897959183671,0.7551020408163265,50.262523198979466
0.2653061224489794,0.7551020408163265,47.42319743560966
0.3061224489795917,0.7551020408163265,44.22528305833974
0.346938775510204,0.7551020408163265,40.71540786923954
0.3877551020408163,0.7551020408163265,36.94686078496031
0.4285714285714284,0.7551020408163265,32.9795918367347
0.4693877551020406,0.7551020408163265,28.880212170376744
0.510204081632653,0.7551020408163265,24.721994046281917
0.5510204081632653,0.7551020408163265,20.58487083942707
0.5918367346938773,0.7551020408163265,16.5554370393705
0.6326530612244896,0.7551020408163265,12.726948250251846
0.6734693877551019,0.7551020408163265,9.199321190792196
0.7142857142857142,0.7551020408163265,6.079133694294047
0.7551020408163265,0.7551020408163265,3.479624708641288
0.7959183673469385,0.7551020408163265,1.5206942962992211
0.8367346938775508,0.7551020408163265,0.3289036343145269
0.8775510204081631,0.7551020408163265,0.0374750143153245
0.9183673469387754,0.7551020408163265,0.7862918425111269
0.9591836734693876,0.7551020408163265,2.7218986396928537
1.0,0.7551020408163265,5.997501041232822
-1.0,0.7959183673469385,8.164931278633912
-0.9591836734693876,0.7959183673469385,5.378852799949214
-0.9183673469387756,0.7959183673469385,3.905570374415355
-0.8775510204081632,0.7959183673469385,3.5918783666600103
-0.8367346938775511,0.7959183673469385,4.291232255892262
-0.7959183673469388,0.7959183673469385,5.863748635902604
-0.7551020408163265,0.7959183673469385,8.176205215062923
-0.7142857142857143,0.7959183673469385,11.102040816326518
-0.6734693877551021,0.7959183673469385,14.52135537722809
-0.6326530612244898,0.7959183673469385,18.320909949883767
-0.5918367346938775,0.7959183673469385,22.394126700991045
-0.5510204081632654,0.7959183673469385,26.64108891182884
-0.5102040816326531,0.7959183673469385,30.968540978257508
-0.4693877551020409,0.7959183673469385,35.28988841071874
-0.4285714285714286,0.7959183673469385,39.525197834235705
-0.3877551020408164,0.7959183673469385,43.60119698841292
-0.3469387755102041,0.7959183673469385,47.45127472743634
-0.3061224489795918,0.7959183673469385,51.01548102007333
-0.2653061224489796,0.7959183673469385,54.24052694967263
-0.2244897959183673,0.7959183673469385,57.079784714164425
-0.1836734693877552,0.7959183673469385,59.49328762606025
-0.1428571428571429,0.7959183673469385,61.44773011245311
-0.1020408163265307,0.7959183673469385,62.91646771501736
-0.0612244897959184,0.7959183673469385,63.8795170900088
-0.0204081632653061,0.7959183673469385,64.3235560082646
0.0204081632653061,0.7959183673469385,64.24192335520338
0.0612244897959182,0.7959183673469385,63.63461913082512
0.1020408163265305,0.7959183673469385,62.50830444971124
0.1428571428571428,0.7959183673469385,60.87630154102454
0.183673469387755,0.7959183673469385,58.758593748509234
0.2244897959183671,0.7959183673469385,56.181825530490975
0.2653061224489794,0.7959183673469385,53.17930245987674
0.3061224489795917,0.7959183673469385,49.790991224154986
0.346938775510204,0.7959183673469385,46.06351962539555
0.3877551020408163,0.7959183673469385,42.05017658024966
0.4285714285714284,0.7959183673469385,37.81091211995
0.4693877551020406,0.7959183673469385,33.412337390310604
0.510204081632653,0.7959183673469385,28.92772465172691
0.5510204081632653,0.7959183673469385,24.437007279175795
0.5918367346938773,0.7959183673469385,20.02677976221556
0.6326530612244896,0.7959183673469385,15.79029770498583
0.6734693877551019,0.7959183673469385,11.8274778262077
0.7142857142857142,0.7959183673469385,8.244897959183666
0.7551020408163265,0.7959183673469385,5.155797051797618
0.7959183673469385,0.7959183673469385,2.68007516651486
0.8367346938775508,0.7959183673469385,0.944293480382066
0.8775510204081631,0.7959183673469385,0.0816742850273582
0.9183673469387754,0.7959183673469385,0.2321009866602511
0.9591836734693876,0.7959183673469385,1.5421181060716629
1.0,0.7959183673469385,4.164931278633912
-1.0,0.8367346938775508,6.665556018325704
-0.9591836734693876,0.8367346938775508,4.532266768618729
-0.9183673469387756,0.8367346938775508,3.6845740208551865
-0.8775510204081632,0.8367346938775508,3.9692721396627553
-0.8367346938775511,0.8367346938775508,5.239816604250512
-0.7959183673469388,0.8367346938775508,7.356324008408958
-0.7551020408163265,0.8367346938775508,10.185572060509974
-0.7142857142857143,0.8367346938775508,13.600999583506862
-0.6734693877551021,0.8367346938775508,17.48270651493432
-0.6326530612244898,0.8367346938775508,21.71745390690848
-0.5918367346938775,0.8367346938775508,26.19866392612684
-0.5510204081632654,0.8367346938775508,30.826419853868305
-0.5102040816326531,0.8367346938775508,35.50746608599323
-0.4693877551020409,0.8367346938775508,40.15520813294332
-0.4285714285714286,0.8367346938775508,44.68971261974176
-0.3877551020408164,0.8367346938775508,49.037707285993015
-0.3469387755102041,0.8367346938775508,53.13258098588308
-0.3061224489795918,0.8367346938775508,56.91438368817931
-0.2653061224489796,0.8367346938775508,60.32982647623045
-0.2244897959183673,0.8367346938775508,63.332281547966666
-0.1836734693877552,0.8367346938775508,65.88178221589952
-0.1428571428571429,0.8367346938775508,67.945022907122
-0.1020408163265307,0.8367346938775508,69.49535916330846
-0.0612244897959184,0.8367346938775508,70.5128076407147
-0.0204081632653061,0.8367346938775508,70.98404611017791
0.0204081632653061,0.8367346938775508,70.9024134571167
0.0612244897959182,0.8367346938775508,70.26790968153102
0.1020408163265305,0.8367346938775508,69.08719589800234
0.1428571428571428,0.8367346938775508,67.37359433569343
0.183673469387755,0.8367346938775508,65.1470883383485
0.2244897959183671,0.8367346938775508,62.434322364293216
0.2653061224489794,0.8367346938775508,59.26860198643455
0.3061224489795917,0.8367346938775508,55.68989389226096
0.346938775510204,0.8367346938775508,51.74482588384228
0.3877551020408163,0.8367346938775508,47.48668687782976
0.4285714285714284,0.8367346938775508,42.97542690545605
0.4693877551020406,0.8367346938775508,38.27765711253519
0.510204081632653,0.8367346938775508,33.46664975946263
0.5510204081632653,0.8367346938775508,28.62233822121525
0.5918367346938773,0.8367346938775508,23.83131698735135
0.6326530612244896,0.8367346938775508,19.186841662010544
0.6734693877551019,0.8367346938775508,14.788828963913932
0.7142857142857142,0.8367346938775508,10.74385672636401
0.7551020408163265,0.8367346938775508,7.165163897244669
0.7959183673469385,0.8367346938775508,4.172650539021217
0.8367346938775508,0.8367346938775508,1.8928778287403203
0.8775510204081631,0.8367346938775508,0.4590680580301041
0.9183673469387754,0.8367346938775508,0.0111046331000844
0.9591836734693876,0.8367346938775508,0.6955320747411774
1.0,0.8367346938775508,2.665556018325704
-1.0,0.8775510204081631,5.499375260308208
-0.9591836734693876,0.8775510204081631,4.018875239578956
-0.9183673469387756,0.8775510204081631,3.796772169585731
-0.8775510204081632,0.8775510204081631,4.679860414956213
-0.8367346938775511,0.8775510204081631,6.521595454899476
-0.7959183673469388,0.8775510204081631,9.182093883206024
-0.7551020408163265,0.8775510204081631,12.528133408247738
-0.7142857142857143,0.8775510204081631,16.433152852977916
-0.6734693877551021,0.8775510204081631,20.77725215493126
-0.6326530612244898,0.8775510204081631,25.447192366223906
-0.5918367346938775,0.8775510204081631,30.33639565355333
-0.5510204081632654,0.8775510204081631,35.34494529819848
-0.5102040816326531,0.8775510204081631,40.37958569601967
-0.4693877551020409,0.8775510204081631,45.35372235745862
-0.4285714285714286,0.8775510204081631,50.18742190753851
-0.3877551020408164,0.8775510204081631,54.80741208586382
-0.3469387755102041,0.8775510204081631,59.147081746620536
-0.3061224489795918,0.8775510204081631,63.146480858576005
-0.2653061224489796,0.8775510204081631,66.75232050507898
-0.2244897959183673,0.8775510204081631,69.91797288405962
-0.1836734693877552,0.8775510204081631,72.60347130802951
-0.1428571428571429,0.8775510204081631,74.7755102040816
-0.1020408163265307,0.8775510204081631,76.40744511389029
-0.0612244897959184,0.8775510204081631,77.47929269371134
-0.0204081632653061,0.8775510204081631,77.97773071438196
0.0204081632653061,0.8775510204081631,77.89609806132074
0.0612244897959182,0.8775510204081631,77.23439473452767
0.1020408163265305,0.8775510204081631,75.99928184858416
0.1428571428571428,0.8775510204081631,74.20408163265303
0.183673469387755,0.8775510204081631,71.86877743047849
0.2244897959183671,0.8775510204081631,69.02001370038617
0.2653061224489794,0.8775510204081631,65.6910960152831
0.3061224489795917,0.8775510204081631,61.92199106265766
0.346938775510204,0.8775510204081631,57.759326644579744
0.3877551020408163,0.8775510204081631,53.25639167770056
0.4285714285714284,0.8775510204081631,48.473136193252806
0.4693877551020406,0.8775510204081631,43.47617133705049
0.510204081632653,0.8775510204081631,38.33876936948907
0.5510204081632653,0.8775510204081631,33.140863665545425
0.5918367346938773,0.8775510204081631,27.969048714777852
0.6326530612244896,0.8775510204081631,22.916580121325968
0.6734693877551019,0.8775510204081631,18.08337460391088
0.7142857142857142,0.8775510204081631,13.576009995835063
0.7551020408163265,0.8775510204081631,9.507725244982431
0.7959183673469385,0.8775510204081631,5.998420413818287
0.8367346938775508,0.8775510204081631,3.174656679389288
0.8775510204081631,0.8775510204081631,1.169656333323563
0.9183673469387754,0.8775510204081631,0.1233027818306307
0.9591836734693876,0.8775510204081631,0.1821405457014049
1.0,0.8775510204081631,1.4993752603082082
-1.0,0.9183673469387754,4.666389004581426
-0.9591836734693876,0.9183673469387754,3.838678212829896
-0.9183673469387756,0.9183673469387754,4.242164820606988
-0.8775510204081632,0.9183673469387754,5.723643192540385
-0.8367346938775511,0.9183673469387754,8.136568807839152
-0.7959183673469388,0.9183673469387754,11.341058260293805
-0.7551020408163265,0.9183673469387754,15.203889258276217
-0.7142857142857143,0.9183673469387754,19.59850062473968
-0.6734693877551021,0.9183673469387754,24.40499229721892
-0.6326530612244898,0.9183673469387754,29.51012532783005
-0.5918367346938775,0.9183673469387754,34.80732188327054
-0.5510204081632654,0.9183673469387754,40.19666524481936
-0.5102040816326531,0.9183673469387754,45.58489980833682
-0.4693877551020409,0.9183673469387754,50.88543108426463
-0.4285714285714286,0.9183673469387754,56.018325697625976
-0.3877551020408164,0.9183673469387754,60.91031138802534
-0.3469387755102041,0.9183673469387754,65.4947770096487
-0.3061224489795918,0.9183673469387754,69.71177253126342
-0.2653061224489796,0.9183673469387754,73.50800903621823
-0.2244897959183673,0.9183673469387754,76.8368587224433
-0.1836734693877552,0.9183673469387754,79.65835490245021
-0.1428571428571429,0.9183673469387754,81.93919200333193
-0.1020408163265307,0.9183673469387754,83.65272556676284
-0.0612244897959184,0.9183673469387754,84.77897224899868
-0.0204081632653061,0.9183673469387754,85.3046098208767
0.0204081632653061,0.9183673469387754,85.22297716781549
0.0612244897959182,0.9183673469387754,84.53407428981501
0.1020408163265305,0.9183673469387754,83.24456230145671
0.1428571428571428,0.9183673469387754,81.36776343190336
0.183673469387755,0.9183673469387754,78.92366102489919
0.2244897959183671,0.9183673469387754,75.93889953876985
0.2653061224489794,0.9183673469387754,72.44678454642232
0.3061224489795917,0.9183673469387754,68.48728273534506
0.346938775510204,0.9183673469387754,64.1070219076079
0.3877551020408163,0.9183673469387754,59.35929097986209
0.4285714285714284,0.9183673469387754,54.304039983340274
0.4693877551020406,0.9183673469387754,49.0078800638565
0.510204081632653,0.9183673469387754,43.54408348180623
0.5510204081632653,0.9183673469387754,37.99258361216632
0.5918367346938773,0.9183673469387754,32.43997494449507
0.6326530612244896,0.9183673469387754,26.979513082932108
0.6734693877551019,0.9183673469387754,21.711114746198533
0.7142857142857142,0.9183673469387754,16.741357767596835
0.7551020408163265,0.9183673469387754,12.183481095010912
0.7959183673469385,0.9183673469387754,8.157384790906068
0.8367346938775508,0.9183673469387754,4.789630032328968
0.8775510204081631,0.9183673469387754,2.213439110907735
0.9183673469387754,0.9183673469387754,0.5686954328518898
0.9591836734693876,0.9183673469387754,0.0019435189523454
1.0,0.9183673469387754,0.6663890045814259
-1.0,0.9591836734693876,4.166597251145356
-0.9591836734693876,0.9591836734693876,3.99167568837155
-0.9183673469387756,0.9591836734693876,5.020751973918959
-0.8775510204081632,0.9591836734693876,7.100620472415268
-0.8367346938775511,0.9591836734693876,10.084736663069542
-0.7959183673469388,0.9591836734693876,13.833217139672298
-0.7551020408163265,0.9591836734693876,18.21283961059541
-0.7142857142857143,0.9591836734693876,23.097042898792164
-0.6734693877551021,0.9591836734693876,28.365926941797284
-0.6326530612244898,0.9591836734693876,33.9062527917269
-0.5918367346938775,0.9591836734693876,39.61144261527847
-0.5510204081632654,0.9591836734693876,45.38157969373096
-0.5102040816326531,0.9591836734693876,51.123408422944685
-0.4693877551020409,0.9591836734693876,56.75033431336136
-0.4285714285714286,0.9591836734693876,62.18242399000416
-0.3877551020408164,0.9591836734693876,67.34640519247756
-0.3469387755102041,0.9591836734693876,72.17566677496758
-0.3061224489795918,0.9591836734693876,76.61025870624152
-0.2653061224489796,0.9591836734693876,80.59689206964818
-0.2244897959183673,0.9591836734693876,84.08893906311768
-0.1836734693877552,0.9591836734693876,87.04643299916161
-0.1428571428571429,0.9591836734693876,89.43606830487296
-0.1020408163265307,0.9591836734693876,91.23120052192608
-0.0612244897959184,0.9591836734693876,92.41184630657672
-0.0204081632653061,0.9591836734693876,92.96468342966216
0.0204081632653061,0.9591836734693876,92.88305077660095
0.0612244897959182,0.9591836734693876,92.16694834739306
0.1020408163265305,0.9591836734693876,90.82303725661994
0.1428571428571428,0.9591836734693876,88.86463973344439
0.183673469387755,0.9591836734693876,86.31173912161059
0.2244897959183671,0.9591836734693876,83.19097987944424
0.2653061224489794,0.9591836734693876,79.53566757985229
0.3061224489795917,0.9591836734693876,75.38576891032318
0.346938775510204,0.9591836734693876,70.78791167292678
0.3877551020408163,0.9591836734693876,65.79538478431434
0.4285714285714284,0.9591836734693876,60.46813827571846
0.4693877551020406,0.9591836734693876,54.87278329295324
0.510204081632653,0.9591836734693876,49.08259209641409
0.5510204081632653,0.9591836734693876,43.17749806107791
0.5918367346938773,0.9591836734693876,37.244095676502994
0.6326530612244896,0.9591836734693876,31.37564054682896
0.6734693877551019,0.9591836734693876,25.672049390776905
0.7142857142857142,0.9591836734693876,20.23990004164932
0.7551020408163265,0.9591836734693876,15.192431447330105
0.7959183673469385,0.9591836734693876,10.649543670284563
0.8367346938775508,0.9591836734693876,6.737797887559362
0.8775510204081631,0.9591836734693876,3.5904163907826194
0.9183673469387754,0.9591836734693876,1.347282586163862
0.9591836734693876,0.9591836734693876,0.1549409944939989
1.0,0.9591836734693876,0.1665972511453564
-1.0,1.0,4.0
-0.9591836734693876,1.0,4.477867666203916
-0.9183673469387756,1.0,6.132533629521642
-0.8775510204081632,1.0,8.810792254580864
-0.8367346938775511,1.0,12.366099020590644
-0.7959183673469388,1.0,16.658570521341503
-0.7551020408163265,1.0,21.55498446520531
-0.7142857142857143,1.0,26.92877967513536
-0.6734693877551021,1.0,32.660056088666366
-0.6326530612244898,1.0,38.635574757914455
-0.5918367346938775,1.0,44.74875784957711
-0.5510204081632654,1.0,50.89968864493328
-0.5102040816326531,1.0,56.99511153984327
-0.4693877551020409,1.0,62.94843204474879
-0.4285714285714286,1.0,68.67971678467306
-0.3877551020408164,1.0,74.11569349922051
-0.3469387755102041,1.0,79.18975104257717
-0.3061224489795918,1.0,83.84193938351036
-0.2653061224489796,1.0,88.01896960536885
-0.2244897959183673,1.0,91.67421390608278
-0.1836734693877552,1.0,94.76770559816374
-0.1428571428571429,1.0,97.2661391087047
-0.1020408163265307,1.0,99.14286997938004
-0.0612244897959184,1.0,100.37791486644552
-0.0204081632653061,1.0,100.95795154073836
0.0204081632653061,1.0,100.87631888767712
0.0612244897959182,1.0,100.13301690726183
0.1020408163265305,1.0,98.73470671407392
0.1428571428571428,1.0,96.69471053727614
0.183673469387755,1.0,94.03301172061272
0.2244897959183671,1.0,90.77625472240932
0.2653061224489794,1.0,86.95774511557296
0.3061224489795917,1.0,82.61744958759202
0.346938775510204,1.0,77.80199594053639
0.3877551020408163,1.0,72.56467309105727
0.4285714285714284,1.0,66.96543107038735
0.4693877551020406,1.0,61.070881024340665
0.510204081632653,1.0,54.95429521331267
0.5510204081632653,1.0,48.69560701228023
0.5918367346938773,1.0,42.38141091080164
0.6326530612244896,1.0,36.10496251301653
0.6734693877551019,1.0,29.96617853764599
0.7142857142857142,1.0,24.071636817992516
0.7551020408163265,1.0,18.534576301940003
0.7959183673469385,1.0,13.474897051953771
0.8367346938775508,1.0,9.019160245080467
0.8775510204081631,1.0,5.300588172948217
0.9183673469387754,1.0,2.459064241766548
0.9591836734693876,1.0,0.6411329723263653
1.0,1.0,0.0
