x1,x2,y
-0.792290434,0.473411377,0.695230039
1.673767582,0.772805773,2.384765719
1.125176142,0.842114395,2.497094577
-1.557646356,0.00726585,2.092280269
1.988138631,0.040550229,3.660227463
1.516800097,0.599740822,2.134849806
-0.864366249,-0.371098617,1.801077765
1.347586319,0.674764725,2.252101639
-1.574321873,-0.011716707,2.106789578
1.996418922,-0.768286551,1.186693462
0.662738944,-0.855881706,0.029072084
0.600500062,0.683986422,0.599834397
-1.638237092,-0.888864166,2.845719336
1.588133596,-0.438777128,0.759317359
-1.884001987,-0.331739919,2.880039094
-1.036687768,-0.65401111,1.986004804
-1.427912499,-0.37221326,2.305054564
1.107071763,0.485385133,2.178646872
-1.207183091,-0.970634313,3.354667553
1.642552909,0.654346849,2.147541074
0.625076157,0.713096047,0.708201517
-1.855349158,-0.255476854,2.711822111
-1.978280663,-0.692774202,3.842917645
-1.793368332,0.201680816,1.714120947
0.423700711,-0.760654888,-0.645242381
1.205927243,-0.270161278,1.804564984
-1.045788717,0.916858362,0.804167278
1.397635372,0.990928945,3.599084421
-1.771072239,0.544209783,0.374708776
1.203855415,-0.37807698,1.455759895
1.711181721,0.375330098,2.2339283
1.088433596,0.410812731,2.231666175
0.792483136,-0.22431661,1.397491863
1.351920875,0.281777269,2.419479536
-1.839394802,-0.97854471,4.041746075
-1.192871557,-0.581884683,2.198464363
-1.500305283,0.050176606,2.07994456
0.018123961,-0.672497391,-1.001755428
0.980752513,-0.668186264,0.557351681
0.520047378,0.672608581,0.293641499
1.404524399,0.978266005,3.486920248
-1.37914803,0.111938856,2.100700811
0.938484368,0.678139462,1.764592525
-1.227834037,0.980643329,1.04804439
-0.916964995,-0.716808223,1.734829787
0.839618789,-0.103508773,1.763681477
1.92081914,-0.214854568,2.324209255
0.446174424,-0.839901433,-0.490235138
-1.78199874,0.510660346,0.518656854
0.46523588,-0.132441945,0.640227017
-1.830597794,-0.061346132,2.463100746
1.536582845,-0.698654052,0.051911785
0.83831314,-0.638146696,0.389071872
-1.307488614,0.814207244,0.407871552
-1.633115977,-0.910701822,2.975526082
-1.265867084,-0.53429543,2.24938002
1.920108718,-0.415881339,1.536558574
-0.16575743,-0.019604915,0.110036557
1.136323793,0.172890346,2.46172394
0.545633368,-0.013420048,1.005483554
0.2896526,-0.831769331,-0.772703959
-1.419478981,-0.512665092,2.213401583
1.784097814,0.68717677,2.434466035
-0.79462947,0.275177401,1.273751422
0.312068863,0.2982981,0.138772448
0.799103778,0.340406511,1.646974318
0.596932621,0.525806038,0.687488014
1.762377639,-0.883783037,-0.08865824
-1.40624404,-0.26678323,2.386335146
0.033410954,0.079054871,-0.017738607
-0.383862437,-0.323087033,0.294937593
-0.103325082,0.688957747,-1.026153375
-1.523129895,-0.034854983,2.187611662
-1.463621561,0.537255179,0.601076567
-0.887697817,0.704031034,0.386237154
-0.781181585,0.009582966,1.726839783
-0.288387145,0.819104488,-0.801012883
0.443950188,0.174247881,0.668939817
0.53851647,0.700548598,0.369117485
-0.352756414,-0.318818409,0.213084495
-0.364867562,-0.002366083,0.496922126
-1.129485893,0.062822082,2.290596692
0.353224994,-0.790040568,-0.750366933
-0.731836355,-0.202894987,1.581761356
-1.855760663,0.834675345,0.089764841
-0.326399823,0.261664481,0.062186429
-0.1034693,-0.644986835,-0.862461753
-1.097628527,-0.322288729,2.335323886
0.289831732,-0.616793981,-0.800194274
0.263087602,-0.950353736,-0.33292457
0.808008724,0.854920917,1.713174757
0.591793929,-0.103585343,1.05386493
0.609732226,-0.384929855,0.474399839
-0.735143393,0.196954383,1.307074751
1.149728888,-0.985371087,1.142274845
0.196577534,-0.443955787,-0.5688159
-0.274327219,0.406066931,-0.372930645
0.504049924,0.267539546,0.755214527
-0.557370662,0.963611895,0.247493554
0.050956978,0.240715419,-0.195707232
0.401391441,0.342227615,0.315098892
1.27955124,0.485858955,2.283037506
0.134688412,-0.786367627,-0.977990185
1.754706449,0.613074414,2.274786702
-0.990172532,0.810701084,0.513422376
0.702795883,-0.672267348,0.040310927
0.464256431,0.851945515,0.367402247
0.464451127,-0.737522614,-0.566334191
0.468754139,-0.775714404,-0.541154064
0.881774083,0.393905306,1.820229091
-1.231294479,-0.183861286,2.494780426
-1.850336677,-0.561067674,2.631830262
-0.945471237,-0.59660493,1.782777723
-1.183179677,0.83009869,0.559484429
-0.275095918,0.754219884,-0.897694257
-0.584140939,-0.029907911,1.147514998
1.754075993,0.18088018,2.326858737
-1.600236865,0.365586806,1.02150813
1.710658342,-0.067177149,1.942402491
1.724446174,-0.779523739,-0.207784768
0.845415031,-0.666245597,0.357199308
0.068108003,-0.830480026,-0.89411277
0.596424221,-0.423152913,0.331797071
-1.132268703,0.082592308,2.258324076
-1.821250655,-0.613573977,2.506316776
-0.041337262,0.867272727,-0.77467907
0.891999459,0.129197105,2.07068153
-0.187489936,-0.480790072,-0.482725546
-0.24170957,-0.215577659,0.101444096
1.545541184,-0.534268867,0.474058532
-1.457790357,-0.950184766,3.25001888
0.96492153,-0.152228585,1.935422334
1.633081942,0.125440193,2.197198798
0.980252808,-0.749068083,0.481005994
-0.234078517,-0.722530154,-0.616005309
-0.988039207,0.685323737,0.540237319
1.371519228,0.345563693,2.365594569
1.480539831,-0.403183898,1.047080894
-1.188939983,0.807932994,0.532378108
1.316039367,-0.60661558,0.631663614
1.461931783,0.07095852,2.294444439
-1.781543532,0.222231111,1.614823212
-1.089969459,-0.33090121,2.317730844
-0.212319459,-0.85040996,-0.444092437
-0.052124758,-0.966994908,-0.181567682
-1.903908549,0.618622033,0.659933163
-1.456736747,-0.255509214,2.345068321
0.373476471,0.152355863,0.484193095
0.451137252,-0.231479228,0.422647458
-1.350781766,0.181036523,1.960606487
-0.422800234,0.647402042,-0.597723086
1.9650794,0.58338542,3.574159582
0.810768572,0.889038878,1.874756598
0.50919419,-0.206326577,0.633657601
1.580921316,-0.22463379,1.536720749
0.717766324,-0.110813833,1.420899899
-1.229206923,0.041233338,2.341907523
-1.768277172,-0.365742889,2.349111388
0.571803147,0.155633412,1.089443258
1.546552146,0.887816095,2.81996735
1.947937809,0.438015378,3.386017777
1.735469347,0.57250397,2.217097025
-1.592257491,-0.643996607,2.12951618
1.691612585,-0.953702402,0.118611634
-1.581306948,0.37707664,0.999047786
1.980259867,-0.448875146,1.961020398
1.153983538,0.989022423,3.445711091
-1.717101488,0.639996107,0.015476108
0.778412805,0.682945986,1.262977786
-1.808815431,-0.584758115,2.439562346
0.335589561,0.880517672,0.023000467
1.995437827,0.208689977,3.925442176
-0.8306057,-0.420272713,1.636900103
1.051663939,-0.403632837,1.336176072
-0.585037693,-0.763037554,0.609881107
-1.157779686,0.334569391,1.606365494
0.551899418,0.135272054,1.035761957
1.096450822,0.046768197,2.3954265
-1.632750299,0.958564905,0.191024864
-1.709922538,0.589103605,0.160869513
1.490368393,0.752714095,2.316454353
-0.978314369,-0.4553964,1.984974604
0.35186364,0.514887516,-0.134459984
1.159965744,-0.510023436,1.030729251
1.593316486,-0.149902378,1.747580905
-1.593485515,-0.757471431,2.302952573
-1.808673806,-0.787998838,2.765161339
1.274150245,0.547309412,2.243388154
-1.043968203,-0.218876706,2.342639363
1.763616241,-0.364094375,1.053454595
-1.730376355,0.248270082,1.436755295
1.48817089,0.776841304,2.378401865
-0.814433658,0.887148405,0.433576449
-1.412942608,-0.034479589,2.312070601
0.470816309,0.581108666,0.166092706
1.39620533,0.860974584,2.721567701
0.552749808,0.537902603,0.510438951
0.764379013,0.44516557,1.391369168
-0.887613627,-0.390727527,1.840305739
-0.001434333,-0.04706077,-0.008763514
0.074608564,0.043570106,0.017872441
1.787746007,0.678571632,2.434880104
0.634649753,-0.986372013,0.560864794
1.297752936,0.404683536,2.349909366
0.809595397,-0.413309416,0.912276083
0.799634632,-0.622535047,0.338994166
-0.49196651,0.770837841,-0.493904432
1.574259363,0.944965268,3.194233925
1.359811434,-0.002853239,2.319696248
1.783960241,0.415803728,2.374786486
-0.408830222,-0.82791339,0.087487261
0.21150173,-0.527834993,-0.740823915
0.743018398,-0.61058218,0.235373544
1.717682402,0.30580656,2.268533897
0.972679889,0.213824752,2.220431673
-0.945449427,0.689049721,0.486726366
-1.114937176,0.147682837,2.11759472
0.295913441,0.262353273,0.155647684
-1.180280943,0.415562586,1.336118739
0.281617919,0.140532935,0.266330919
0.915135771,0.566780362,1.719326287
-0.077544639,-0.444493879,-0.575711072
-1.237722023,0.910983421,0.705567881
1.521434974,0.474431631,2.165377602
-1.533719159,0.771044928,-0.018925277
-0.640551706,-0.596085934,0.776268083
1.933185284,-0.925515286,0.736957272
-0.908168904,0.200672051,1.720745888
0.835501251,0.508783119,1.540007128
0.266257338,-0.595614084,-0.801067065
0.002771729,-0.943579318,-0.39311733
0.227182924,0.517198167,-0.465364985
1.715223927,0.994131728,3.738658359
-0.065767919,-0.198739462,-0.121416229
0.025717093,0.615516178,-0.922826719
0.436496196,-0.871865425,-0.421666745
-0.906257907,-0.597883397,1.676450214
-0.333099754,0.640422525,-0.762602254
-1.978883419,0.750802632,1.008165434
1.719065858,-0.05768454,1.971423065
-0.389999735,-0.720635187,-0.156470227
1.80265409,0.847350072,2.978637482
0.011291731,0.91735634,-0.522525941
1.030262349,-0.923590454,0.82536073
-0.757814738,-0.283290163,1.587113919
-1.368478562,0.385616608,1.281204689
-0.223476663,0.586310828,-0.838812513
-1.75307678,0.149592329,1.784519943
-0.794447216,0.052318773,1.719380715
-1.151371136,-0.642023283,2.158759886
1.630319688,-0.26701751,1.354955912
-0.996206145,-0.706410277,1.930945581
1.042619569,0.429563249,2.14083117
-1.059901867,0.272393471,1.752443343
0.544762299,0.482081152,0.559882723
-0.583036375,-0.574441453,0.580700401
1.219026614,0.68034507,2.235454099
-0.993511499,-0.491432585,1.978321193
1.876609655,-0.903534588,0.305696194
-0.163744883,0.99345835,-0.108409259
0.920732232,-0.339536741,1.36425587
-0.95664053,0.311815551,1.507943988
1.79141305,-0.228029384,1.620418308
0.43970549,0.957478787,0.813056286
-1.119885888,0.178397845,2.048035347
-1.343950925,0.257007483,1.745838309
0.711479476,0.826034634,1.250630024
0.989682675,-0.105646351,2.067741656
-0.046184085,-0.69679435,-0.958458455
1.923071857,0.04612245,3.011685792
-0.872967465,0.913529373,0.62640651
-1.326868898,-0.017791667,2.374468921
-1.267769844,0.634077683,0.622657501
1.341031963,-0.103116721,2.160159043
0.21719939,-0.953919485,-0.350850432
-1.264731325,0.339679081,1.551527601
1.679851589,0.960396663,3.382306367
-0.768921054,-0.070463672,1.734184593
0.852238873,0.492249068,1.61028452
-1.908682891,-0.782241894,3.361199006
1.461560149,0.136851298,2.337697235
1.592635575,0.53029805,2.110797316
-0.425051286,0.005061079,0.653840056
0.279946203,-0.341759431,-0.207561698
1.786682947,-0.718113418,-0.069535104
1.814222382,-0.348460032,1.242327389
-0.768916237,0.915946324,0.455034877
-0.31801781,-0.154331303,0.339483297
-0.334093467,-0.030238919,0.427222496
-1.280594512,0.341851888,1.53157315
-1.179831877,0.264302157,1.826246599
-0.174329937,-0.638607741,-0.735049343
1.051477084,0.09175795,2.369028564
1.618509663,0.565040559,2.104904695
-0.891446356,0.937691446,0.75928272
0.348398186,0.170253982,0.40191248
-0.105225593,-0.417294613,-0.4873047
0.268304383,0.509470791,-0.35487134
0.432343529,0.865469732,0.298747526
1.600524265,0.888092059,2.824334715
0.223296767,-0.084774177,0.146796309
0.135215419,0.472418702,-0.5571703
0.489695719,0.811436688,0.340800491
-0.544946804,-0.777366544,0.478536425
0.377264248,0.300172906,0.313038055
0.945652318,0.080051116,2.186278489
1.565852335,0.062130873,2.17815493
-1.713941099,-0.93350798,3.230301585
-0.893389448,0.64070171,0.48393321
0.827394606,0.557967714,1.465149162
-0.200092977,-0.652134898,-0.690376089
1.766000759,-0.858535277,-0.130585849
-1.340652272,-0.973763247,3.449910516
-1.168659092,-0.121881629,2.478994195
-1.519051996,-0.030402802,2.186385631
-1.18908297,0.017007869,2.378264924
-0.08794567,-0.398585604,-0.468656441
-0.371849069,-0.587327581,-0.17162727
0.703035854,-0.638623385,0.089270465
-0.198531813,-0.403253928,-0.310205771
-0.106678352,-0.631586561,-0.846490225
0.968995293,0.307435433,2.13589025
1.425669557,0.626835953,2.19308143
-1.358057291,-0.008275873,2.336222643
-1.911415836,-0.621921296,3.078825211
-1.896377701,-0.215298796,2.960586288
-0.840242281,0.130269626,1.718407074
-1.758587116,-0.755071119,2.492570988
-0.911859526,0.914903816,0.68583686
0.865692063,0.382439725,1.790161761
1.065713494,0.752163441,2.141376762
1.515199075,-0.235406049,1.582146352
-0.703364256,-0.416487733,1.224723542
1.86076764,-0.527227927,0.726571387
-0.028659365,0.126556099,-0.063382675
1.241999854,0.420033067,2.337287465
-1.856635553,-0.04726552,2.567372575
1.798382756,0.93804589,3.511662598
-0.428334456,0.563566928,-0.443075974
-0.838009183,0.672020244,0.335035011
0.611079142,0.191233029,1.194129474
-1.186068121,-0.298425226,2.428622632
1.487613937,0.649486052,2.170778227
0.820383305,-0.152125197,1.627275905
0.51694769,-0.993899662,0.363474506
-1.294306963,0.741142689,0.425061415
0.123338364,0.933198658,-0.27438842
1.721344841,-0.711644111,-0.138394551
1.6663418,0.958318316,3.348877962
0.160464687,-0.730239819,-1.011146363
0.547288247,-0.476037277,0.057089223
-0.424106597,-0.839054166,0.175798074
1.441434988,-0.239057264,1.675009784
-1.079709621,0.914197625,0.801105315
1.290559096,-0.345708753,1.509711576
-1.707888681,-0.746996118,2.362023281
-1.474421432,-0.778074467,2.387474224
-1.808493571,-0.052599978,2.364884127
-0.968190635,0.907719133,0.71979411
-0.931459296,0.279047387,1.560237454
1.157150486,-0.662035283,0.640263534
1.817859912,-0.534359135,0.527361544
0.315715206,-0.474142508,-0.468608025
-1.023764895,0.719436214,0.534005544
-1.182683484,0.781404483,0.523333813
-1.608735255,0.609999888,0.14875854
-0.506557632,0.10729887,0.793887188
-0.515382452,0.236563433,0.587318162
-0.545170014,-0.056670944,1.030181433
1.239536981,0.762100797,2.368161449
-0.767613441,0.215841077,1.352659071
-1.272465341,0.233741054,1.882058056
-1.458793509,-0.018728327,2.240413447
1.854156671,0.359767363,2.692072598
0.176594112,0.414051372,-0.372360721
1.554572481,0.248103719,2.261372271
0.993693292,0.597312417,1.898690633
0.265171575,0.872521827,-0.224536445
0.019694517,0.156638784,-0.091098726
-0.16324102,-0.992422204,0.207628788
-1.697348984,-0.06873379,2.162439066
1.435296443,-0.777220511,0.170129536
-1.003492816,0.793980831,0.510146226
-1.09190634,-0.538226897,2.113467289
1.805718263,0.065982331,2.373084372
1.571672637,-0.381566728,0.993860869
-0.846074692,0.121243883,1.749021652
-1.598071058,0.377315812,0.979714005
-0.701727095,0.69534289,0.013427408
0.597218553,0.261055004,1.076541651
-1.024113703,0.554567396,0.8500143
1.434321348,0.748464076,2.331523567
-1.075207802,-0.763713149,2.181541518
0.818767371,-0.061905811,1.772228373
0.49936188,0.657874649,0.218617863
-1.217732536,0.680525198,0.57742316
0.345528552,-0.810273942,-0.733755012
-0.530924968,0.384320944,0.260539524
-0.669997612,-0.320068025,1.249221208
-1.206670743,-0.97417125,3.382952774
-1.564991612,0.224604104,1.5539103
0.744920847,0.740405261,1.190784639
-0.342436576,0.084219429,0.383702297
0.320418112,-0.275133142,0.02086666
-0.421551432,-0.284611176,0.468586993
-1.690811462,0.664540367,-0.049444218
0.268029118,0.836241967,-0.340335775
-1.901201953,-0.02422868,2.806842996
-0.312193616,-0.205199692,0.272945648
-0.856661812,-0.850325952,1.863692472
-0.055543099,0.551962386,-0.865710541
-0.580694209,0.289616086,0.64727123
1.426122577,-0.869598706,0.275438235
-0.241925375,0.070032909,0.190519848
0.758562783,0.151815563,1.694951403
-1.387902288,0.020211253,2.265795848
1.681971159,-0.561396793,0.248654123
-0.188601592,-0.079002118,0.129730591
1.340590217,-0.514887423,0.871341304
0.129431843,-0.605469432,-0.940754952
1.460561517,0.780414991,2.399793449
-0.847682041,-0.365555049,1.760409367
1.023555807,0.712656453,1.998695301
-0.205835297,-0.530304564,-0.533662579
0.856101105,-0.788427224,0.319027944
1.314779063,0.579739791,2.23087022
-1.007165815,-0.411188482,2.096790995
1.981219534,-0.444525746,1.989626865
0.21835835,-0.707433854,-0.968489802
-0.789376295,-0.415135015,1.514883844
-1.492189769,-0.372787036,2.252397565
1.233088079,-0.854606057,0.557167997
-0.137965751,0.707310184,-1.022204616
1.258854702,-0.289189907,1.721066066
-0.637668173,0.899417397,0.109952896
1.123948358,0.632661795,2.124657415
1.357038363,-0.808947805,0.323788895
0.819345125,-0.714402506,0.254818419
-1.107892267,-0.493353333,2.172261746
-1.736478194,-0.953325471,3.430351038
1.791735993,0.609850743,2.385350028
1.433824462,0.15534246,2.372609732
-1.6000024,0.152818763,1.734100683
-0.716437582,-0.390518207,1.307737685
1.175397399,0.707887578,2.229005352
-0.334427001,-0.185071604,0.35114375
0.949797031,-0.88336242,0.619495229
-1.821983631,-0.229284341,2.549199788
1.503718936,0.254676574,2.301664277
-0.310886114,0.631870237,-0.788560478
1.322691809,0.579225588,2.229723022
0.239574989,-0.14697222,0.102981838
-1.451147287,0.804127017,0.142693665
-0.352589713,0.956387092,-0.183924341
1.661834967,0.362762985,2.197012647
1.843754997,0.112666371,2.5822062
-0.529027559,-0.521656351,0.445978462
-1.915638666,0.403167164,1.554773709
1.970778594,-0.218611243,2.774229465
1.298038931,-0.69204171,0.475828203
1.785727016,0.21498383,2.417435125
-0.805843381,0.648216605,0.306368606
1.170071981,-0.177910406,2.064743537
1.013695526,0.343779239,2.186187387
0.322787546,0.623772216,-0.355104786
-0.30783218,-0.258584977,0.190489487
0.72622605,0.709021663,1.089330544
-0.622498889,-0.313782974,1.094347162
0.068520129,0.666823072,-0.923322263
-0.248427727,0.47293688,-0.573110998
1.086690092,0.285908158,2.354474976
-1.139289285,-0.612420568,2.143030737
-1.873183513,-0.415808121,2.787313247
-0.745936457,-0.681146394,1.146226085
-1.01336097,0.837436669,0.567525594
-0.580788211,-0.708883494,0.534848782
-0.902827767,0.798288103,0.400345733
-0.927047087,-0.222725059,2.116094076
-0.85904537,-0.953328282,2.429706563
-0.603901867,0.324878919,0.621829584
1.29545458,-0.755917249,0.415064118
-0.440103475,0.443092741,-0.127745261
1.261620591,0.156379755,2.492494265
1.364004524,-0.605317999,0.565341591
0.641390355,-0.414898164,0.477195703
1.622781376,-0.713318358,-0.099357927
0.048101238,-0.640349736,-0.989192332
1.315733506,0.454631331,2.302797364
0.579496842,-0.109763903,1.007847511
-0.004701399,0.301403863,-0.331695025
-1.482000139,0.265047074,1.53274552
-1.460197568,-0.754020106,2.332631277
-0.332539527,0.966169181,-0.152558738
1.719771052,0.04394824,2.152506676
1.202037304,-0.479153453,1.117407718
1.410312653,0.382077359,2.311221741
0.855567296,0.884406392,2.008663284
0.82362327,0.336916334,1.726106888
1.399059013,-0.040475198,2.2203432
-0.088712604,0.952260625,-0.391181786
1.969718812,0.942242608,4.83311812
0.360029063,0.04052348,0.491958129
-0.785106522,0.524262083,0.536927341
1.154361903,0.897627717,2.800068044
0.355004262,0.875126174,0.064794431
0.541888816,0.460547421,0.58304035
1.278093157,-0.799725853,0.439205927
0.406693228,0.618464661,-0.087592042
-0.055297891,-0.454044163,-0.61730357
-1.62476078,-0.710093729,2.210910174
1.145305642,0.142797495,2.469566113
0.392782093,0.491323579,0.028832989
0.605008503,-0.936786048,0.20259382
0.986344209,-0.726464354,0.497353695
1.669888511,0.940102611,3.211561741
-0.525321694,-0.368525845,0.67505858
-1.599863474,-0.99820304,3.652609488
0.299187032,0.935695894,0.185493832
0.544972273,-0.606818272,-0.249765175
0.451822846,-0.670486796,-0.560866975
1.692063467,0.138333677,2.220237864
1.541164667,-0.774509224,-0.033635285
0.551359363,0.079653857,1.049983163
0.590007653,-0.280918874,0.695524239
0.426093948,-0.022691524,0.64727032
-1.41335147,-0.645578308,2.207778198
-0.722371127,0.957715214,0.567280499
-0.794363014,0.08702823,1.672432249
0.902795404,-0.461800024,0.957594432
-0.098555517,0.183187566,-0.109125472
-1.257137274,-0.852819536,2.671050063
-0.841543525,-0.346323396,1.767171463
-1.338358387,0.058313425,2.251191712
1.206694183,0.845291454,2.605090077
-0.623763921,-0.892324797,1.165693139
0.238034222,0.902227703,-0.170857701
-0.286619887,0.892575651,-0.589110833
1.549762136,-0.606928954,0.240154822
0.56637785,-0.793519141,-0.304127908
0.655724948,-0.085333574,1.273282824
-0.760855277,0.842337685,0.21122535
-1.236116447,0.362057914,1.494982867
0.090725297,0.647457844,-0.88236348
0.500305168,0.032137328,0.886829268
1.531596135,0.575335133,2.125587711
0.125412669,0.584595014,-0.764118665
0.645195806,0.189343823,1.309153563
1.115970383,0.219417454,2.429891601
1.961833744,-0.789035189,0.803899872
1.403604624,-0.368573705,1.291625129
-0.517123639,0.956585593,0.120280089
-0.751463522,-0.848133334,1.478923315
-1.021429774,-0.174397095,2.326128415
-0.445619281,-0.761884518,0.079518594
-1.822491381,-0.165292928,2.527619625
0.121073831,0.126029751,0.010919341
-1.804299278,0.375017083,1.106429794
-0.541691257,-0.574164203,0.428403863
-0.612703072,-0.645529716,0.646572421
-0.891703569,-0.503215273,1.71271824
-1.468062885,-0.875525384,2.772931179
-0.131714927,0.853605973,-0.834556908
1.563739042,-0.799551551,-0.074534824
1.554938125,-0.889982281,0.063739429
1.412050637,0.568879283,2.19682889
-0.184573604,0.486659626,-0.678961104
1.738564131,-0.80216708,-0.202776183
-1.573549124,0.407417525,0.894705654
1.343128665,-0.109826479,2.143540397
-1.08991876,-0.059258063,2.397627029
-1.599978131,-0.83172854,2.547713254
-1.637345079,-0.222423074,2.229256797
0.309832578,0.455309637,-0.151325453
-1.497490539,-0.105980373,2.282830018
1.345910844,0.945504882,3.229733277
-0.925185167,-0.775108454,1.852047393
0.486030406,0.130546906,0.828552513
1.377228463,-0.936474999,0.585262686
0.458180983,-0.615410796,-0.472889253
0.115464321,0.098935336,0.025609502
0.866957079,0.391436204,1.78202955
-0.136751103,-0.322513498,-0.254608084
-1.070117956,-0.195339911,2.389528605
-0.888419595,-0.831825934,1.899173219
1.341787113,0.620210561,2.225277052
1.384411645,0.673833129,2.240447043
0.928787719,-0.13655301,1.90180947
-1.697768851,0.407612774,0.81866441
-1.156799544,-0.739747818,2.255629433
-1.667651288,0.785263332,-0.203060229
1.781624112,-0.490165015,0.595307639
-0.192177849,-0.330631477,-0.181045968
0.444274647,-0.582020291,-0.444298043
-0.36777067,-0.461774334,0.002190965
-0.4773467,-0.946866259,0.887359953
-1.699813505,-0.405432996,2.20604549
-0.672667298,0.998131432,0.724563647
1.681921015,-0.506972222,0.439701235
0.515224178,-0.979208703,0.257738817
0.33595078,-0.132353372,0.311874601
-2.0,-1.0,5.733333333333331
-1.9183673469387756,-1.0,4.811616112475555
-1.836734693877551,-1.0,4.229169076541582
-1.7551020408163265,-1.0,3.8932437501795416
-1.673469387755102,-1.0,3.7268428793245834
-1.5918367346938775,-1.0,3.667157940681475
-1.510204081632653,-1.0,3.6640776735034617
-1.4285714285714286,-1.0,3.678767633667378
-1.3469387755102042,-1.0,3.682320770044977
-1.2653061224489797,-1.0,3.654479023170536
-1.183673469387755,-1.0,3.582425946204693
-1.1020408163265307,-1.0,3.45965034819452
-1.020408163265306,-1.0,3.2848809596298567
-0.9387755102040818,-1.0,3.0610921202958816
-0.8571428571428572,-1.0,2.7945804894219246
-0.7755102040816328,-1.0,2.494112778126534
-0.6938775510204083,-1.0,2.170144504158775
-0.6122448979591837,-1.0,1.8341097689357888
-0.5306122448979593,-1.0,1.497782056876586
-0.4489795918367347,-1.0,1.1727060570320824
-0.3673469387755104,-1.0,0.8697005070113933
-0.2857142857142858,-1.0,0.5984320592043567
-0.2040816326530614,-1.0,0.3670601693003149
-0.1224489795918368,-1.0,0.1819530071031291
-0.0408163265306122,-1.0,0.0474743896424502
0.0408163265306122,-1.0,-0.0341582634187742
0.1224489795918364,-1.0,-0.0629449520805445
0.204081632653061,-1.0,-0.0411030960058082
0.2857142857142856,-1.0,0.0270034877757848
0.3673469387755101,-1.0,0.1350066294603722
0.4489795918367343,-1.0,0.2747468733586119
0.5306122448979589,-1.0,0.4365575670806663
0.6122448979591835,-1.0,0.6096199730174208
0.693877551020408,-1.0,0.7823894021179576
0.7755102040816326,-1.0,0.9430923699632674
0.8571428571428568,-1.0,1.0802947751362095
0.9387755102040812,-1.0,1.1835410998877176
1.020408163265306,-1.0,1.2440646330992444
1.1020408163265305,-1.0,1.2555687155414588
1.1836734693877546,-1.0,1.2150790074291833
1.2653061224489792,-1.0,1.1238667782725775
1.3469387755102038,-1.0,0.9884432190245684
1.4285714285714284,-1.0,0.8216247765245206
1.510204081632653,-1.0,0.6436695102381558
1.591836734693877,-1.0,0.4834844712937203
1.6734693877551017,-1.0,0.37990410381438
1.7551020408163265,-1.0,0.383039668546886
1.8367346938775508,-1.0,0.5556996887864818
1.9183673469387756,-1.0,0.9748814185980036
2.0,-1.0,1.7333333333333307
-2.0,-0.9591836734693876,5.357412638065619
-1.9183673469387756,-0.9591836734693876,4.43902736223075
-1.836734693877551,-0.9591836734693876,3.859912271319684
-1.7551020408163265,-0.9591836734693876,3.527318889980551
-1.673469387755102,-0.9591836734693876,3.364249964148499
-1.5918367346938775,-0.9591836734693876,3.3078969705282986
-1.510204081632653,-0.9591836734693876,3.308148648373192
-1.4285714285714286,-0.9591836734693876,3.326170553560016
-1.3469387755102042,-0.9591836734693876,3.3330556349605214
-1.2653061224489797,-0.9591836734693876,3.3085458331089885
-1.183673469387755,-0.9591836734693876,3.2398247011660524
-1.1020408163265307,-0.9591836734693876,3.1203810481787864
-1.020408163265306,-0.9591836734693876,2.9489436046370305
-0.9387755102040818,-0.9591836734693876,2.7284867103259622
-0.8571428571428572,-0.9591836734693876,2.4653070244749125
-0.7755102040816328,-0.9591836734693876,2.168171258202429
-0.6938775510204083,-0.9591836734693876,1.847534929257577
-0.6122448979591837,-0.9591836734693876,1.514832139057498
-0.5306122448979593,-0.9591836734693876,1.1818363720212022
-0.4489795918367347,-0.9591836734693876,0.8600923171996058
-0.3673469387755104,-0.9591836734693876,0.560418712201824
-0.2857142857142858,-0.9591836734693876,0.2924822094176943
-0.2040816326530614,-0.9591836734693876,0.0644422645365597
-0.1224489795918368,-0.9591836734693876,-0.1173329526377189
-0.0408163265306122,-0.9591836734693876,-0.2484796250754906
0.0408163265306122,-0.9591836734693876,-0.326780333113808
0.1224489795918364,-0.9591836734693876,-0.3522350767526712
0.204081632653061,-0.9591836734693876,-0.3270612756550278
0.2857142857142856,-0.9591836734693876,-0.2556227468505275
0.3673469387755101,-0.9591836734693876,-0.144287660143033
0.4489795918367343,-0.9591836734693876,-0.0012154712218862
0.5306122448979589,-0.9591836734693876,0.1639271675230753
0.6122448979591835,-0.9591836734693876,0.3403215184827369
0.693877551020408,-0.9591836734693876,0.5164228926061809
0.7755102040816326,-0.9591836734693876,0.6804578054743977
0.8571428571428568,-0.9591836734693876,0.8209921556702471
0.9387755102040812,-0.9591836734693876,0.9275704254446622
1.020408163265306,-0.9591836734693876,0.9914259036790962
1.1020408163265305,-0.9591836734693876,1.0062619311442176
1.1836734693877546,-0.9591836734693876,0.9691041680548492
1.2653061224489792,-0.9591836734693876,0.8812238839211506
1.3469387755102038,-0.9591836734693876,0.7491322696960487
1.4285714285714284,-0.9591836734693876,0.5856457722189079
1.510204081632653,-0.9591836734693876,0.4110224509554502
1.591836734693877,-0.9591836734693876,0.2541693570339218
1.6734693877551017,-0.9591836734693876,0.1539209345774887
1.7551020408163265,-0.9591836734693876,0.1603884443329017
1.8367346938775508,-0.9591836734693876,0.3363804095954048
1.9183673469387756,-0.9591836734693876,0.7588940844298337
2.0,-0.9591836734693876,1.520677944188068
-2.0,-0.9183673469387756,5.041758376973172
-1.9183673469387756,-0.9183673469387756,4.12670504616121
-1.836734693877551,-0.9183673469387756,3.550921900273051
-1.7551020408163265,-0.9183673469387756,3.2216604639568263
-1.673469387755102,-0.9183673469387756,3.0619234831476807
-1.5918367346938775,-0.9183673469387756,3.008902434550388
-1.510204081632653,-0.9183673469387756,3.012486057418189
-1.4285714285714286,-0.9183673469387756,3.0338399076279194
-1.3469387755102042,-0.9183673469387756,3.044056934051332
-1.2653061224489797,-0.9183673469387756,3.022879077222706
-1.183673469387755,-0.9183673469387756,2.957489890302677
-1.1020408163265307,-0.9183673469387756,2.841378182338318
-1.020408163265306,-0.9183673469387756,2.6732726838194694
-0.9387755102040818,-0.9183673469387756,2.4561477345313083
-0.8571428571428572,-0.9183673469387756,2.1962999937031653
-0.7755102040816328,-0.9183673469387756,1.902496172453589
-0.6938775510204083,-0.9183673469387756,1.585191788531644
-0.6122448979591837,-0.9183673469387756,1.2558209433544725
-0.5306122448979593,-0.9183673469387756,0.9261571213410836
-0.4489795918367347,-0.9183673469387756,0.6077450115423942
-0.3673469387755104,-0.9183673469387756,0.3114033515675195
-0.2857142857142858,-0.9183673469387756,0.0467987938062971
-0.2040816326530614,-0.9183673469387756,-0.1779092060519304
-0.1224489795918368,-0.9183673469387756,-0.3563524782033019
-0.0408163265306122,-0.9183673469387756,-0.4841672056181665
0.0408163265306122,-0.9183673469387756,-0.5591359686335768
0.1224489795918364,-0.9183673469387756,-0.581258767249533
0.204081632653061,-0.9183673469387756,-0.5527530211289824
0.2857142857142856,-0.9183673469387756,-0.4779825473015749
0.3673469387755101,-0.9183673469387756,-0.3633155155711733
0.4489795918367343,-0.9183673469387756,-0.2169113816271194
0.5306122448979589,-0.9183673469387756,-0.0484367978592508
0.6122448979591835,-0.9183673469387756,0.1312894981233179
0.693877551020408,-0.9183673469387756,0.310722817269669
0.7755102040816326,-0.9183673469387756,0.4780896751607931
0.8571428571428568,-0.9183673469387756,0.6219559703795493
0.9387755102040812,-0.9183673469387756,0.7318661851768716
1.020408163265306,-0.9183673469387756,0.7990536084342127
1.1020408163265305,-0.9183673469387756,0.8172215809222413
1.1836734693877546,-0.9183673469387756,0.78339576285578
1.2653061224489792,-0.9183673469387756,0.6988474237449885
1.3469387755102038,-0.9183673469387756,0.5700877545427937
1.4285714285714284,-0.9183673469387756,0.4099332020885601
1.510204081632653,-0.9183673469387756,0.2386418258480095
1.591836734693877,-0.9183673469387756,0.0851206769493883
1.6734693877551017,-0.9183673469387756,-0.0117958004841377
1.7551020408163265,-0.9183673469387756,-0.0019963457058175
1.8367346938775508,-0.9183673469387756,0.1773275645795925
1.9183673469387756,-0.9183673469387756,0.6031731844369287
2.0,-0.9183673469387756,1.36828898921807
-2.0,-0.8775510204081632,4.780242324641096
-1.9183673469387756,-0.8775510204081632,3.868520938852041
-1.836734693877551,-0.8775510204081632,3.2960697379867896
-1.7551020408163265,-0.8775510204081632,2.970140246693471
-1.673469387755102,-0.8775510204081632,2.8137352109072338
-1.5918367346938775,-0.8775510204081632,2.7640461073328475
-1.510204081632653,-0.8775510204081632,2.7709616752235555
-1.4285714285714286,-0.8775510204081632,2.7956474704561933
-1.3469387755102042,-0.8775510204081632,2.8091964419025133
-1.2653061224489797,-0.8775510204081632,2.791350530096794
-1.183673469387755,-0.8775510204081632,2.7292932881996723
-1.1020408163265307,-0.8775510204081632,2.616513525258221
-1.020408163265306,-0.8775510204081632,2.451739971762279
-0.9387755102040818,-0.8775510204081632,2.237946967497025
-0.8571428571428572,-0.8775510204081632,1.9814311716917892
-0.7755102040816328,-0.8775510204081632,1.6909592954651198
-0.6938775510204083,-0.8775510204081632,1.376986856566082
-0.6122448979591837,-0.8775510204081632,1.0509479564118176
-0.5306122448979593,-0.8775510204081632,0.7246160794213361
-0.4489795918367347,-0.8775510204081632,0.4095359146455539
-0.3673469387755104,-0.8775510204081632,0.1165261996935862
-0.2857142857142858,-0.8775510204081632,-0.1447464130447289
-0.2040816326530614,-0.8775510204081632,-0.3661224678800494
-0.1224489795918368,-0.8775510204081632,-0.5412337950085138
-0.0408163265306122,-0.8775510204081632,-0.6657165774004713
0.0408163265306122,-0.8775510204081632,-0.7373533953929745
0.1224489795918364,-0.8775510204081632,-0.7561442489860234
0.204081632653061,-0.8775510204081632,-0.7243065578425658
0.2857142857142856,-0.8775510204081632,-0.6462041389922513
0.3673469387755101,-0.8775510204081632,-0.5282051622389425
0.4489795918367343,-0.8775510204081632,-0.3784690832719815
0.5306122448979589,-0.8775510204081632,-0.2066625544812057
0.6122448979591835,-0.8775510204081632,-0.0236043134757298
0.693877551020408,-0.8775510204081632,0.1591609506935283
0.7755102040816326,-0.8775510204081632,0.3298597536075593
0.8571428571428568,-0.8775510204081632,0.477057993849223
0.9387755102040812,-0.8775510204081632,0.5903001536694523
1.020408163265306,-0.8775510204081632,0.6608195219497006
1.1020408163265305,-0.8775510204081632,0.6823194394606364
1.1836734693877546,-0.8775510204081632,0.6518255664170822
1.2653061224489792,-0.8775510204081632,0.5706091723291977
1.3469387755102038,-0.8775510204081632,0.4451814481499101
1.4285714285714284,-0.8775510204081632,0.2883588407185835
1.510204081632653,-0.8775510204081632,0.1203994095009401
1.591836734693877,-0.8775510204081632,-0.029789794374774
1.6734693877551017,-0.8775510204081632,-0.1233743267853928
1.7551020408163265,-0.8775510204081632,-0.1102429269841656
1.8367346938775508,-0.8775510204081632,0.0724129283241516
1.9183673469387756,-0.8775510204081632,0.5015904932043949
2.0,-0.8775510204081632,1.2700382430084434
-2.0,-0.8367346938775511,4.567002700237756
-1.9183673469387756,-0.8367346938775511,3.6586132594716094
-1.836734693877551,-0.8367346938775511,3.089494003629264
-1.7551020408163265,-0.8367346938775511,2.766896457358853
-1.673469387755102,-0.8367346938775511,2.6138233665955224
-1.5918367346938775,-0.8367346938775511,2.567466208044044
-1.510204081632653,-0.8367346938775511,2.5777137209576586
-1.4285714285714286,-0.8367346938775511,2.605731461213203
-1.3469387755102042,-0.8367346938775511,2.6226123776824304
-1.2653061224489797,-0.8367346938775511,2.608098410899619
-1.183673469387755,-0.8367346938775511,2.549373114025404
-1.1020408163265307,-0.8367346938775511,2.439925296106859
-1.020408163265306,-0.8367346938775511,2.2784836876338246
-0.9387755102040818,-0.8367346938775511,2.068022628391478
-0.8571428571428572,-0.8367346938775511,1.8148387776091492
-0.7755102040816328,-0.8367346938775511,1.5276988464053871
-0.6938775510204083,-0.8367346938775511,1.2170583525292562
-0.6122448979591837,-0.8367346938775511,0.8943513973978989
-0.5306122448979593,-0.8367346938775511,0.5713514654303247
-0.4489795918367347,-0.8367346938775511,0.2596032456774495
-0.3673469387755104,-0.8367346938775511,-0.030074524251611
-0.2857142857142858,-0.8367346938775511,-0.2880151919670192
-0.2040816326530614,-0.8367346938775511,-0.5060593017794326
-0.1224489795918368,-0.8367346938775511,-0.6778386838849898
-0.0408163265306122,-0.8367346938775511,-0.7989895212540401
0.0408163265306122,-0.8367346938775511,-0.8672943942236362
0.1224489795918364,-0.8367346938775511,-0.8827533027937781
0.204081632653061,-0.8367346938775511,-0.8475836666274132
0.2857142857142856,-0.8367346938775511,-0.7661493027541917
0.3673469387755101,-0.8367346938775511,-0.6448183809779757
0.4489795918367343,-0.8367346938775511,-0.4917503569881076
0.5306122448979589,-0.8367346938775511,-0.3166118831744248
0.6122448979591835,-0.8367346938775511,-0.1302216971460418
0.693877551020408,-0.8367346938775511,0.0558755120461235
0.7755102040816326,-0.8367346938775511,0.2299062599830619
0.8571428571428568,-0.8367346938775511,0.3804364452476325
0.9387755102040812,-0.8367346938775511,0.4970105500907689
1.020408163265306,-0.8367346938775511,0.5708618633939242
1.1020408163265305,-0.8367346938775511,0.595693725927767
1.1836734693877546,-0.8367346938775511,0.56853179790712
1.2653061224489792,-0.8367346938775511,0.4906473488421428
1.3469387755102038,-0.8367346938775511,0.3685515696857622
1.4285714285714284,-0.8367346938775511,0.2150609072773428
1.510204081632653,-0.8367346938775511,0.0504334210826065
1.591836734693877,-0.8367346938775511,-0.0964238377702004
1.6734693877551017,-0.8367346938775511,-0.1866764251579122
1.7551020408163265,-0.8367346938775511,-0.1702130803337778
1.8367346938775508,-0.8367346938775511,0.0157747199974465
1.9183673469387756,-0.8367346938775511,0.4482842299005969
2.0,-0.8367346938775511,1.2200639247275524
-2.0,-0.7959183673469388,4.396444167514771
-1.9183673469387756,-0.7959183673469388,3.49138667177153
-1.836734693877551,-0.7959183673469388,2.9255993609520927
-1.7551020408163265,-0.7959183673469388,2.606333759704589
-1.673469387755102,-0.7959183673469388,2.456592613964165
-1.5918367346938775,-0.7959183673469388,2.413567400435593
-1.510204081632653,-0.7959183673469388,2.427146858372116
-1.4285714285714286,-0.7959183673469388,2.458496543650567
-1.3469387755102042,-0.7959183673469388,2.478709405142701
-1.2653061224489797,-0.7959183673469388,2.4675273833827966
-1.183673469387755,-0.7959183673469388,2.412134031531489
-1.1020408163265307,-0.7959183673469388,2.3060181586358515
-1.020408163265306,-0.7959183673469388,2.147908495185724
-0.9387755102040818,-0.7959183673469388,1.9407793809662848
-0.8571428571428572,-0.7959183673469388,1.690927475206863
-0.7755102040816328,-0.7959183673469388,1.4071194890260084
-0.6938775510204083,-0.7959183673469388,1.0998109401727842
-0.6122448979591837,-0.7959183673469388,0.7804359300643342
-0.5306122448979593,-0.7959183673469388,0.4607679431196669
-0.4489795918367347,-0.7959183673469388,0.1523516683896988
-0.3673469387755104,-0.7959183673469388,-0.1339941565164544
-0.2857142857142858,-0.7959183673469388,-0.3886028792089555
-0.2040816326530614,-0.7959183673469388,-0.6033150439984617
-0.1224489795918368,-0.7959183673469388,-0.7717624810811118
-0.0408163265306122,-0.7959183673469388,-0.8895813734272551
0.0408163265306122,-0.7959183673469388,-0.954554301373944
0.1224489795918364,-0.7959183673469388,-0.9666812649211788
0.204081632653061,-0.7959183673469388,-0.9281796837319068
0.2857142857142856,-0.7959183673469388,-0.843413374835778
0.3673469387755101,-0.7959183673469388,-0.7187505080366551
0.4489795918367343,-0.7959183673469388,-0.5623505390238799
0.5306122448979589,-0.7959183673469388,-0.3838801201872899
0.6122448979591835,-0.7959183673469388,-0.1941579891359997
0.693877551020408,-0.7959183673469388,-0.0047288349209272
0.7755102040816326,-0.7959183673469388,0.1726338580389181
0.8571428571428568,-0.7959183673469388,0.3264959883263958
0.9387755102040812,-0.7959183673469388,0.4464020381924394
1.020408163265306,-0.7959183673469388,0.5235852965185019
1.1020408163265305,-0.7959183673469388,0.551749104075252
1.1836734693877546,-0.7959183673469388,0.527919121077512
1.2653061224489792,-0.7959183673469388,0.4533666170354418
1.3469387755102038,-0.7959183673469388,0.3346027829019684
1.4285714285714284,-0.7959183673469388,0.1844440655164563
1.510204081632653,-0.7959183673469388,0.0231485243446269
1.591836734693877,-0.7959183673469388,-0.1203767894852729
1.6734693877551017,-0.7959183673469388,-0.2072974318500775
1.7551020408163265,-0.7959183673469388,-0.187502142003036
1.8367346938775508,-0.7959183673469388,0.0018176033510954
1.9183673469387756,-0.7959183673469388,0.4376590582771529
2.0,-0.7959183673469388,1.2127706981270157
-2.0,-0.7551020408163265,4.263237834807015
-1.9183673469387756,-0.7551020408163265,3.3615122840866816
-1.836734693877551,-0.7551020408163265,2.799056918290152
-1.7551020408163265,-0.7551020408163265,2.483123262065555
-1.673469387755102,-0.7551020408163265,2.3367140613480384
-1.5918367346938775,-0.7551020408163265,2.297020792842373
-1.510204081632653,-0.7551020408163265,2.313932195801802
-1.4285714285714286,-0.7551020408163265,2.348613826103162
-1.3469387755102042,-0.7551020408163265,2.372158632618203
-1.2653061224489797,-0.7551020408163265,2.3643085558812054
-1.183673469387755,-0.7551020408163265,2.312247149052805
-1.1020408163265307,-0.7551020408163265,2.2094632211800747
-1.020408163265306,-0.7551020408163265,2.0546855027528546
-0.9387755102040818,-0.7551020408163265,1.8508883335563215
-0.8571428571428572,-0.7551020408163265,1.6043683728198077
-0.7755102040816328,-0.7551020408163265,1.3238923316618598
-0.6938775510204083,-0.7551020408163265,1.019915727831543
-0.6122448979591837,-0.7551020408163265,0.7038726627460001
-0.5306122448979593,-0.7551020408163265,0.3875366208242399
-0.4489795918367347,-0.7551020408163265,0.082452291117179
-0.3673469387755104,-0.7551020408163265,-0.2005615887660672
-0.2857142857142858,-0.7551020408163265,-0.4518383664356611
-0.2040816326530614,-0.7551020408163265,-0.6632185862022603
-0.1224489795918368,-0.7551020408163265,-0.8283340782620032
-0.0408163265306122,-0.7551020408163265,-0.9428210255852392
0.0408163265306122,-0.7551020408163265,-1.0044620085090212
0.1224489795918364,-0.7551020408163265,-1.0132570270333487
0.204081632653061,-0.7551020408163265,-0.9714235008211696
0.2857142857142856,-0.7551020408163265,-0.8833252469021338
0.3673469387755101,-0.7551020408163265,-0.7553304350801038
0.4489795918367343,-0.7551020408163265,-0.5955985210444213
0.5306122448979589,-0.7551020408163265,-0.4137961571849242
0.6122448979591835,-0.7551020408163265,-0.220742081110727
0.693877551020408,-0.7551020408163265,-0.0279809818727474
0.7755102040816326,-0.7551020408163265,0.1527136561100051
0.8571428571428568,-0.7551020408163265,0.3099077314203899
0.9387755102040812,-0.7551020408163265,0.4331457263093408
1.020408163265306,-0.7551020408163265,0.5136609296583103
1.1020408163265305,-0.7551020408163265,0.5451566822379674
1.1836734693877546,-0.7551020408163265,0.5246586442631347
1.2653061224489792,-0.7551020408163265,0.4534380852439716
1.3469387755102038,-0.7551020408163265,0.3380061961334053
1.4285714285714284,-0.7551020408163265,0.1911794237708002
1.510204081632653,-0.7551020408163265,0.0332158276218781
1.591836734693877,-0.7551020408163265,-0.1069775411851146
1.6734693877551017,-0.7551020408163265,-0.1905662385270121
1.7551020408163265,-0.7551020408163265,-0.1674390036570634
1.8367346938775508,-0.7551020408163265,0.0252126867199751
1.9183673469387756,-0.7551020408163265,0.4643860866689397
2.0,-0.7551020408163265,1.2428296715417095
-2.0,-0.7142857142857143,4.162321255032623
-1.9183673469387756,-0.7142857142857143,3.263927649335196
-1.836734693877551,-0.7142857142857143,2.704804228561573
-1.7551020408163265,-0.7142857142857143,2.392202517359883
-1.673469387755102,-0.7142857142857143,2.2491252616652737
-1.5918367346938775,-0.7142857142857143,2.2127639381825164
-1.510204081632653,-0.7142857142857143,2.233007286164853
-1.4285714285714286,-0.7142857142857143,2.271020861489119
-1.3469387755102042,-0.7142857142857143,2.297897613027067
-1.2653061224489797,-0.7142857142857143,2.293379481312977
-1.183673469387755,-0.7142857142857143,2.244650019507484
-1.1020408163265307,-0.7142857142857143,2.1451980366576606
-1.020408163265306,-0.7142857142857143,1.9937522632533475
-0.9387755102040818,-0.7142857142857143,1.7932870390797215
-0.8571428571428572,-0.7142857142857143,1.5500990233661147
-0.7755102040816328,-0.7142857142857143,1.2729549272310736
-0.6938775510204083,-0.7142857142857143,0.9723102684236642
-0.6122448979591837,-0.7142857142857143,0.6595991483610284
-0.5306122448979593,-0.7142857142857143,0.3465950514621752
-0.4489795918367347,-0.7142857142857143,0.0448426667780215
-0.3673469387755104,-0.7142857142857143,-0.2348392680823177
-0.2857142857142858,-0.7142857142857143,-0.4827841007290043
-0.2040816326530614,-0.7142857142857143,-0.6908323754726964
-0.1224489795918368,-0.7142857142857143,-0.8526159225095322
-0.0408163265306122,-0.7142857142857143,-0.9637709248098612
0.0408163265306122,-0.7142857142857143,-1.022079962710736
0.1224489795918364,-0.7142857142857143,-1.0275430362121565
0.204081632653061,-0.7142857142857143,-0.9823775649770704
0.2857142857142856,-0.7142857142857143,-0.8909473660351273
0.3673469387755101,-0.7142857142857143,-0.75962060919019
0.4489795918367343,-0.7142857142857143,-0.5965567501316006
0.5306122448979589,-0.7142857142857143,-0.4114224412491963
0.6122448979591835,-0.7142857142857143,-0.215036420152092
0.693877551020408,-0.7142857142857143,-0.0189433758912052
0.7755102040816326,-0.7142857142857143,0.1650832071144543
0.8571428571428568,-0.7142857142857143,0.3256092274477462
0.9387755102040812,-0.7142857142857143,0.4521791673596043
1.020408163265306,-0.7142857142857143,0.5360263157314811
1.1020408163265305,-0.7142857142857143,0.5708540133340452
1.1836734693877546,-0.7142857142857143,0.5536879203821194
1.2653061224489792,-0.7142857142857143,0.4857993063858634
1.3469387755102038,-0.7142857142857143,0.3736993622982043
1.4285714285714284,-0.7142857142857143,0.2302045349585064
1.510204081632653,-0.7142857142857143,0.0755728838324913
1.591836734693877,-0.7142857142857143,-0.0612885399515943
1.6734693877551017,-0.7142857142857143,-0.1415452922705846
1.7551020408163265,-0.7142857142857143,-0.1150861123777289
1.8367346938775508,-0.7142857142857143,0.0808975230222168
1.9183673469387756,-0.7142857142857143,0.5234028679940885
2.0,-0.7142857142857143,1.3051783978897653
-2.0,-0.6734693877551021,4.08889842569298
-1.9183673469387756,-0.6734693877551021,3.1938367650184616
-1.836734693877551,-0.6734693877551021,2.6380452892677453
-1.7551020408163265,-0.6734693877551021,2.328775523088962
-1.673469387755102,-0.6734693877551021,2.18903021241726
-1.5918367346938775,-0.6734693877551021,2.156000833957409
-1.510204081632653,-0.6734693877551021,2.179576126962653
-1.4285714285714286,-0.6734693877551021,2.2209216473098263
-1.3469387755102042,-0.6734693877551021,2.2511303438706816
-1.2653061224489797,-0.6734693877551021,2.2499441571794985
-1.183673469387755,-0.6734693877551021,2.2045466403969125
-1.1020408163265307,-0.6734693877551021,2.1084266025699963
-1.020408163265306,-0.6734693877551021,1.9603127741885904
-0.9387755102040818,-0.6734693877551021,1.7631794950378716
-0.8571428571428572,-0.6734693877551021,1.5233234243471716
-0.7755102040816328,-0.6734693877551021,1.2495112732350382
-0.6938775510204083,-0.6734693877551021,0.9521985594505358
-0.6122448979591837,-0.6734693877551021,0.642819384410807
-0.5306122448979593,-0.6734693877551021,0.333147232534861
-0.4489795918367347,-0.6734693877551021,0.0347267928736143
-0.3673469387755104,-0.6734693877551021,-0.2416231969638177
-0.2857142857142858,-0.6734693877551021,-0.4862360845875974
-0.2040816326530614,-0.6734693877551021,-0.6909524143083823
-0.1224489795918368,-0.6734693877551021,-0.849404016322311
-0.0408163265306122,-0.6734693877551021,-0.9572270735997328
0.0408163265306122,-0.6734693877551021,-1.0122041664777004
0.1224489795918364,-0.6734693877551021,-1.014335294956214
0.204081632653061,-0.6734693877551021,-0.9658378786982206
0.2857142857142856,-0.6734693877551021,-0.8710757347333704
0.3673469387755101,-0.6734693877551021,-0.7364170328655261
0.4489795918367343,-0.6734693877551021,-0.5700212287840295
0.5306122448979589,-0.6734693877551021,-0.3815549748787181
0.6122448979591835,-0.6734693877551021,-0.1818370087587066
0.693877551020408,-0.6734693877551021,0.0175879805250871
0.7755102040816326,-0.6734693877551021,0.2049465085536539
0.8571428571428568,-0.6734693877551021,0.368804473909853
0.9387755102040812,-0.6734693877551021,0.4987063588446179
1.020408163265306,-0.6734693877551021,0.5858854522394017
1.1020408163265305,-0.6734693877551021,0.624045094864873
1.1836734693877546,-0.6734693877551021,0.6102109469358545
1.2653061224489792,-0.6734693877551021,0.5456542779625058
1.3469387755102038,-0.6734693877551021,0.4368862788977536
1.4285714285714284,-0.6734693877551021,0.2967233965809628
1.510204081632653,-0.6734693877551021,0.1454236904778549
1.591836734693877,-0.6734693877551021,0.0118942117166764
1.6734693877551017,-0.6734693877551021,-0.0650305955794068
1.7551020408163265,-0.6734693877551021,-0.0352394706636438
1.8367346938775508,-0.6734693877551021,0.1640761097592089
1.9183673469387756,-0.6734693877551021,0.6099133997539878
2.0,-0.6734693877551021,1.395020874672572
-2.0,-0.6326530612244898,4.038439788872733
-1.9183673469387756,-0.6326530612244898,3.1467100732211204
-1.836734693877551,-0.6326530612244898,2.594250542493312
-1.7551020408163265,-0.6326530612244898,2.2883127213374364
-1.673469387755102,-0.6326530612244898,2.151899355688641
-1.5918367346938775,-0.6326530612244898,2.1222019222516977
-1.510204081632653,-0.6326530612244898,2.149109160279848
-1.4285714285714286,-0.6326530612244898,2.1937866256499285
-1.3469387755102042,-0.6326530612244898,2.227327267233691
-1.2653061224489797,-0.6326530612244898,2.229473025565415
-1.183673469387755,-0.6326530612244898,2.187407453805736
-1.1020408163265307,-0.6326530612244898,2.094619361001727
-1.020408163265306,-0.6326530612244898,1.949837477643228
-0.9387755102040818,-0.6326530612244898,1.7560361435154168
-0.8571428571428572,-0.6326530612244898,1.519512017847624
-0.7755102040816328,-0.6326530612244898,1.2490318117583974
-0.6938775510204083,-0.6326530612244898,0.955051042996802
-0.6122448979591837,-0.6326530612244898,0.6490038129799803
-0.5306122448979593,-0.6326530612244898,0.3426636061269416
-0.4489795918367347,-0.6326530612244898,0.0475751114886019
-0.3673469387755104,-0.6326530612244898,-0.2254429333259228
-0.2857142857142858,-0.6326530612244898,-0.4667238759267953
-0.2040816326530614,-0.6326530612244898,-0.6681082606246731
-0.1224489795918368,-0.6326530612244898,-0.8232279176156947
-0.0408163265306122,-0.6326530612244898,-0.9277190298702096
0.0408163265306122,-0.6326530612244898,-0.97936417772527
0.1224489795918364,-0.6326530612244898,-0.9781633611808762
0.204081632653061,-0.6326530612244898,-0.9263339998999758
0.2857142857142856,-0.6326530612244898,-0.8282399109122185
0.3673469387755101,-0.6326530612244898,-0.690249264021467
0.4489795918367343,-0.6326530612244898,-0.5205215149170634
0.5306122448979589,-0.6326530612244898,-0.3287233159888448
0.6122448979591835,-0.6326530612244898,-0.1256734048459263
0.693877551020408,-0.6326530612244898,0.0770835294607746
0.7755102040816326,-0.6326530612244898,0.2677740025122487
0.8571428571428568,-0.6326530612244898,0.4349639128913546
0.9387755102040812,-0.6326530612244898,0.5681977428490269
1.020408163265306,-0.6326530612244898,0.6587087812667177
1.1020408163265305,-0.6326530612244898,0.7002003689150963
1.1836734693877546,-0.6326530612244898,0.6896981660089848
1.2653061224489792,-0.6326530612244898,0.628473442058543
1.3469387755102038,-0.6326530612244898,0.5230373880166982
1.4285714285714284,-0.6326530612244898,0.3862064507228145
1.510204081632653,-0.6326530612244898,0.2382386896426139
1.591836734693877,-0.6326530612244898,0.1080411559043422
1.6734693877551017,-0.6326530612244898,0.0344482936311661
1.7551020408163265,-0.6326530612244898,0.0675713635698361
1.8367346938775508,-0.6326530612244898,0.2702188890155962
1.9183673469387756,-0.6326530612244898,0.7193881240332821
2.0,-0.6326530612244898,1.5078275439747737
-2.0,-0.5918367346938775,4.006682231239781
-1.9183673469387756,-0.5918367346938775,3.118284460611076
-1.836734693877551,-0.5918367346938775,2.5691568749061737
-1.7551020408163265,-0.5918367346938775,2.266550998773205
-1.673469387755102,-0.5918367346938775,2.1334695781473174
-1.5918367346938775,-0.5918367346938775,2.107104089733281
-1.510204081632653,-0.5918367346938775,2.137343272784339
-1.4285714285714286,-0.5918367346938775,2.1853526831773267
-1.3469387755102042,-0.5918367346938775,2.222225269783996
-1.2653061224489797,-0.5918367346938775,2.2277029731386278
-1.183673469387755,-0.5918367346938775,2.188969346401856
-1.1020408163265307,-0.5918367346938775,2.0995131986207536
-1.020408163265306,-0.5918367346938775,1.958063260285161
-0.9387755102040818,-0.5918367346938775,1.7675938711802577
-0.8571428571428572,-0.5918367346938775,1.534401690535372
-0.7755102040816328,-0.5918367346938775,1.267253429469052
-0.6938775510204083,-0.5918367346938775,0.976604605730364
-0.6122448979591837,-0.5918367346938775,0.6738893207364495
-0.5306122448979593,-0.5918367346938775,0.3708810589063177
-0.4489795918367347,-0.5918367346938775,0.0791245092908853
-0.3673469387755104,-0.5918367346938775,-0.1905615905007324
-0.2857142857142858,-0.5918367346938775,-0.4285105880786978
-0.2040816326530614,-0.5918367346938775,-0.6265630277536685
-0.1224489795918368,-0.5918367346938775,-0.7783507397217829
-0.0408163265306122,-0.5918367346938775,-0.8795099069533905
0.0408163265306122,-0.5918367346938775,-0.9278231097855438
0.1224489795918364,-0.5918367346938775,-0.9232903482182432
0.204081632653061,-0.5918367346938775,-0.8681290419144355
0.2857142857142856,-0.5918367346938775,-0.7667030079037711
0.3673469387755101,-0.5918367346938775,-0.6253804159901125
0.4489795918367343,-0.5918367346938775,-0.4523207218628017
0.5306122448979589,-0.5918367346938775,-0.2571905779116761
0.6122448979591835,-0.5918367346938775,-0.0508087217458502
0.693877551020408,-0.5918367346938775,0.1552801575837578
0.7755102040816326,-0.5918367346938775,0.3493025756581388
0.8571428571428568,-0.5918367346938775,0.519824431060152
0.9387755102040812,-0.5918367346938775,0.6563902060407315
1.020408163265306,-0.5918367346938775,0.7502331894813293
1.1020408163265305,-0.5918367346938775,0.7950567221526151
1.1836734693877546,-0.5918367346938775,0.7878864642694107
1.2653061224489792,-0.5918367346938775,0.7299936853418761
1.3469387755102038,-0.5918367346938775,0.6278895763229383
1.4285714285714284,-0.5918367346938775,0.4943905840519617
1.510204081632653,-0.5918367346938775,0.3497547679946681
1.591836734693877,-0.5918367346938775,0.2228891792793036
1.6734693877551017,-0.5918367346938775,0.1526282620290348
1.7551020408163265,-0.5918367346938775,0.189083276990612
1.8367346938775508,-0.5918367346938775,0.395062747459279
1.9183673469387756,-0.5918367346938775,0.8475639274998722
2.0,-0.5918367346938775,1.6393352924642706
-2.0,-0.5510204081632654,3.98962908404528
-1.9183673469387756,-0.5510204081632654,3.104563258439483
-1.836734693877551,-0.5510204081632654,2.558767617757488
-1.7551020408163265,-0.5510204081632654,2.259493686647427
-1.673469387755102,-0.5510204081632654,2.1297442110444456
-1.5918367346938775,-0.5510204081632654,2.1067106676533167
-1.510204081632653,-0.5510204081632654,2.1402817957272817
-1.4285714285714286,-0.5510204081632654,2.1916231511431765
-1.3469387755102042,-0.5510204081632654,2.231827682772753
-1.2653061224489797,-0.5510204081632654,2.240637331150291
-1.183673469387755,-0.5510204081632654,2.205235649436426
-1.1020408163265307,-0.5510204081632654,2.1191114466782315
-1.020408163265306,-0.5510204081632654,1.980993453365547
-0.9387755102040818,-0.5510204081632654,1.7938560092835498
-0.8571428571428572,-0.5510204081632654,1.563995773661571
-0.7755102040816328,-0.5510204081632654,1.300179457618159
-0.6938775510204083,-0.5510204081632654,1.0128625789023775
-0.6122448979591837,-0.5510204081632654,0.7134792389313704
-0.5306122448979593,-0.5510204081632654,0.4138029221241459
-0.4489795918367347,-0.5510204081632654,0.1253783175316205
-0.3673469387755104,-0.5510204081632654,-0.1409758372370901
-0.2857142857142858,-0.5510204081632654,-0.3755928897921483
-0.2040816326530614,-0.5510204081632654,-0.5703133844442119
-0.1224489795918368,-0.5510204081632654,-0.7187691513894192
-0.0408163265306122,-0.5510204081632654,-0.8165963735981198
0.0408163265306122,-0.5510204081632654,-0.861577631407366
0.1224489795918364,-0.5510204081632654,-0.853712924817158
0.204081632653061,-0.5510204081632654,-0.7952196734904434
0.2857142857142856,-0.5510204081632654,-0.6904616944568719
0.3673469387755101,-0.5510204081632654,-0.5458071575203061
0.4489795918367343,-0.5510204081632654,-0.3694155183700882
0.5306122448979589,-0.5510204081632654,-0.1709534293960555
0.6122448979591835,-0.5510204081632654,0.0387603717926774
0.693877551020408,-0.5510204081632654,0.2481811961451925
0.7755102040816326,-0.5510204081632654,0.4455355592424808
0.8571428571428568,-0.5510204081632654,0.6193893596674012
0.9387755102040812,-0.5510204081632654,0.7592870796708875
1.020408163265306,-0.5510204081632654,0.8564620081343928
1.1020408163265305,-0.5510204081632654,0.9046174858285854
1.1836734693877546,-0.5510204081632654,0.900779172968288
1.2653061224489792,-0.5510204081632654,0.8462183390636606
1.3469387755102038,-0.5510204081632654,0.74744617506763
1.4285714285714284,-0.5510204081632654,0.6172791278195606
1.510204081632653,-0.5510204081632654,0.475975256785174
1.591836734693877,-0.5510204081632654,0.3524416130927168
1.6734693877551017,-0.5510204081632654,0.2855126408653547
1.7551020408163265,-0.5510204081632654,0.3252996008498392
1.8367346938775508,-0.5510204081632654,0.5346110163414135
1.9183673469387756,-0.5510204081632654,0.9904441414049135
2.0,-0.5510204081632654,1.7855474513922194
-2.0,-0.5102040816326531,3.9835501231236456
-1.9183673469387756,-0.5102040816326531,3.101816242540755
-1.836734693877551,-0.5102040816326531,2.559352546881668
-1.7551020408163265,-0.5102040816326531,2.2634105607945134
-1.673469387755102,-0.5102040816326531,2.1369930302144398
-1.5918367346938775,-0.5102040816326531,2.1172914318462173
-1.510204081632653,-0.5102040816326531,2.154194504943089
-1.4285714285714286,-0.5102040816326531,2.2088678053818915
-1.3469387755102042,-0.5102040816326531,2.252404282034376
-1.2653061224489797,-0.5102040816326531,2.2645458754348207
-1.183673469387755,-0.5102040816326531,2.2324761387438627
-1.1020408163265307,-0.5102040816326531,2.149683881008575
-1.020408163265306,-0.5102040816326531,2.0148978327187974
-0.9387755102040818,-0.5102040816326531,1.831092333659708
-0.8571428571428572,-0.5102040816326531,1.6045640430606365
-0.7755102040816328,-0.5102040816326531,1.3440796720401311
-0.6938775510204083,-0.5102040816326531,1.0600947383472572
-0.6122448979591837,-0.5102040816326531,0.7640433433991569
-0.5306122448979593,-0.5102040816326531,0.4676989716148396
-0.4489795918367347,-0.5102040816326531,0.1826063120452214
-0.3673469387755104,-0.5102040816326531,-0.0804158977005821
-0.2857142857142858,-0.5102040816326531,-0.3117010052327332
-0.2040816326530614,-0.5102040816326531,-0.5030895548618897
-0.1224489795918368,-0.5102040816326531,-0.6482133767841899
-0.0408163265306122,-0.5102040816326531,-0.7427086539699832
0.0408163265306122,-0.5102040816326531,-0.7843579667563223
0.1224489795918364,-0.5102040816326531,-0.7731613151432073
0.204081632653061,-0.5102040816326531,-0.7113361187935855
0.2857142857142856,-0.5102040816326531,-0.6032461947371068
0.3673469387755101,-0.5102040816326531,-0.455259712777634
0.4489795918367343,-0.5102040816326531,-0.275536128604509
0.5306122448979589,-0.5102040816326531,-0.073742094607569
0.6122448979591835,-0.5102040816326531,0.1393036516040708
0.693877551020408,-0.5102040816326531,0.3520564209794932
0.7755102040816326,-0.5102040816326531,0.5527427290996885
0.8571428571428568,-0.5102040816326531,0.7299284745475159
0.9387755102040812,-0.5102040816326531,0.8731581395739096
1.020408163265306,-0.5102040816326531,0.973665013060322
1.1020408163265305,-0.5102040816326531,1.0251524357774218
1.1836734693877546,-0.5102040816326531,1.0246460679400315
1.2653061224489792,-0.5102040816326531,0.9734171790583112
1.3469387755102038,-0.5102040816326531,0.8779769600851877
1.4285714285714284,-0.5102040816326531,0.7511418578600253
1.510204081632653,-0.5102040816326531,0.6131699318485462
1.591836734693877,-0.5102040816326531,0.4929682331789957
1.6734693877551017,-0.5102040816326531,0.4293712059745409
1.7551020408163265,-0.5102040816326531,0.4724901109819324
1.8367346938775508,-0.5102040816326531,0.6851334714964139
1.9183673469387756,-0.5102040816326531,1.1442985415828213
2.0,-0.5102040816326531,1.942733796593034
-2.0,-0.4693877551020409,3.984981568892546
-1.9183673469387756,-0.4693877551020409,3.1065796333325624
-1.836734693877551,-0.4693877551020409,2.5674478826963822
-1.7551020408163265,-0.4693877551020409,2.2748378416321358
-1.673469387755102,-0.4693877551020409,2.1517522560749685
-1.5918367346938775,-0.4693877551020409,2.1353826027296536
-1.510204081632653,-0.4693877551020409,2.175617620849432
-1.4285714285714286,-0.4693877551020409,2.233622866311141
-1.3469387755102042,-0.4693877551020409,2.280491287986532
-1.2653061224489797,-0.4693877551020409,2.295964826409885
-1.183673469387755,-0.4693877551020409,2.2672270347418344
-1.1020408163265307,-0.4693877551020409,2.187766722029454
-1.020408163265306,-0.4693877551020409,2.0563126187625835
-0.9387755102040818,-0.4693877551020409,1.8758390647264005
-0.8571428571428572,-0.4693877551020409,1.6526427191502362
-0.7755102040816328,-0.4693877551020409,1.395490293152638
-0.6938775510204083,-0.4693877551020409,1.1148373044826712
-0.6122448979591837,-0.4693877551020409,0.8221178545574779
-0.5306122448979593,-0.4693877551020409,0.5291054277960676
-0.4489795918367347,-0.4693877551020409,0.2473447132493567
-0.3673469387755104,-0.4693877551020409,-0.0123455514735397
-0.2857142857142858,-0.4693877551020409,-0.2402987139827838
-0.2040816326530614,-0.4693877551020409,-0.4283553185890331
-0.1224489795918368,-0.4693877551020409,-0.5701471954884263
-0.0408163265306122,-0.4693877551020409,-0.6613105276513125
0.0408163265306122,-0.4693877551020409,-0.6996278954147445
0.1224489795918364,-0.4693877551020409,-0.6850992987787223
0.204081632653061,-0.4693877551020409,-0.6199421574061934
0.2857142857142856,-0.4693877551020409,-0.5085202883268076
0.3673469387755101,-0.4693877551020409,-0.3572018613444276
0.4489795918367343,-0.4693877551020409,-0.1741463321483956
0.5306122448979589,-0.4693877551020409,0.0309796468714513
0.6122448979591835,-0.4693877551020409,0.2473573381059985
0.693877551020408,-0.4693877551020409,0.4634420525043279
0.7755102040816326,-0.4693877551020409,0.6674603056474304
0.8571428571428568,-0.4693877551020409,0.847977996118165
0.9387755102040812,-0.4693877551020409,0.9945396061674656
1.020408163265306,-0.4693877551020409,1.0983784246767851
1.1020408163265305,-0.4693877551020409,1.153197792416792
1.1836734693877546,-0.4693877551020409,1.156023369602309
1.2653061224489792,-0.4693877551020409,1.1081264257434955
1.3469387755102038,-0.4693877551020409,1.0160181517932794
1.4285714285714284,-0.4693877551020409,0.8925149945910242
1.510204081632653,-0.4693877551020409,0.7578750136024521
1.591836734693877,-0.4693877551020409,0.6410052599558089
1.6734693877551017,-0.4693877551020409,0.5807401777742613
1.7551020408163265,-0.4693877551020409,0.6271910278045598
1.8367346938775508,-0.4693877551020409,0.8431663333419483
1.9183673469387756,-0.4693877551020409,1.3056633484512628
2.0,-0.4693877551020409,2.1074305484843823
-2.0,-0.4285714285714286,3.990726086352906
-1.9183673469387756,-0.4285714285714286,3.115656095815829
-1.836734693877551,-0.4285714285714286,2.579856290202556
-1.7551020408163265,-0.4285714285714286,2.290578194161216
-1.673469387755102,-0.4285714285714286,2.1708245536269564
-1.5918367346938775,-0.4285714285714286,2.1577868453045483
-1.510204081632653,-0.4285714285714286,2.201353808447235
-1.4285714285714286,-0.4285714285714286,2.2626909989318507
-1.3469387755102042,-0.4285714285714286,2.3128913656301493
-1.2653061224489797,-0.4285714285714286,2.3316968490764087
-1.183673469387755,-0.4285714285714286,2.3062910024312653
-1.1020408163265307,-0.4285714285714286,2.2301626347417915
-1.020408163265306,-0.4285714285714286,2.1020404764978284
-0.9387755102040818,-0.4285714285714286,1.9248988674845529
-0.8571428571428572,-0.4285714285714286,1.7050344669312951
-0.7755102040816328,-0.4285714285714286,1.4512139859566044
-0.6938775510204083,-0.4285714285714286,1.173892942309545
-0.6122448979591837,-0.4285714285714286,0.8845054374072588
-0.5306122448979593,-0.4285714285714286,0.5948249556687556
-0.4489795918367347,-0.4285714285714286,0.3163961861449518
-0.3673469387755104,-0.4285714285714286,0.0600378664449624
-0.2857142857142858,-0.4285714285714286,-0.1645833510413744
-0.2040816326530614,-0.4285714285714286,-0.3493080106247166
-0.1224489795918368,-0.4285714285714286,-0.4877679425012026
-0.0408163265306122,-0.4285714285714286,-0.5755993296411817
0.0408163265306122,-0.4285714285714286,-0.6105847523817065
0.1224489795918364,-0.4285714285714286,-0.5927242107227773
0.204081632653061,-0.4285714285714286,-0.5242351243273412
0.2857142857142856,-0.4285714285714286,-0.4094813102250483
0.3673469387755101,-0.4285714285714286,-0.2548309382197612
0.4489795918367343,-0.4285714285714286,-0.068443464000822
0.5306122448979589,-0.4285714285714286,0.140014460041932
0.6122448979591835,-0.4285714285714286,0.3597240962993863
0.693877551020408,-0.4285714285714286,0.5791407557206228
0.7755102040816326,-0.4285714285714286,0.7864909538866326
0.8571428571428568,-0.4285714285714286,0.9703405893802742
0.9387755102040812,-0.4285714285714286,1.120234144452482
1.020408163265306,-0.4285714285714286,1.2274049079847087
1.1020408163265305,-0.4285714285714286,1.2855562207476223
1.1836734693877546,-0.4285714285714286,1.2917137429560466
1.2653061224489792,-0.4285714285714286,1.2471487441201408
1.3469387755102038,-0.4285714285714286,1.1583724151928312
1.4285714285714284,-0.4285714285714286,1.0382012030134833
1.510204081632653,-0.4285714285714286,0.906893167047818
1.591836734693877,-0.4285714285714286,0.7933553584240821
1.6734693877551017,-0.4285714285714286,0.7364222212654418
1.7551020408163265,-0.4285714285714286,0.7862050163186473
1.8367346938775508,-0.4285714285714286,1.005512266878943
1.9183673469387756,-0.4285714285714286,1.4713412270111648
2.0,-0.4285714285714286,2.2764403720671917
-2.0,-0.3877551020408164,3.997852785088908
-1.9183673469387756,-0.3877551020408164,3.126114739574738
-1.836734693877551,-0.3877551020408164,2.593646878984372
-1.7551020408163265,-0.3877551020408164,2.3077007279659387
-1.673469387755102,-0.3877551020408164,2.1912790324545863
-1.5918367346938775,-0.3877551020408164,2.181573269155086
-1.510204081632653,-0.3877551020408164,2.2284721773206795
-1.4285714285714286,-0.3877551020408164,2.2931413128282023
-1.3469387755102042,-0.3877551020408164,2.346673624549408
-1.2653061224489797,-0.3877551020408164,2.3688110530185744
-1.183673469387755,-0.3877551020408164,2.3467371513963378
-1.1020408163265307,-0.3877551020408164,2.273940728729772
-1.020408163265306,-0.3877551020408164,2.1491505155087154
-0.9387755102040818,-0.3877551020408164,1.975340851518347
-0.8571428571428572,-0.3877551020408164,1.7588083959879968
-0.7755102040816328,-0.3877551020408164,1.508319860036213
-0.6938775510204083,-0.3877551020408164,1.2343307614120604
-0.6122448979591837,-0.3877551020408164,0.9482752015326814
-0.5306122448979593,-0.3877551020408164,0.6619266648170854
-0.4489795918367347,-0.3877551020408164,0.3868298403161886
-0.3673469387755104,-0.3877551020408164,0.1338034656391064
-0.2857142857142858,-0.3877551020408164,-0.0874858068243233
-0.2040816326530614,-0.3877551020408164,-0.2688785213847585
-0.1224489795918368,-0.3877551020408164,-0.4040065082383373
-0.0408163265306122,-0.3877551020408164,-0.4885059503554093
0.0408163265306122,-0.3877551020408164,-0.5201594280730271
0.1224489795918364,-0.3877551020408164,-0.4989669413911907
0.204081632653061,-0.3877551020408164,-0.4271459099728475
0.2857142857142856,-0.3877551020408164,-0.3090601508476475
0.3673469387755101,-0.3877551020408164,-0.1510778338194532
0.4489795918367343,-0.3877551020408164,0.038641585422393
0.5306122448979589,-0.3877551020408164,0.2504314544880542
0.6122448979591835,-0.3877551020408164,0.4734730357684156
0.693877551020408,-0.3877551020408164,0.6962216402125594
0.7755102040816326,-0.3877551020408164,0.906903783401476
0.8571428571428568,-0.3877551020408164,1.0940853639180248
0.9387755102040812,-0.3877551020408164,1.2473108640131398
1.020408163265306,-0.3877551020408164,1.3578135725682734
1.1020408163265305,-0.3877551020408164,1.4192968303540947
1.1836734693877546,-0.3877551020408164,1.4287862975854255
1.2653061224489792,-0.3877551020408164,1.387553243772427
1.3469387755102038,-0.3877551020408164,1.3021088598680248
1.4285714285714284,-0.3877551020408164,1.1852695927115835
1.510204081632653,-0.3877551020408164,1.0572935017688256
1.591836734693877,-0.3877551020408164,0.9470876381679968
1.6734693877551017,-0.3877551020408164,0.8934864460322633
1.7551020408163265,-0.3877551020408164,0.9466011861083764
1.8367346938775508,-0.3877551020408164,1.169240381691579
1.9183673469387756,-0.3877551020408164,1.6384012868467075
2.0,-0.3877551020408164,2.446832376925641
-2.0,-0.3469387755102041,4.0036972192679885
-1.9183673469387756,-0.3469387755102041,3.135291118776726
-1.836734693877551,-0.3469387755102041,2.606155203209267
-1.7551020408163265,-0.3469387755102041,2.3235409972137413
-1.673469387755102,-0.3469387755102041,2.210451246725296
-1.5918367346938775,-0.3469387755102041,2.204077428448702
-1.510204081632653,-0.3469387755102041,2.254308281637203
-1.4285714285714286,-0.3469387755102041,2.3223093621676334
-1.3469387755102042,-0.3469387755102041,2.3791736189117456
-1.2653061224489797,-0.3469387755102041,2.4046429924038195
-1.183673469387755,-0.3469387755102041,2.38590103580449
-1.1020408163265307,-0.3469387755102041,2.316436558160831
-1.020408163265306,-0.3469387755102041,2.1949782899626817
-0.9387755102040818,-0.3469387755102041,2.0245005709952206
-0.8571428571428572,-0.3469387755102041,1.8113000604877776
-0.7755102040816328,-0.3469387755102041,1.5641434695589007
-0.6938775510204083,-0.3469387755102041,1.2934863159576553
-0.6122448979591837,-0.3469387755102041,1.0107627011011835
-0.5306122448979593,-0.3469387755102041,0.7277461094084945
-0.4489795918367347,-0.3469387755102041,0.4559812299305049
-0.3673469387755104,-0.3469387755102041,0.2062868002763297
-0.2857142857142858,-0.3469387755102041,-0.0116705271641928
-0.2040816326530614,-0.3469387755102041,-0.1897312967017208
-0.1224489795918368,-0.3469387755102041,-0.3215273385323925
-0.0408163265306122,-0.3469387755102041,-0.4026948356265574
0.0408163265306122,-0.3469387755102041,-0.4310163683212679
0.1224489795918364,-0.3469387755102041,-0.4064919366165245
0.204081632653061,-0.3469387755102041,-0.3313389601752742
0.2857142857142856,-0.3469387755102041,-0.209921256027167
0.3673469387755101,-0.3469387755102041,-0.0486069939760656
0.4489795918367343,-0.3469387755102041,0.1444443702886876
0.5306122448979589,-0.3469387755102041,0.3595661843772561
0.6122448979591835,-0.3469387755102041,0.5859397106805244
0.693877551020408,-0.3469387755102041,0.8120202601475754
0.7755102040816326,-0.3469387755102041,1.0260343483593992
0.8571428571428568,-0.3469387755102041,1.2165478738988549
0.9387755102040812,-0.3469387755102041,1.3731053190168772
1.020408163265306,-0.3469387755102041,1.486939972594918
1.1020408163265305,-0.3469387755102041,1.5517551754036465
1.1836734693877546,-0.3469387755102041,1.5645765876578843
1.2653061224489792,-0.3469387755102041,1.5266754788677928
1.3469387755102038,-0.3469387755102041,1.4445630399862976
1.4285714285714284,-0.3469387755102041,1.3310557178527638
1.510204081632653,-0.3469387755102041,1.2064115719329132
1.591836734693877,-0.3469387755102041,1.0995376533549912
1.6734693877551017,-0.3469387755102041,1.0492684062421649
1.7551020408163265,-0.3469387755102041,1.1057150913411848
1.8367346938775508,-0.3469387755102041,1.3316862319472946
1.9183673469387756,-0.3469387755102041,1.804179082125331
2.0,-0.3469387755102041,2.6159421172271715
-2.0,-0.3061224489795918,4.005861387640843
-1.9183673469387756,-0.3061224489795918,3.140787232172488
-1.836734693877551,-0.3061224489795918,2.614983261627936
-1.7551020408163265,-0.3061224489795918,2.335701000655317
-1.673469387755102,-0.3061224489795918,2.225943195189779
-1.5918367346938775,-0.3061224489795918,2.222901321936092
-1.510204081632653,-0.3061224489795918,2.2764641201475007
-1.4285714285714286,-0.3061224489795918,2.347797145700838
-1.3469387755102042,-0.3061224489795918,2.407993347467857
-1.2653061224489797,-0.3061224489795918,2.4367946659828386
-1.183673469387755,-0.3061224489795918,2.421384654406416
-1.1020408163265307,-0.3061224489795918,2.3552521217856643
-1.020408163265306,-0.3061224489795918,2.237125798610422
-0.9387755102040818,-0.3061224489795918,2.069980024665868
-0.8571428571428572,-0.3061224489795918,1.860111459181332
-0.7755102040816328,-0.3061224489795918,1.616286813275362
-0.6938775510204083,-0.3061224489795918,1.348961604697024
-0.6122448979591837,-0.3061224489795918,1.0695699348634593
-0.5306122448979593,-0.3061224489795918,0.7898852881936773
-0.4489795918367347,-0.3061224489795918,0.5214523537385949
-0.3673469387755104,-0.3061224489795918,0.2750898691073268
-0.2857142857142858,-0.3061224489795918,0.0604644866897113
-0.2040816326530614,-0.3061224489795918,-0.1142643378249095
-0.1224489795918368,-0.3061224489795918,-0.242728434632674
-0.0408163265306122,-0.3061224489795918,-0.3205639867039318
0.0408163265306122,-0.3061224489795918,-0.3455535743757352
0.1224489795918364,-0.3061224489795918,-0.3176971976480847
0.204081632653061,-0.3061224489795918,-0.2392122761839273
0.2857142857142856,-0.3061224489795918,-0.1144626270129129
0.3673469387755101,-0.3061224489795918,0.0501835800610954
0.4489795918367343,-0.3061224489795918,0.246566889348756
0.5306122448979589,-0.3061224489795918,0.4650206484602315
0.6122448979591835,-0.3061224489795918,0.6947261197864072
0.693877551020408,-0.3061224489795918,0.924138614276365
0.7755102040816326,-0.3061224489795918,1.141484647511096
0.8571428571428568,-0.3061224489795918,1.3353301180734591
0.9387755102040812,-0.3061224489795918,1.4952195082143882
1.020408163265306,-0.3061224489795918,1.6123861068153362
1.1020408163265305,-0.3061224489795918,1.6805332546469718
1.1836734693877546,-0.3061224489795918,1.696686611924117
1.2653061224489792,-0.3061224489795918,1.6621174481569323
1.3469387755102038,-0.3061224489795918,1.5833369542983444
1.4285714285714284,-0.3061224489795918,1.4731615771877178
1.510204081632653,-0.3061224489795918,1.351849376290774
1.591836734693877,-0.3061224489795918,1.2483074027357597
1.6734693877551017,-0.3061224489795918,1.2013701006458402
1.7551020408163265,-0.3061224489795918,1.2611487307677671
1.8367346938775508,-0.3061224489795918,1.4904518163967844
1.9183673469387756,-0.3061224489795918,1.9662766115977277
2.0,-0.3061224489795918,2.7813715917224755
-2.0,-0.2653061224489796,4.002213733541421
-1.9183673469387756,-0.2653061224489796,3.140471523095973
-1.836734693877551,-0.2653061224489796,2.617999497574328
-1.7551020408163265,-0.2653061224489796,2.342049181624617
-1.673469387755102,-0.2653061224489796,2.235623321181986
-1.5918367346938775,-0.2653061224489796,2.2359133929512063
-1.510204081632653,-0.2653061224489796,2.292808136185521
-1.4285714285714286,-0.2653061224489796,2.3674731067617656
-1.3469387755102042,-0.2653061224489796,2.4310012535516923
-1.2653061224489797,-0.2653061224489796,2.4631345170895806
-1.183673469387755,-0.2653061224489796,2.451056450536065
-1.1020408163265307,-0.2653061224489796,2.3882558629382205
-1.020408163265306,-0.2653061224489796,2.273461484785886
-0.9387755102040818,-0.2653061224489796,2.1096476558642383
-0.8571428571428572,-0.2653061224489796,1.9031110354026095
-0.7755102040816328,-0.2653061224489796,1.662618334519547
-0.6938775510204083,-0.2653061224489796,1.398625070964116
-0.6122448979591837,-0.2653061224489796,1.1225653461534586
-0.5306122448979593,-0.2653061224489796,0.8462126445065836
-0.4489795918367347,-0.2653061224489796,0.5811116550744083
-0.3673469387755104,-0.2653061224489796,0.3380811154660474
-0.2857142857142858,-0.2653061224489796,0.1267876780713391
-0.2040816326530614,-0.2653061224489796,-0.0446092014203746
-0.1224489795918368,-0.2653061224489796,-0.1697413532052321
-0.0408163265306122,-0.2653061224489796,-0.2442449602535827
0.0408163265306122,-0.2653061224489796,-0.265902602902479
0.1224489795918364,-0.2653061224489796,-0.2347142811519214
0.204081632653061,-0.2653061224489796,-0.1528974146648568
0.2857142857142856,-0.2653061224489796,-0.0248158204709354
0.3673469387755101,-0.2653061224489796,0.1431623316259802
0.4489795918367343,-0.2653061224489796,0.3428775859365478
0.5306122448979589,-0.2653061224489796,0.5646632900709304
0.6122448979591835,-0.2653061224489796,0.7977007064200132
0.693877551020408,-0.2653061224489796,1.0304451459328785
0.7755102040816326,-0.2653061224489796,1.2511231241905163
0.8571428571428568,-0.2653061224489796,1.4483005397757864
0.9387755102040812,-0.2653061224489796,1.6115218749396227
1.020408163265306,-0.2653061224489796,1.7320204185634778
1.1020408163265305,-0.2653061224489796,1.8034995114180203
1.1836734693877546,-0.2653061224489796,1.8229848137180729
1.2653061224489792,-0.2653061224489796,1.791747594973795
1.3469387755102038,-0.2653061224489796,1.7162990461381145
1.4285714285714284,-0.2653061224489796,1.6094556140503948
1.510204081632653,-0.2653061224489796,1.4914753581763582
1.591836734693877,-0.2653061224489796,1.3912653296442508
1.6734693877551017,-0.2653061224489796,1.347659972577239
1.7551020408163265,-0.2653061224489796,1.4107705477220729
1.8367346938775508,-0.2653061224489796,1.6434055783739971
1.9183673469387756,-0.2653061224489796,2.1225623185978475
2.0,-0.2653061224489796,2.9409892437455025
-2.0,-0.2244897959183673,3.9908891448869297
-1.9183673469387756,-0.2244897959183673,3.1324788794643887
-1.836734693877551,-0.2244897959183673,2.613338798965651
-1.7551020408163265,-0.2244897959183673,2.3407204280388467
-1.673469387755102,-0.2244897959183673,2.237626512619123
-1.5918367346938775,-0.2244897959183673,2.2412485294112505
-1.510204081632653,-0.2244897959183673,2.3014752176684725
-1.4285714285714286,-0.2244897959183673,2.3794721332676243
-1.3469387755102042,-0.2244897959183673,2.446332225080458
-1.2653061224489797,-0.2244897959183673,2.4817974336412534
-1.183673469387755,-0.2244897959183673,2.473051312110645
-1.1020408163265307,-0.2244897959183673,2.413582669535707
-1.020408163265306,-0.2244897959183673,2.30212023640628
-0.9387755102040818,-0.2244897959183673,2.1416383525075395
-0.8571428571428572,-0.2244897959183673,1.938433677068818
-0.7755102040816328,-0.2244897959183673,1.7012729212086628
-0.6938775510204083,-0.2244897959183673,1.4406116026761386
-0.6122448979591837,-0.2244897959183673,1.1678838228883883
-0.5306122448979593,-0.2244897959183673,0.8948630662644208
-0.4489795918367347,-0.2244897959183673,0.6330940218551525
-0.3673469387755104,-0.2244897959183673,0.3933954272696986
-0.2857142857142858,-0.2244897959183673,0.1854339348978974
-0.2040816326530614,-0.2244897959183673,0.0173690004290908
-0.1224489795918368,-0.2244897959183673,-0.1044312063328595
-0.0408163265306122,-0.2244897959183673,-0.175602868358303
0.0408163265306122,-0.2244897959183673,-0.1939285659842921
0.1224489795918364,-0.2244897959183673,-0.1594082992108274
0.204081632653061,-0.2244897959183673,-0.0742594877008557
0.2857142857142856,-0.2244897959183673,0.0571540515159727
0.3673469387755101,-0.2244897959183673,0.2284641486357955
0.4489795918367343,-0.2244897959183673,0.4315113479692702
0.5306122448979589,-0.2244897959183673,0.6566289971265601
0.6122448979591835,-0.2244897959183673,0.8929983584985499
0.693877551020408,-0.2244897959183673,1.1290747430343222
0.7755102040816326,-0.2244897959183673,1.3530846663148672
0.8571428571428568,-0.2244897959183673,1.5535940269230444
0.9387755102040812,-0.2244897959183673,1.720147307109788
1.020408163265306,-0.2244897959183673,1.84397779575655
1.1020408163265305,-0.2244897959183673,1.918788833634
1.1836734693877546,-0.2244897959183673,1.9416060809569595
1.2653061224489792,-0.2244897959183673,1.9137008072355888
1.3469387755102038,-0.2244897959183673,1.8415842034228156
1.4285714285714284,-0.2244897959183673,1.738072716358003
1.510204081632653,-0.2244897959183673,1.6234244055068736
1.591836734693877,-0.2244897959183673,1.526546321997673
1.6734693877551017,-0.2244897959183673,1.486272909953568
1.7551020408163265,-0.2244897959183673,1.5527154301213095
1.8367346938775508,-0.2244897959183673,1.7886824057961408
1.9183673469387756,-0.2244897959183673,2.271171091042898
2.0,-0.2244897959183673,3.09292996121346
-2.0,-0.1836734693877552,3.970288954177832
-1.9183673469387756,-0.1836734693877552,3.115210633778198
-1.836734693877551,-0.1836734693877552,2.599402498302368
-1.7551020408163265,-0.1836734693877552,2.33011607239847
-1.673469387755102,-0.1836734693877552,2.230354102001653
-1.5918367346938775,-0.1836734693877552,2.237308063816688
-1.510204081632653,-0.1836734693877552,2.300866697096817
-1.4285714285714286,-0.1836734693877552,2.382195557718876
-1.3469387755102042,-0.1836734693877552,2.452387594554617
-1.2653061224489797,-0.1836734693877552,2.49118474813832
-1.183673469387755,-0.1836734693877552,2.4857705716306184
-1.1020408163265307,-0.1836734693877552,2.429633874078588
-1.020408163265306,-0.1836734693877552,2.321503385972067
-0.9387755102040818,-0.1836734693877552,2.164353447096234
-0.8571428571428572,-0.1836734693877552,1.9644807166804197
-0.7755102040816328,-0.1836734693877552,1.7306519058431713
-0.6938775510204083,-0.1836734693877552,1.4733225323335544
-0.6122448979591837,-0.1836734693877552,1.203926697568711
-0.5306122448979593,-0.1836734693877552,0.9342378859676508
-0.4489795918367347,-0.1836734693877552,0.6758007865812895
-0.3673469387755104,-0.1836734693877552,0.4394341370187429
-0.2857142857142858,-0.1836734693877552,0.2348045896698487
-0.2040816326530614,-0.1836734693877552,0.0700716002239492
-0.1224489795918368,-0.1836734693877552,-0.0483966615150939
-0.0408163265306122,-0.1836734693877552,-0.1162363785176303
0.0408163265306122,-0.1836734693877552,-0.1312301311207123
0.1224489795918364,-0.1836734693877552,-0.0933779193243405
0.204081632653061,-0.1836734693877552,-0.0048971627914617
0.2857142857142856,-0.1836734693877552,0.1298483214482739
0.3673469387755101,-0.1836734693877552,0.3044903635910038
0.4489795918367343,-0.1836734693877552,0.5108695079473856
0.5306122448979589,-0.1836734693877552,0.7393191021275826
0.6122448979591835,-0.1836734693877552,0.9790204085224796
0.693877551020408,-0.1836734693877552,1.2184287380811587
0.7755102040816326,-0.1836734693877552,1.445770606384611
0.8571428571428568,-0.1836734693877552,1.6496119120156951
0.9387755102040812,-0.1836734693877552,1.819497137225346
1.020408163265306,-0.1836734693877552,1.9466595708950152
1.1020408163265305,-0.1836734693877552,2.024802553795372
1.1836734693877546,-0.1836734693877552,2.0509517461412385
1.2653061224489792,-0.1836734693877552,2.026378417442776
1.3469387755102038,-0.1836734693877552,1.957593758652909
1.4285714285714284,-0.1836734693877552,1.857414216611004
1.510204081632653,-0.1836734693877552,1.7460978507827811
1.591836734693877,-0.1836734693877552,1.652551712296488
1.6734693877551017,-0.1836734693877552,1.61561024527529
1.7551020408163265,-0.1836734693877552,1.6853847104659383
1.8367346938775508,-0.1836734693877552,1.9246836311636768
1.9183673469387756,-0.1836734693877552,2.410504261433341
2.0,-0.1836734693877552,3.235595076626811
-2.0,-0.1428571428571429,3.939080938497845
-1.9183673469387756,-0.1428571428571429,3.087334563121119
-1.836734693877551,-0.1428571428571429,2.5748583726681957
-1.7551020408163265,-0.1428571428571429,2.3089038917872053
-1.673469387755102,-0.1428571428571429,2.2124738664132955
-1.5918367346938775,-0.1428571428571429,2.2227597732512376
-1.510204081632653,-0.1428571428571429,2.289650351554274
-1.4285714285714286,-0.1428571428571429,2.37431115719924
-1.3469387755102042,-0.1428571428571429,2.447835139057888
-1.2653061224489797,-0.1428571428571429,2.489964237664497
-1.183673469387755,-0.1428571428571429,2.487882006179704
-1.1020408163265307,-0.1428571428571429,2.43507725365058
-1.020408163265306,-0.1428571428571429,2.3302787105669664
-0.9387755102040818,-0.1428571428571429,2.1764607167140406
-0.8571428571428572,-0.1428571428571429,1.9799199313211333
-0.7755102040816328,-0.1428571428571429,1.749423065506792
-0.6938775510204083,-0.1428571428571429,1.4954256370200822
-0.6122448979591837,-0.1428571428571429,1.2293617472781462
-0.5306122448979593,-0.1428571428571429,0.9630048806999928
-0.4489795918367347,-0.1428571428571429,0.7078997263365387
-0.3673469387755104,-0.1428571428571429,0.4748650217968991
-0.2857142857142858,-0.1428571428571429,0.2735674194709122
-0.2040816326530614,-0.1428571428571429,0.1121663750479198
-0.1224489795918368,-0.1428571428571429,-0.0029699416682162
-0.0408163265306122,-0.1428571428571429,-0.0674777136478455
0.0408163265306122,-0.1428571428571429,-0.0791395212280204
0.1224489795918364,-0.1428571428571429,-0.0379553644087414
0.204081632653061,-0.1428571428571429,0.0538573371470444
0.2857142857142856,-0.1428571428571429,0.1919347664096872
0.3673469387755101,-0.1428571428571429,0.3699087535753242
0.4489795918367343,-0.1428571428571429,0.5796198429546132
0.5306122448979589,-0.1428571428571429,0.8114013821577172
0.6122448979591835,-0.1428571428571429,1.0544346335755213
0.693877551020408,-0.1428571428571429,1.2971749081571078
0.7755102040816326,-0.1428571428571429,1.5278487214834673
0.8571428571428568,-0.1428571428571429,1.735021972137459
0.9387755102040812,-0.1428571428571429,1.908239142370016
1.020408163265306,-0.1428571428571429,2.0387335210625928
1.1020408163265305,-0.1428571428571429,2.120208448985857
1.1836734693877546,-0.1428571428571429,2.1496895863546306
1.2653061224489792,-0.1428571428571429,2.1284482026790745
1.3469387755102038,-0.1428571428571429,2.062995488912115
1.4285714285714284,-0.1428571428571429,1.9661478918931168
1.510204081632653,-0.1428571428571429,1.8581634710878012
1.591836734693877,-0.1428571428571429,1.7679492776244152
1.6734693877551017,-0.1428571428571429,1.7343397556261246
1.7551020408163265,-0.1428571428571429,1.8074461658396803
1.8367346938775508,-0.1428571428571429,2.050077031560326
1.9183673469387756,-0.1428571428571429,2.539229606852897
2.0,-0.1428571428571429,3.367652367069274
-2.0,-0.1020408163265307,3.8961993195139466
-1.9183673469387756,-0.1020408163265307,3.047784889160128
-1.836734693877551,-0.1020408163265307,2.5386406437301106
-1.7551020408163265,-0.1020408163265307,2.276018107872028
-1.673469387755102,-0.1020408163265307,2.1829200275210248
-1.5918367346938775,-0.1020408163265307,2.196537879381874
-1.510204081632653,-0.1020408163265307,2.266760402707818
-1.4285714285714286,-0.1020408163265307,2.3547531533756905
-1.3469387755102042,-0.1020408163265307,2.4316090802572456
-1.2653061224489797,-0.1020408163265307,2.4770701238867625
-1.183673469387755,-0.1020408163265307,2.478319837424876
-1.1020408163265307,-0.1020408163265307,2.4288470299186598
-1.020408163265306,-0.1020408163265307,2.3273804318579527
-0.9387755102040818,-0.1020408163265307,2.176894383027934
-0.8571428571428572,-0.1020408163265307,1.983685542657934
-0.7755102040816328,-0.1020408163265307,1.7565206218664997
-0.6938775510204083,-0.1020408163265307,1.5058551384026972
-0.6122448979591837,-0.1020408163265307,1.2431231936836682
-0.5306122448979593,-0.1020408163265307,0.980098272128422
-0.4489795918367347,-0.1020408163265307,0.728325062787875
-0.3673469387755104,-0.1020408163265307,0.4986223032711426
-0.2857142857142858,-0.1020408163265307,0.3006566459680627
-0.2040816326530614,-0.1020408163265307,0.1425875465679774
-0.1224489795918368,-0.1020408163265307,0.0307831748747484
-0.0408163265306122,-0.1020408163265307,-0.0303926520819736
0.0408163265306122,-0.1020408163265307,-0.0387225146392414
0.1224489795918364,-0.1020408163265307,0.0057935872029446
0.204081632653061,-0.1020408163265307,0.1009382337816376
0.2857142857142856,-0.1020408163265307,0.2423476080671875
0.3673469387755101,-0.1020408163265307,0.4236535402557317
0.4489795918367343,-0.1020408163265307,0.6366965746579277
0.5306122448979589,-0.1020408163265307,0.8718100588839388
0.6122448979591835,-0.1020408163265307,1.11817525532465
0.693877551020408,-0.1020408163265307,1.3642474749291436
0.7755102040816326,-0.1020408163265307,1.5982532332784103
0.8571428571428568,-0.1020408163265307,1.8087584289553087
0.9387755102040812,-0.1020408163265307,1.9853075442107733
1.020408163265306,-0.1020408163265307,2.119133867926257
1.1020408163265305,-0.1020408163265307,2.203940740872428
1.1836734693877546,-0.1020408163265307,2.236753823264109
1.2653061224489792,-0.1020408163265307,2.2188443846114603
1.3469387755102038,-0.1020408163265307,2.156723615867408
1.4285714285714284,-0.1020408163265307,2.0632079638713168
1.510204081632653,-0.1020408163265307,1.958555488088909
1.591836734693877,-0.1020408163265307,1.8716732396484292
1.6734693877551017,-0.1020408163265307,1.8413956626730457
1.7551020408163265,-0.1020408163265307,1.9178340179095088
1.8367346938775508,-0.1020408163265307,2.1637968286530613
1.9183673469387756,-0.1020408163265307,2.65628134896854
2.0,-0.1020408163265307,3.488036054207824
-2.0,-0.0612244897959184,3.8408447634763663
-1.9183673469387756,-0.0612244897959184,2.995762278145454
-1.836734693877551,-0.0612244897959184,2.4899499777383447
-1.7551020408163265,-0.0612244897959184,2.230659386903169
-1.673469387755102,-0.0612244897959184,2.140893251575073
-1.5918367346938775,-0.0612244897959184,2.1578430484588296
-1.510204081632653,-0.0612244897959184,2.23139751680768
-1.4285714285714286,-0.0612244897959184,2.3227222124984603
-1.3469387755102042,-0.0612244897959184,2.4029100844029223
-1.2653061224489797,-0.0612244897959184,2.451703073055346
-1.183673469387755,-0.0612244897959184,2.4562847316163667
-1.1020408163265307,-0.0612244897959184,2.410143869133057
-1.020408163265306,-0.0612244897959184,2.312009216095258
-0.9387755102040818,-0.0612244897959184,2.1648551122881465
-0.8571428571428572,-0.0612244897959184,1.974978216941053
-0.7755102040816328,-0.0612244897959184,1.751145241172526
-0.6938775510204083,-0.0612244897959184,1.503811702731631
-0.6122448979591837,-0.0612244897959184,1.2444117030355086
-0.5306122448979593,-0.0612244897959184,0.9847187265031696
-0.4489795918367347,-0.0612244897959184,0.7362774621855299
-0.3673469387755104,-0.0612244897959184,0.5099066476917046
-0.2857142857142858,-0.0612244897959184,0.3152729354115318
-0.2040816326530614,-0.0612244897959184,0.1605357810343537
-0.1224489795918368,-0.0612244897959184,0.0520633543640318
-0.0408163265306122,-0.0612244897959184,-0.0057805275697831
0.0408163265306122,-0.0612244897959184,-0.0107784451041438
0.1224489795918364,-0.0612244897959184,0.0370696017609493
0.204081632653061,-0.0612244897959184,0.1355461933625495
0.2857142857142856,-0.0612244897959184,0.2802875126710065
0.3673469387755101,-0.0612244897959184,0.4649253898824578
0.4489795918367343,-0.0612244897959184,0.681300369307561
0.5306122448979589,-0.0612244897959184,0.9197457985564792
0.6122448979591835,-0.0612244897959184,1.1694429400200976
0.693877551020408,-0.0612244897959184,1.4188471046474982
0.7755102040816326,-0.0612244897959184,1.656184808019672
0.8571428571428568,-0.0612244897959184,1.8700219487194776
0.9387755102040812,-0.0612244897959184,2.0499030089978496
1.020408163265306,-0.0612244897959184,2.1870612777362406
1.1020408163265305,-0.0612244897959184,2.2752000957053187
1.1836734693877546,-0.0612244897959184,2.3113451231199065
1.2653061224489792,-0.0612244897959184,2.296767629490165
1.3469387755102038,-0.0612244897959184,2.2379788057690195
1.4285714285714284,-0.0612244897959184,2.1477950987958354
1.510204081632653,-0.0612244897959184,2.0464745680363348
1.591836734693877,-0.0612244897959184,1.9629242646187623
1.6734693877551017,-0.0612244897959184,1.935978632666286
1.7551020408163265,-0.0612244897959184,2.015748932925656
1.8367346938775508,-0.0612244897959184,2.265043688692116
1.9183673469387756,-0.0612244897959184,2.760860154030502
2.0,-0.0612244897959184,3.5959468042926925
-2.0,-0.0204081632653061,3.772484381218592
-1.9183673469387756,-0.0204081632653061,2.9307338409105865
-1.836734693877551,-0.0204081632653061,2.428253485526384
-1.7551020408163265,-0.0204081632653061,2.1722948397141155
-1.673469387755102,-0.0204081632653061,2.085860649408927
-1.5918367346938775,-0.0204081632653061,2.106142391315591
-1.510204081632653,-0.0204081632653061,2.1830288046873485
-1.4285714285714286,-0.0204081632653061,2.277685445401036
-1.3469387755102042,-0.0204081632653061,2.3612052623284048
-1.2653061224489797,-0.0204081632653061,2.413330196003736
-1.183673469387755,-0.0204081632653061,2.4212437995876632
-1.1020408163265307,-0.0204081632653061,2.378434882127261
-1.020408163265306,-0.0204081632653061,2.283632174112369
-0.9387755102040818,-0.0204081632653061,2.1398100153281647
-0.8571428571428572,-0.0204081632653061,1.9532650650039785
-0.7755102040816328,-0.0204081632653061,1.7327640342583588
-0.6938775510204083,-0.0204081632653061,1.4887624408403703
-0.6122448979591837,-0.0204081632653061,1.2326943861671555
-0.5306122448979593,-0.0204081632653061,0.9763333546577234
-0.4489795918367347,-0.0204081632653061,0.7312240353629907
-0.3673469387755104,-0.0204081632653061,0.5081851658920726
-0.2857142857142858,-0.0204081632653061,0.3168833986348071
-0.2040816326530614,-0.0204081632653061,0.1654781892805359
-0.1224489795918368,-0.0204081632653061,0.0603377076331213
-0.0408163265306122,-0.0204081632653061,0.0058257707222134
0.0408163265306122,-0.0204081632653061,0.0041597982107598
0.1224489795918364,-0.0204081632653061,0.0553397900987601
0.204081632653061,-0.0204081632653061,0.1571483267232674
0.2857142857142856,-0.0204081632653061,0.3052215910546316
0.3673469387755101,-0.0204081632653061,0.49319141328899
0.4489795918367343,-0.0204081632653061,0.7128983377370003
0.5306122448979589,-0.0204081632653061,0.9546757120088256
0.6122448979591835,-0.0204081632653061,1.2077047984953513
0.693877551020408,-0.0204081632653061,1.460440908145659
0.7755102040816326,-0.0204081632653061,1.7011105565407398
0.8571428571428568,-0.0204081632653061,1.9182796422634527
0.9387755102040812,-0.0204081632653061,2.1014926475647315
1.020408163265306,-0.0204081632653061,2.2419828613260298
1.1020408163265305,-0.0204081632653061,2.333453624318015
1.1836734693877546,-0.0204081632653061,2.37293059675551
1.2653061224489792,-0.0204081632653061,2.3616850481486757
1.3469387755102038,-0.0204081632653061,2.306228169450437
1.4285714285714284,-0.0204081632653061,2.2193764075001603
1.510204081632653,-0.0204081632653061,2.1213878217635664
1.591836734693877,-0.0204081632653061,2.041169463368901
1.6734693877551017,-0.0204081632653061,2.0175557764393326
1.7551020408163265,-0.0204081632653061,2.100658021721609
1.8367346938775508,-0.0204081632653061,2.3532847225109763
1.9183673469387756,-0.0204081632653061,2.852433132872269
2.0,-0.0204081632653061,3.690851728157367
-2.0,0.0204081632653061,3.690851728157367
-1.9183673469387756,0.0204081632653061,2.852433132872269
-1.836734693877551,0.0204081632653061,2.353284722510974
-1.7551020408163265,0.0204081632653061,2.1006580217216126
-1.673469387755102,0.0204081632653061,2.0175557764393317
-1.5918367346938775,0.0204081632653061,2.041169463368901
-1.510204081632653,0.0204081632653061,2.1213878217635664
-1.4285714285714286,0.0204081632653061,2.2193764075001607
-1.3469387755102042,0.0204081632653061,2.306228169450437
-1.2653061224489797,0.0204081632653061,2.3616850481486757
-1.183673469387755,0.0204081632653061,2.37293059675551
-1.1020408163265307,0.0204081632653061,2.333453624318015
-1.020408163265306,0.0204081632653061,2.24198286132603
-0.9387755102040818,0.0204081632653061,2.1014926475647324
-0.8571428571428572,0.0204081632653061,1.9182796422634536
-0.7755102040816328,0.0204081632653061,1.701110556540741
-0.6938775510204083,0.0204081632653061,1.4604409081456595
-0.6122448979591837,0.0204081632653061,1.2077047984953522
-0.5306122448979593,0.0204081632653061,0.9546757120088272
-0.4489795918367347,0.0204081632653061,0.7128983377370016
-0.3673469387755104,0.0204081632653061,0.4931914132889906
-0.2857142857142858,0.0204081632653061,0.3052215910546321
-0.2040816326530614,0.0204081632653061,0.1571483267232681
-0.1224489795918368,0.0204081632653061,0.0553397900987606
-0.0408163265306122,0.0204081632653061,0.0041597982107598
0.0408163265306122,0.0204081632653061,0.0058257707222134
0.1224489795918364,0.0204081632653061,0.0603377076331208
0.204081632653061,0.0204081632653061,0.1654781892805353
0.2857142857142856,0.0204081632653061,0.3168833986348066
0.3673469387755101,0.0204081632653061,0.5081851658920721
0.4489795918367343,0.0204081632653061,0.7312240353629894
0.5306122448979589,0.0204081632653061,0.976333354657722
0.6122448979591835,0.0204081632653061,1.2326943861671549
0.693877551020408,0.0204081632653061,1.4887624408403697
0.7755102040816326,0.0204081632653061,1.7327640342583577
0.8571428571428568,0.0204081632653061,1.9532650650039771
0.9387755102040812,0.0204081632653061,2.139810015328164
1.020408163265306,0.0204081632653061,2.2836321741123684
1.1020408163265305,0.0204081632653061,2.378434882127261
1.1836734693877546,0.0204081632653061,2.4212437995876632
1.2653061224489792,0.0204081632653061,2.413330196003736
1.3469387755102038,0.0204081632653061,2.3612052623284048
1.4285714285714284,0.0204081632653061,2.277685445401035
1.510204081632653,0.0204081632653061,2.1830288046873485
1.591836734693877,0.0204081632653061,2.106142391315591
1.6734693877551017,0.0204081632653061,2.085860649408928
1.7551020408163265,0.0204081632653061,2.1722948397141124
1.8367346938775508,0.0204081632653061,2.4282534855263864
1.9183673469387756,0.0204081632653061,2.9307338409105865
2.0,0.0204081632653061,3.772484381218592
-2.0,0.0612244897959182,3.595946804292693
-1.9183673469387756,0.0612244897959182,2.7608601540305022
-1.836734693877551,0.0612244897959182,2.265043688692114
-1.7551020408163265,0.0612244897959182,2.01574893292566
-1.673469387755102,0.0612244897959182,1.9359786326662851
-1.5918367346938775,0.0612244897959182,1.962924264618763
-1.510204081632653,0.0612244897959182,2.046474568036335
-1.4285714285714286,0.0612244897959182,2.1477950987958363
-1.3469387755102042,0.0612244897959182,2.23797880576902
-1.2653061224489797,0.0612244897959182,2.296767629490165
-1.183673469387755,0.0612244897959182,2.311345123119907
-1.1020408163265307,0.0612244897959182,2.2752000957053187
-1.020408163265306,0.0612244897959182,2.187061277736241
-0.9387755102040818,0.0612244897959182,2.049903008997851
-0.8571428571428572,0.0612244897959182,1.8700219487194791
-0.7755102040816328,0.0612244897959182,1.6561848080196735
-0.6938775510204083,0.0612244897959182,1.4188471046474993
-0.6122448979591837,0.0612244897959182,1.1694429400200987
-0.5306122448979593,0.0612244897959182,0.919745798556481
-0.4489795918367347,0.0612244897959182,0.6813003693075625
-0.3673469387755104,0.0612244897959182,0.4649253898824585
-0.2857142857142858,0.0612244897959182,0.2802875126710071
-0.2040816326530614,0.0612244897959182,0.1355461933625503
-0.1224489795918368,0.0612244897959182,0.0370696017609499
-0.0408163265306122,0.0612244897959182,-0.0107784451041437
0.0408163265306122,0.0612244897959182,-0.005780527569783
0.1224489795918364,0.0612244897959182,0.0520633543640314
0.204081632653061,0.0612244897959182,0.160535781034353
0.2857142857142856,0.0612244897959182,0.3152729354115314
0.3673469387755101,0.0612244897959182,0.5099066476917041
0.4489795918367343,0.0612244897959182,0.7362774621855286
0.5306122448979589,0.0612244897959182,0.9847187265031682
0.6122448979591835,0.0612244897959182,1.244411703035508
0.693877551020408,0.0612244897959182,1.50381170273163
0.7755102040816326,0.0612244897959182,1.751145241172525
0.8571428571428568,0.0612244897959182,1.974978216941052
0.9387755102040812,0.0612244897959182,2.164855112288145
1.020408163265306,0.0612244897959182,2.312009216095257
1.1020408163265305,0.0612244897959182,2.410143869133057
1.1836734693877546,0.0612244897959182,2.4562847316163663
1.2653061224489792,0.0612244897959182,2.451703073055346
1.3469387755102038,0.0612244897959182,2.402910084402922
1.4285714285714284,0.0612244897959182,2.3227222124984594
1.510204081632653,0.0612244897959182,2.23139751680768
1.591836734693877,0.0612244897959182,2.157843048458829
1.6734693877551017,0.0612244897959182,2.1408932515750743
1.7551020408163265,0.0612244897959182,2.230659386903165
1.8367346938775508,0.0612244897959182,2.4899499777383465
1.9183673469387756,0.0612244897959182,2.9957622781454534
2.0,0.0612244897959182,3.840844763476366
-2.0,0.1020408163265305,3.488036054207824
-1.9183673469387756,0.1020408163265305,2.65628134896854
-1.836734693877551,0.1020408163265305,2.16379682865306
-1.7551020408163265,0.1020408163265305,1.9178340179095124
-1.673469387755102,0.1020408163265305,1.8413956626730448
-1.5918367346938775,0.1020408163265305,1.87167323964843
-1.510204081632653,0.1020408163265305,1.958555488088909
-1.4285714285714286,0.1020408163265305,2.063207963871317
-1.3469387755102042,0.1020408163265305,2.156723615867408
-1.2653061224489797,0.1020408163265305,2.2188443846114603
-1.183673469387755,0.1020408163265305,2.236753823264109
-1.1020408163265307,0.1020408163265305,2.2039407408724285
-1.020408163265306,0.1020408163265305,2.1191338679262577
-0.9387755102040818,0.1020408163265305,1.9853075442107744
-0.8571428571428572,0.1020408163265305,1.8087584289553105
-0.7755102040816328,0.1020408163265305,1.5982532332784116
-0.6938775510204083,0.1020408163265305,1.3642474749291449
-0.6122448979591837,0.1020408163265305,1.1181752553246511
-0.5306122448979593,0.1020408163265305,0.8718100588839406
-0.4489795918367347,0.1020408163265305,0.6366965746579293
-0.3673469387755104,0.1020408163265305,0.4236535402557325
-0.2857142857142858,0.1020408163265305,0.2423476080671882
-0.2040816326530614,0.1020408163265305,0.1009382337816385
-0.1224489795918368,0.1020408163265305,0.0057935872029452
-0.0408163265306122,0.1020408163265305,-0.0387225146392412
0.0408163265306122,0.1020408163265305,-0.0303926520819734
0.1224489795918364,0.1020408163265305,0.0307831748747481
0.204081632653061,0.1020408163265305,0.1425875465679768
0.2857142857142856,0.1020408163265305,0.3006566459680624
0.3673469387755101,0.1020408163265305,0.4986223032711421
0.4489795918367343,0.1020408163265305,0.7283250627878737
0.5306122448979589,0.1020408163265305,0.9800982721284204
0.6122448979591835,0.1020408163265305,1.2431231936836673
0.693877551020408,0.1020408163265305,1.5058551384026966
0.7755102040816326,0.1020408163265305,1.7565206218664988
0.8571428571428568,0.1020408163265305,1.983685542657933
0.9387755102040812,0.1020408163265305,2.176894383027933
1.020408163265306,0.1020408163265305,2.3273804318579523
1.1020408163265305,0.1020408163265305,2.428847029918659
1.1836734693877546,0.1020408163265305,2.478319837424875
1.2653061224489792,0.1020408163265305,2.477070123886762
1.3469387755102038,0.1020408163265305,2.431609080257245
1.4285714285714284,0.1020408163265305,2.3547531533756896
1.510204081632653,0.1020408163265305,2.266760402707817
1.591836734693877,0.1020408163265305,2.1965378793818737
1.6734693877551017,0.1020408163265305,2.1829200275210257
1.7551020408163265,0.1020408163265305,2.2760181078720243
1.8367346938775508,0.1020408163265305,2.5386406437301123
1.9183673469387756,0.1020408163265305,3.047784889160127
2.0,0.1020408163265305,3.896199319513946
-2.0,0.1428571428571428,3.367652367069274
-1.9183673469387756,0.1428571428571428,2.539229606852897
-1.836734693877551,0.1428571428571428,2.050077031560324
-1.7551020408163265,0.1428571428571428,1.807446165839684
-1.673469387755102,0.1428571428571428,1.7343397556261235
-1.5918367346938775,0.1428571428571428,1.7679492776244157
-1.510204081632653,0.1428571428571428,1.8581634710878017
-1.4285714285714286,0.1428571428571428,1.9661478918931172
-1.3469387755102042,0.1428571428571428,2.062995488912115
-1.2653061224489797,0.1428571428571428,2.1284482026790745
-1.183673469387755,0.1428571428571428,2.1496895863546306
-1.1020408163265307,0.1428571428571428,2.120208448985857
-1.020408163265306,0.1428571428571428,2.038733521062593
-0.9387755102040818,0.1428571428571428,1.908239142370017
-0.8571428571428572,0.1428571428571428,1.73502197213746
-0.7755102040816328,0.1428571428571428,1.5278487214834686
-0.6938775510204083,0.1428571428571428,1.297174908157109
-0.6122448979591837,0.1428571428571428,1.0544346335755224
-0.5306122448979593,0.1428571428571428,0.8114013821577187
-0.4489795918367347,0.1428571428571428,0.5796198429546147
-0.3673469387755104,0.1428571428571428,0.3699087535753249
-0.2857142857142858,0.1428571428571428,0.1919347664096878
-0.2040816326530614,0.1428571428571428,0.0538573371470452
-0.1224489795918368,0.1428571428571428,-0.0379553644087409
-0.0408163265306122,0.1428571428571428,-0.0791395212280203
0.0408163265306122,0.1428571428571428,-0.0674777136478453
0.1224489795918364,0.1428571428571428,-0.0029699416682166
0.204081632653061,0.1428571428571428,0.1121663750479191
0.2857142857142856,0.1428571428571428,0.2735674194709118
0.3673469387755101,0.1428571428571428,0.4748650217968987
0.4489795918367343,0.1428571428571428,0.7078997263365374
0.5306122448979589,0.1428571428571428,0.9630048806999912
0.6122448979591835,0.1428571428571428,1.229361747278145
0.693877551020408,0.1428571428571428,1.4954256370200816
0.7755102040816326,0.1428571428571428,1.7494230655067908
0.8571428571428568,0.1428571428571428,1.979919931321132
0.9387755102040812,0.1428571428571428,2.17646071671404
1.020408163265306,0.1428571428571428,2.330278710566966
1.1020408163265305,0.1428571428571428,2.43507725365058
1.1836734693877546,0.1428571428571428,2.487882006179704
1.2653061224489792,0.1428571428571428,2.489964237664497
1.3469387755102038,0.1428571428571428,2.4478351390578874
1.4285714285714284,0.1428571428571428,2.374311157199239
1.510204081632653,0.1428571428571428,2.2896503515542737
1.591836734693877,0.1428571428571428,2.222759773251237
1.6734693877551017,0.1428571428571428,2.212473866413297
1.7551020408163265,0.1428571428571428,2.3089038917872022
1.8367346938775508,0.1428571428571428,2.574858372668197
1.9183673469387756,0.1428571428571428,3.087334563121119
2.0,0.1428571428571428,3.939080938497845
-2.0,0.183673469387755,3.235595076626812
-1.9183673469387756,0.183673469387755,2.410504261433342
-1.836734693877551,0.183673469387755,1.9246836311636752
-1.7551020408163265,0.183673469387755,1.685384710465942
-1.673469387755102,0.183673469387755,1.6156102452752892
-1.5918367346938775,0.183673469387755,1.652551712296488
-1.510204081632653,0.183673469387755,1.7460978507827816
-1.4285714285714286,0.183673469387755,1.8574142166110044
-1.3469387755102042,0.183673469387755,1.9575937586529093
-1.2653061224489797,0.183673469387755,2.026378417442776
-1.183673469387755,0.183673469387755,2.050951746141239
-1.1020408163265307,0.183673469387755,2.0248025537953724
-1.020408163265306,0.183673469387755,1.946659570895016
-0.9387755102040818,0.183673469387755,1.819497137225347
-0.8571428571428572,0.183673469387755,1.649611912015697
-0.7755102040816328,0.183673469387755,1.4457706063846123
-0.6938775510204083,0.183673469387755,1.2184287380811596
-0.6122448979591837,0.183673469387755,0.9790204085224804
-0.5306122448979593,0.183673469387755,0.739319102127584
-0.4489795918367347,0.183673469387755,0.5108695079473871
-0.3673469387755104,0.183673469387755,0.3044903635910044
-0.2857142857142858,0.183673469387755,0.1298483214482745
-0.2040816326530614,0.183673469387755,-0.0048971627914609
-0.1224489795918368,0.183673469387755,-0.09337791932434
-0.0408163265306122,0.183673469387755,-0.1312301311207122
0.0408163265306122,0.183673469387755,-0.1162363785176301
0.1224489795918364,0.183673469387755,-0.0483966615150943
0.204081632653061,0.183673469387755,0.0700716002239486
0.2857142857142856,0.183673469387755,0.2348045896698484
0.3673469387755101,0.183673469387755,0.4394341370187423
0.4489795918367343,0.183673469387755,0.6758007865812882
0.5306122448979589,0.183673469387755,0.9342378859676492
0.6122448979591835,0.183673469387755,1.2039266975687104
0.693877551020408,0.183673469387755,1.473322532333554
0.7755102040816326,0.183673469387755,1.7306519058431702
0.8571428571428568,0.183673469387755,1.9644807166804183
0.9387755102040812,0.183673469387755,2.164353447096233
1.020408163265306,0.183673469387755,2.321503385972066
1.1020408163265305,0.183673469387755,2.429633874078588
1.1836734693877546,0.183673469387755,2.485770571630618
1.2653061224489792,0.183673469387755,2.491184748138319
1.3469387755102038,0.183673469387755,2.452387594554617
1.4285714285714284,0.183673469387755,2.382195557718876
1.510204081632653,0.183673469387755,2.3008666970968177
1.591836734693877,0.183673469387755,2.2373080638166885
1.6734693877551017,0.183673469387755,2.2303541020016544
1.7551020408163265,0.183673469387755,2.330116072398467
1.8367346938775508,0.183673469387755,2.5994024983023696
1.9183673469387756,0.183673469387755,3.115210633778198
2.0,0.183673469387755,3.970288954177832
-2.0,0.2244897959183671,3.092929961213461
-1.9183673469387756,0.2244897959183671,2.271171091042899
-1.836734693877551,0.2244897959183671,1.7886824057961392
-1.7551020408163265,0.2244897959183671,1.5527154301213135
-1.673469387755102,0.2244897959183671,1.4862729099535674
-1.5918367346938775,0.2244897959183671,1.5265463219976738
-1.510204081632653,0.2244897959183671,1.6234244055068745
-1.4285714285714286,0.2244897959183671,1.738072716358004
-1.3469387755102042,0.2244897959183671,1.841584203422816
-1.2653061224489797,0.2244897959183671,1.9137008072355897
-1.183673469387755,0.2244897959183671,1.94160608095696
-1.1020408163265307,0.2244897959183671,1.9187888336340004
-1.020408163265306,0.2244897959183671,1.8439777957565515
-0.9387755102040818,0.2244897959183671,1.7201473071097897
-0.8571428571428572,0.2244897959183671,1.5535940269230462
-0.7755102040816328,0.2244897959183671,1.353084666314869
-0.6938775510204083,0.2244897959183671,1.129074743034323
-0.6122448979591837,0.2244897959183671,0.8929983584985511
-0.5306122448979593,0.2244897959183671,0.6566289971265619
-0.4489795918367347,0.2244897959183671,0.4315113479692719
-0.3673469387755104,0.2244897959183671,0.2284641486357965
-0.2857142857142858,0.2244897959183671,0.0571540515159736
-0.2040816326530614,0.2244897959183671,-0.0742594877008547
-0.1224489795918368,0.2244897959183671,-0.1594082992108266
-0.0408163265306122,0.2244897959183671,-0.1939285659842917
0.0408163265306122,0.2244897959183671,-0.1756028683583026
0.1224489795918364,0.2244897959183671,-0.1044312063328596
0.204081632653061,0.2244897959183671,0.0173690004290903
0.2857142857142856,0.2244897959183671,0.1854339348978973
0.3673469387755101,0.2244897959183671,0.3933954272696983
0.4489795918367343,0.2244897959183671,0.6330940218551513
0.5306122448979589,0.2244897959183671,0.8948630662644194
0.6122448979591835,0.2244897959183671,1.1678838228883877
0.693877551020408,0.2244897959183671,1.4406116026761384
0.7755102040816326,0.2244897959183671,1.701272921208662
0.8571428571428568,0.2244897959183671,1.938433677068817
0.9387755102040812,0.2244897959183671,2.141638352507538
1.020408163265306,0.2244897959183671,2.3021202364062794
1.1020408163265305,0.2244897959183671,2.413582669535708
1.1836734693877546,0.2244897959183671,2.473051312110645
1.2653061224489792,0.2244897959183671,2.4817974336412534
1.3469387755102038,0.2244897959183671,2.446332225080458
1.4285714285714284,0.2244897959183671,2.379472133267624
1.510204081632653,0.2244897959183671,2.3014752176684725
1.591836734693877,0.2244897959183671,2.2412485294112505
1.6734693877551017,0.2244897959183671,2.237626512619124
1.7551020408163265,0.2244897959183671,2.340720428038844
1.8367346938775508,0.2244897959183671,2.6133387989656534
1.9183673469387756,0.2244897959183671,3.1324788794643887
2.0,0.2244897959183671,3.990889144886929
-2.0,0.2653061224489794,2.9409892437455034
-1.9183673469387756,0.2653061224489794,2.122562318597848
-1.836734693877551,0.2653061224489794,1.6434055783739956
-1.7551020408163265,0.2653061224489794,1.4107705477220769
-1.673469387755102,0.2653061224489794,1.347659972577238
-1.5918367346938775,0.2653061224489794,1.3912653296442514
-1.510204081632653,0.2653061224489794,1.4914753581763591
-1.4285714285714286,0.2653061224489794,1.609455614050396
-1.3469387755102042,0.2653061224489794,1.7162990461381151
-1.2653061224489797,0.2653061224489794,1.791747594973796
-1.183673469387755,0.2653061224489794,1.8229848137180733
-1.1020408163265307,0.2653061224489794,1.8034995114180208
-1.020408163265306,0.2653061224489794,1.7320204185634789
-0.9387755102040818,0.2653061224489794,1.611521874939624
-0.8571428571428572,0.2653061224489794,1.448300539775788
-0.7755102040816328,0.2653061224489794,1.251123124190518
-0.6938775510204083,0.2653061224489794,1.0304451459328794
-0.6122448979591837,0.2653061224489794,0.7977007064200146
-0.5306122448979593,0.2653061224489794,0.5646632900709323
-0.4489795918367347,0.2653061224489794,0.3428775859365496
-0.3673469387755104,0.2653061224489794,0.1431623316259812
-0.2857142857142858,0.2653061224489794,-0.0248158204709345
-0.2040816326530614,0.2653061224489794,-0.1528974146648557
-0.1224489795918368,0.2653061224489794,-0.2347142811519206
-0.0408163265306122,0.2653061224489794,-0.2659026029024786
0.0408163265306122,0.2653061224489794,-0.2442449602535822
0.1224489795918364,0.2653061224489794,-0.1697413532052322
0.204081632653061,0.2653061224489794,-0.044609201420375
0.2857142857142856,0.2653061224489794,0.1267876780713389
0.3673469387755101,0.2653061224489794,0.3380811154660472
0.4489795918367343,0.2653061224489794,0.5811116550744072
0.5306122448979589,0.2653061224489794,0.8462126445065825
0.6122448979591835,0.2653061224489794,1.122565346153458
0.693877551020408,0.2653061224489794,1.3986250709641157
0.7755102040816326,0.2653061224489794,1.6626183345195462
0.8571428571428568,0.2653061224489794,1.9031110354026088
0.9387755102040812,0.2653061224489794,2.109647655864238
1.020408163265306,0.2653061224489794,2.2734614847858854
1.1020408163265305,0.2653061224489794,2.3882558629382205
1.1836734693877546,0.2653061224489794,2.4510564505360657
1.2653061224489792,0.2653061224489794,2.4631345170895806
1.3469387755102038,0.2653061224489794,2.4310012535516923
1.4285714285714284,0.2653061224489794,2.3674731067617656
1.510204081632653,0.2653061224489794,2.292808136185521
1.591836734693877,0.2653061224489794,2.2359133929512063
1.6734693877551017,0.2653061224489794,2.235623321181987
1.7551020408163265,0.2653061224489794,2.342049181624614
1.8367346938775508,0.2653061224489794,2.6179994975743304
1.9183673469387756,0.2653061224489794,3.140471523095973
2.0,0.2653061224489794,4.002213733541422
-2.0,0.3061224489795917,2.781371591722476
-1.9183673469387756,0.3061224489795917,1.966276611597728
-1.836734693877551,0.3061224489795917,1.4904518163967824
-1.7551020408163265,0.3061224489795917,1.261148730767771
-1.673469387755102,0.3061224489795917,1.201370100645839
-1.5918367346938775,0.3061224489795917,1.2483074027357597
-1.510204081632653,0.3061224489795917,1.3518493762907744
-1.4285714285714286,0.3061224489795917,1.4731615771877185
-1.3469387755102042,0.3061224489795917,1.5833369542983446
-1.2653061224489797,0.3061224489795917,1.6621174481569327
-1.183673469387755,0.3061224489795917,1.6966866119241173
-1.1020408163265307,0.3061224489795917,1.680533254646972
-1.020408163265306,0.3061224489795917,1.612386106815337
-0.9387755102040818,0.3061224489795917,1.495219508214389
-0.8571428571428572,0.3061224489795917,1.3353301180734602
-0.7755102040816328,0.3061224489795917,1.1414846475110974
-0.6938775510204083,0.3061224489795917,0.924138614276366
-0.6122448979591837,0.3061224489795917,0.6947261197864083
-0.5306122448979593,0.3061224489795917,0.465020648460233
-0.4489795918367347,0.3061224489795917,0.2465668893487574
-0.3673469387755104,0.3061224489795917,0.0501835800610961
-0.2857142857142858,0.3061224489795917,-0.1144626270129124
-0.2040816326530614,0.3061224489795917,-0.2392122761839265
-0.1224489795918368,0.3061224489795917,-0.3176971976480842
-0.0408163265306122,0.3061224489795917,-0.3455535743757351
0.0408163265306122,0.3061224489795917,-0.3205639867039316
0.1224489795918364,0.3061224489795917,-0.2427284346326745
0.204081632653061,0.3061224489795917,-0.1142643378249101
0.2857142857142856,0.3061224489795917,0.0604644866897109
0.3673469387755101,0.3061224489795917,0.2750898691073263
0.4489795918367343,0.3061224489795917,0.5214523537385936
0.5306122448979589,0.3061224489795917,0.789885288193676
0.6122448979591835,0.3061224489795917,1.0695699348634584
0.693877551020408,0.3061224489795917,1.3489616046970232
0.7755102040816326,0.3061224489795917,1.616286813275361
0.8571428571428568,0.3061224489795917,1.8601114591813304
0.9387755102040812,0.3061224489795917,2.069980024665867
1.020408163265306,0.3061224489795917,2.2371257986104216
1.1020408163265305,0.3061224489795917,2.355252121785664
1.1836734693877546,0.3061224489795917,2.421384654406416
1.2653061224489792,0.3061224489795917,2.436794665982838
1.3469387755102038,0.3061224489795917,2.407993347467857
1.4285714285714284,0.3061224489795917,2.347797145700837
1.510204081632653,0.3061224489795917,2.2764641201475007
1.591836734693877,0.3061224489795917,2.222901321936092
1.6734693877551017,0.3061224489795917,2.22594319518978
1.7551020408163265,0.3061224489795917,2.3357010006553143
1.8367346938775508,0.3061224489795917,2.614983261627938
1.9183673469387756,0.3061224489795917,3.140787232172488
2.0,0.3061224489795917,4.005861387640842
-2.0,0.346938775510204,2.6159421172271724
-1.9183673469387756,0.346938775510204,1.8041790821253312
-1.836734693877551,0.346938775510204,1.331686231947293
-1.7551020408163265,0.346938775510204,1.1057150913411884
-1.673469387755102,0.346938775510204,1.0492684062421638
-1.5918367346938775,0.346938775510204,1.0995376533549914
-1.510204081632653,0.346938775510204,1.2064115719329134
-1.4285714285714286,0.346938775510204,1.3310557178527649
-1.3469387755102042,0.346938775510204,1.444563039986298
-1.2653061224489797,0.346938775510204,1.526675478867793
-1.183673469387755,0.346938775510204,1.5645765876578848
-1.1020408163265307,0.346938775510204,1.5517551754036465
-1.020408163265306,0.346938775510204,1.4869399725949186
-0.9387755102040818,0.346938775510204,1.3731053190168785
-0.8571428571428572,0.346938775510204,1.2165478738988562
-0.7755102040816328,0.346938775510204,1.0260343483594003
-0.6938775510204083,0.346938775510204,0.8120202601475763
-0.6122448979591837,0.346938775510204,0.5859397106805255
-0.5306122448979593,0.346938775510204,0.3595661843772577
-0.4489795918367347,0.346938775510204,0.1444443702886891
-0.3673469387755104,0.346938775510204,-0.0486069939760649
-0.2857142857142858,0.346938775510204,-0.2099212560271664
-0.2040816326530614,0.346938775510204,-0.3313389601752734
-0.1224489795918368,0.346938775510204,-0.406491936616524
-0.0408163265306122,0.346938775510204,-0.4310163683212677
0.0408163265306122,0.346938775510204,-0.4026948356265571
0.1224489795918364,0.346938775510204,-0.3215273385323929
0.204081632653061,0.346938775510204,-0.1897312967017214
0.2857142857142856,0.346938775510204,-0.0116705271641931
0.3673469387755101,0.346938775510204,0.2062868002763293
0.4489795918367343,0.346938775510204,0.4559812299305035
0.5306122448979589,0.346938775510204,0.7277461094084929
0.6122448979591835,0.346938775510204,1.0107627011011826
0.693877551020408,0.346938775510204,1.2934863159576546
0.7755102040816326,0.346938775510204,1.5641434695588996
0.8571428571428568,0.346938775510204,1.811300060487776
0.9387755102040812,0.346938775510204,2.02450057099522
1.020408163265306,0.346938775510204,2.1949782899626817
1.1020408163265305,0.346938775510204,2.3164365581608317
1.1836734693877546,0.346938775510204,2.38590103580449
1.2653061224489792,0.346938775510204,2.4046429924038195
1.3469387755102038,0.346938775510204,2.3791736189117456
1.4285714285714284,0.346938775510204,2.322309362167633
1.510204081632653,0.346938775510204,2.2543082816372038
1.591836734693877,0.346938775510204,2.2040774284487026
1.6734693877551017,0.346938775510204,2.210451246725297
1.7551020408163265,0.346938775510204,2.323540997213738
1.8367346938775508,0.346938775510204,2.606155203209269
1.9183673469387756,0.346938775510204,3.1352911187767263
2.0,0.346938775510204,4.0036972192679885
-2.0,0.3877551020408163,2.446832376925642
-1.9183673469387756,0.3877551020408163,1.6384012868467082
-1.836734693877551,0.3877551020408163,1.1692403816915768
-1.7551020408163265,0.3877551020408163,0.9466011861083796
-1.673469387755102,0.3877551020408163,0.8934864460322621
-1.5918367346938775,0.3877551020408163,0.947087638167997
-1.510204081632653,0.3877551020408163,1.057293501768826
-1.4285714285714286,0.3877551020408163,1.1852695927115842
-1.3469387755102042,0.3877551020408163,1.3021088598680248
-1.2653061224489797,0.3877551020408163,1.3875532437724267
-1.183673469387755,0.3877551020408163,1.4287862975854255
-1.1020408163265307,0.3877551020408163,1.419296830354095
-1.020408163265306,0.3877551020408163,1.3578135725682738
-0.9387755102040818,0.3877551020408163,1.2473108640131407
-0.8571428571428572,0.3877551020408163,1.0940853639180257
-0.7755102040816328,0.3877551020408163,0.9069037834014774
-0.6938775510204083,0.3877551020408163,0.6962216402125602
-0.6122448979591837,0.3877551020408163,0.4734730357684166
-0.5306122448979593,0.3877551020408163,0.2504314544880557
-0.4489795918367347,0.3877551020408163,0.0386415854223943
-0.3673469387755104,0.3877551020408163,-0.1510778338194526
-0.2857142857142858,0.3877551020408163,-0.309060150847647
-0.2040816326530614,0.3877551020408163,-0.4271459099728468
-0.1224489795918368,0.3877551020408163,-0.4989669413911903
-0.0408163265306122,0.3877551020408163,-0.520159428073027
0.0408163265306122,0.3877551020408163,-0.4885059503554092
0.1224489795918364,0.3877551020408163,-0.4040065082383378
0.204081632653061,0.3877551020408163,-0.2688785213847592
0.2857142857142856,0.3877551020408163,-0.0874858068243238
0.3673469387755101,0.3877551020408163,0.1338034656391057
0.4489795918367343,0.3877551020408163,0.3868298403161871
0.5306122448979589,0.3877551020408163,0.6619266648170837
0.6122448979591835,0.3877551020408163,0.9482752015326806
0.693877551020408,0.3877551020408163,1.2343307614120596
0.7755102040816326,0.3877551020408163,1.5083198600362118
0.8571428571428568,0.3877551020408163,1.7588083959879954
0.9387755102040812,0.3877551020408163,1.9753408515183457
1.020408163265306,0.3877551020408163,2.149150515508715
1.1020408163265305,0.3877551020408163,2.2739407287297717
1.1836734693877546,0.3877551020408163,2.3467371513963378
1.2653061224489792,0.3877551020408163,2.368811053018574
1.3469387755102038,0.3877551020408163,2.3466736245494078
1.4285714285714284,0.3877551020408163,2.293141312828202
1.510204081632653,0.3877551020408163,2.228472177320679
1.591836734693877,0.3877551020408163,2.181573269155085
1.6734693877551017,0.3877551020408163,2.191279032454587
1.7551020408163265,0.3877551020408163,2.307700727965936
1.8367346938775508,0.3877551020408163,2.593646878984374
1.9183673469387756,0.3877551020408163,3.1261147395747377
2.0,0.3877551020408163,3.9978527850889063
-2.0,0.4285714285714284,2.276440372067192
-1.9183673469387756,0.4285714285714284,1.4713412270111654
-1.836734693877551,0.4285714285714284,1.0055122668789416
-1.7551020408163265,0.4285714285714284,0.7862050163186514
-1.673469387755102,0.4285714285714284,0.736422221265441
-1.5918367346938775,0.4285714285714284,0.7933553584240829
-1.510204081632653,0.4285714285714284,0.9068931670478192
-1.4285714285714286,0.4285714285714284,1.0382012030134844
-1.3469387755102042,0.4285714285714284,1.158372415192832
-1.2653061224489797,0.4285714285714284,1.2471487441201414
-1.183673469387755,0.4285714285714284,1.2917137429560472
-1.1020408163265307,0.4285714285714284,1.2855562207476232
-1.020408163265306,0.4285714285714284,1.2274049079847096
-0.9387755102040818,0.4285714285714284,1.1202341444524837
-0.8571428571428572,0.4285714285714284,0.9703405893802756
-0.7755102040816328,0.4285714285714284,0.7864909538866343
-0.6938775510204083,0.4285714285714284,0.5791407557206243
-0.6122448979591837,0.4285714285714284,0.3597240962993878
-0.5306122448979593,0.4285714285714284,0.1400144600419339
-0.4489795918367347,0.4285714285714284,-0.0684434640008202
-0.3673469387755104,0.4285714285714284,-0.2548309382197601
-0.2857142857142858,0.4285714285714284,-0.4094813102250473
-0.2040816326530614,0.4285714285714284,-0.5242351243273401
-0.1224489795918368,0.4285714285714284,-0.5927242107227765
-0.0408163265306122,0.4285714285714284,-0.610584752381706
0.0408163265306122,0.4285714285714284,-0.5755993296411812
0.1224489795918364,0.4285714285714284,-0.4877679425012027
0.204081632653061,0.4285714285714284,-0.349308010624717
0.2857142857142856,0.4285714285714284,-0.1645833510413744
0.3673469387755101,0.4285714285714284,0.0600378664449622
0.4489795918367343,0.4285714285714284,0.3163961861449507
0.5306122448979589,0.4285714285714284,0.5948249556687544
0.6122448979591835,0.4285714285714284,0.8845054374072583
0.693877551020408,0.4285714285714284,1.1738929423095446
0.7755102040816326,0.4285714285714284,1.4512139859566038
0.8571428571428568,0.4285714285714284,1.705034466931295
0.9387755102040812,0.4285714285714284,1.924898867484552
1.020408163265306,0.4285714285714284,2.1020404764978284
1.1020408163265305,0.4285714285714284,2.2301626347417915
1.1836734693877546,0.4285714285714284,2.306291002431265
1.2653061224489792,0.4285714285714284,2.331696849076409
1.3469387755102038,0.4285714285714284,2.312891365630149
1.4285714285714284,0.4285714285714284,2.262690998931851
1.510204081632653,0.4285714285714284,2.2013538084472355
1.591836734693877,0.4285714285714284,2.157786845304549
1.6734693877551017,0.4285714285714284,2.1708245536269573
1.7551020408163265,0.4285714285714284,2.2905781941612133
1.8367346938775508,0.4285714285714284,2.5798562902025584
1.9183673469387756,0.4285714285714284,3.115656095815829
2.0,0.4285714285714284,3.9907260863529057
-2.0,0.4693877551020406,2.107430548484383
-1.9183673469387756,0.4693877551020406,1.3056633484512636
-1.836734693877551,0.4693877551020406,0.8431663333419468
-1.7551020408163265,0.4693877551020406,0.6271910278045636
-1.673469387755102,0.4693877551020406,0.5807401777742605
-1.5918367346938775,0.4693877551020406,0.6410052599558094
-1.510204081632653,0.4693877551020406,0.7578750136024528
-1.4285714285714286,0.4693877551020406,0.8925149945910253
-1.3469387755102042,0.4693877551020406,1.0160181517932798
-1.2653061224489797,0.4693877551020406,1.1081264257434964
-1.183673469387755,0.4693877551020406,1.1560233696023097
-1.1020408163265307,0.4693877551020406,1.1531977924167929
-1.020408163265306,0.4693877551020406,1.0983784246767865
-0.9387755102040818,0.4693877551020406,0.994539606167467
-0.8571428571428572,0.4693877551020406,0.8479779961181666
-0.7755102040816328,0.4693877551020406,0.6674603056474322
-0.6938775510204083,0.4693877551020406,0.4634420525043292
-0.6122448979591837,0.4693877551020406,0.2473573381059999
-0.5306122448979593,0.4693877551020406,0.0309796468714532
-0.4489795918367347,0.4693877551020406,-0.1741463321483938
-0.3673469387755104,0.4693877551020406,-0.3572018613444266
-0.2857142857142858,0.4693877551020406,-0.5085202883268067
-0.2040816326530614,0.4693877551020406,-0.6199421574061924
-0.1224489795918368,0.4693877551020406,-0.6850992987787217
-0.0408163265306122,0.4693877551020406,-0.699627895414744
0.0408163265306122,0.4693877551020406,-0.661310527651312
0.1224489795918364,0.4693877551020406,-0.5701471954884265
0.204081632653061,0.4693877551020406,-0.4283553185890336
0.2857142857142856,0.4693877551020406,-0.240298713982784
0.3673469387755101,0.4693877551020406,-0.0123455514735401
0.4489795918367343,0.4693877551020406,0.2473447132493554
0.5306122448979589,0.4693877551020406,0.5291054277960663
0.6122448979591835,0.4693877551020406,0.8221178545574774
0.693877551020408,0.4693877551020406,1.1148373044826707
0.7755102040816326,0.4693877551020406,1.3954902931526372
0.8571428571428568,0.4693877551020406,1.6526427191502349
0.9387755102040812,0.4693877551020406,1.8758390647264
1.020408163265306,0.4693877551020406,2.056312618762582
1.1020408163265305,0.4693877551020406,2.187766722029454
1.1836734693877546,0.4693877551020406,2.2672270347418344
1.2653061224489792,0.4693877551020406,2.295964826409885
1.3469387755102038,0.4693877551020406,2.280491287986532
1.4285714285714284,0.4693877551020406,2.2336228663111406
1.510204081632653,0.4693877551020406,2.175617620849432
1.591836734693877,0.4693877551020406,2.1353826027296527
1.6734693877551017,0.4693877551020406,2.1517522560749693
1.7551020408163265,0.4693877551020406,2.274837841632132
1.8367346938775508,0.4693877551020406,2.567447882696384
1.9183673469387756,0.4693877551020406,3.1065796333325624
2.0,0.4693877551020406,3.984981568892546
-2.0,0.510204081632653,1.9427337965930345
-1.9183673469387756,0.510204081632653,1.1442985415828215
-1.836734693877551,0.510204081632653,0.6851334714964119
-1.7551020408163265,0.510204081632653,0.4724901109819359
-1.673469387755102,0.510204081632653,0.4293712059745398
-1.5918367346938775,0.510204081632653,0.4929682331789959
-1.510204081632653,0.510204081632653,0.6131699318485464
-1.4285714285714286,0.510204081632653,0.7511418578600262
-1.3469387755102042,0.510204081632653,0.8779769600851877
-1.2653061224489797,0.510204081632653,0.9734171790583112
-1.183673469387755,0.510204081632653,1.0246460679400315
-1.1020408163265307,0.510204081632653,1.025152435777422
-1.020408163265306,0.510204081632653,0.9736650130603226
-0.9387755102040818,0.510204081632653,0.8731581395739105
-0.8571428571428572,0.510204081632653,0.7299284745475172
-0.7755102040816328,0.510204081632653,0.5527427290996898
-0.6938775510204083,0.510204081632653,0.3520564209794941
-0.6122448979591837,0.510204081632653,0.139303651604072
-0.5306122448979593,0.510204081632653,-0.0737420946075676
-0.4489795918367347,0.510204081632653,-0.2755361286045076
-0.3673469387755104,0.510204081632653,-0.4552597127776333
-0.2857142857142858,0.510204081632653,-0.6032461947371063
-0.2040816326530614,0.510204081632653,-0.7113361187935848
-0.1224489795918368,0.510204081632653,-0.7731613151432069
-0.0408163265306122,0.510204081632653,-0.7843579667563221
0.0408163265306122,0.510204081632653,-0.742708653969983
0.1224489795918364,0.510204081632653,-0.6482133767841903
0.204081632653061,0.510204081632653,-0.5030895548618903
0.2857142857142856,0.510204081632653,-0.3117010052327336
0.3673469387755101,0.510204081632653,-0.0804158977005826
0.4489795918367343,0.510204081632653,0.18260631204522
0.5306122448979589,0.510204081632653,0.4676989716148381
0.6122448979591835,0.510204081632653,0.7640433433991562
0.693877551020408,0.510204081632653,1.0600947383472563
0.7755102040816326,0.510204081632653,1.34407967204013
0.8571428571428568,0.510204081632653,1.6045640430606354
0.9387755102040812,0.510204081632653,1.831092333659707
1.020408163265306,0.510204081632653,2.0148978327187974
1.1020408163265305,0.510204081632653,2.1496838810085754
1.1836734693877546,0.510204081632653,2.2324761387438627
1.2653061224489792,0.510204081632653,2.2645458754348207
1.3469387755102038,0.510204081632653,2.2524042820343757
1.4285714285714284,0.510204081632653,2.208867805381891
1.510204081632653,0.510204081632653,2.15419450494309
1.591836734693877,0.510204081632653,2.1172914318462177
1.6734693877551017,0.510204081632653,2.1369930302144406
1.7551020408163265,0.510204081632653,2.2634105607945103
1.8367346938775508,0.510204081632653,2.55935254688167
1.9183673469387756,0.510204081632653,3.1018162425407554
2.0,0.510204081632653,3.983550123123646
-2.0,0.5510204081632653,1.7855474513922198
-1.9183673469387756,0.5510204081632653,0.9904441414049142
-1.836734693877551,0.5510204081632653,0.5346110163414116
-1.7551020408163265,0.5510204081632653,0.3252996008498429
-1.673469387755102,0.5510204081632653,0.2855126408653538
-1.5918367346938775,0.5510204081632653,0.3524416130927171
-1.510204081632653,0.5510204081632653,0.4759752567851746
-1.4285714285714286,0.5510204081632653,0.6172791278195614
-1.3469387755102042,0.5510204081632653,0.7474461750676301
-1.2653061224489797,0.5510204081632653,0.846218339063661
-1.183673469387755,0.5510204081632653,0.9007791729682884
-1.1020408163265307,0.5510204081632653,0.9046174858285856
-1.020408163265306,0.5510204081632653,0.8564620081343935
-0.9387755102040818,0.5510204081632653,0.7592870796708885
-0.8571428571428572,0.5510204081632653,0.6193893596674024
-0.7755102040816328,0.5510204081632653,0.4455355592424822
-0.6938775510204083,0.5510204081632653,0.2481811961451935
-0.6122448979591837,0.5510204081632653,0.0387603717926785
-0.5306122448979593,0.5510204081632653,-0.1709534293960538
-0.4489795918367347,0.5510204081632653,-0.3694155183700868
-0.3673469387755104,0.5510204081632653,-0.5458071575203053
-0.2857142857142858,0.5510204081632653,-0.6904616944568711
-0.2040816326530614,0.5510204081632653,-0.7952196734904425
-0.1224489795918368,0.5510204081632653,-0.8537129248171575
-0.0408163265306122,0.5510204081632653,-0.8615776314073657
0.0408163265306122,0.5510204081632653,-0.8165963735981194
0.1224489795918364,0.5510204081632653,-0.7187691513894197
0.204081632653061,0.5510204081632653,-0.5703133844442125
0.2857142857142856,0.5510204081632653,-0.3755928897921486
0.3673469387755101,0.5510204081632653,-0.1409758372370905
0.4489795918367343,0.5510204081632653,0.1253783175316193
0.5306122448979589,0.5510204081632653,0.4138029221241445
0.6122448979591835,0.5510204081632653,0.7134792389313697
0.693877551020408,0.5510204081632653,1.0128625789023773
0.7755102040816326,0.5510204081632653,1.300179457618158
0.8571428571428568,0.5510204081632653,1.5639957736615702
0.9387755102040812,0.5510204081632653,1.793856009283549
1.020408163265306,0.5510204081632653,1.9809934533655469
1.1020408163265305,0.5510204081632653,2.1191114466782315
1.1836734693877546,0.5510204081632653,2.2052356494364265
1.2653061224489792,0.5510204081632653,2.240637331150292
1.3469387755102038,0.5510204081632653,2.231827682772753
1.4285714285714284,0.5510204081632653,2.191623151143176
1.510204081632653,0.5510204081632653,2.140281795727282
1.591836734693877,0.5510204081632653,2.1067106676533163
1.6734693877551017,0.5510204081632653,2.129744211044447
1.7551020408163265,0.5510204081632653,2.259493686647424
1.8367346938775508,0.5510204081632653,2.55876761775749
1.9183673469387756,0.5510204081632653,3.104563258439483
2.0,0.5510204081632653,3.989629084045281
-2.0,0.5918367346938773,1.639335292464271
-1.9183673469387756,0.5918367346938773,0.8475639274998729
-1.836734693877551,0.5918367346938773,0.3950627474592773
-1.7551020408163265,0.5918367346938773,0.1890832769906155
-1.673469387755102,0.5918367346938773,0.1526282620290336
-1.5918367346938775,0.5918367346938773,0.222889179279304
-1.510204081632653,0.5918367346938773,0.3497547679946687
-1.4285714285714286,0.5918367346938773,0.4943905840519625
-1.3469387755102042,0.5918367346938773,0.6278895763229385
-1.2653061224489797,0.5918367346938773,0.7299936853418764
-1.183673469387755,0.5918367346938773,0.7878864642694109
-1.1020408163265307,0.5918367346938773,0.7950567221526154
-1.020408163265306,0.5918367346938773,0.7502331894813302
-0.9387755102040818,0.5918367346938773,0.6563902060407324
-0.8571428571428572,0.5918367346938773,0.5198244310601533
-0.7755102040816328,0.5918367346938773,0.3493025756581401
-0.6938775510204083,0.5918367346938773,0.1552801575837586
-0.6122448979591837,0.5918367346938773,-0.0508087217458491
-0.5306122448979593,0.5918367346938773,-0.2571905779116745
-0.4489795918367347,0.5918367346938773,-0.4523207218628003
-0.3673469387755104,0.5918367346938773,-0.6253804159901117
-0.2857142857142858,0.5918367346938773,-0.7667030079037704
-0.2040816326530614,0.5918367346938773,-0.8681290419144349
-0.1224489795918368,0.5918367346938773,-0.9232903482182426
-0.0408163265306122,0.5918367346938773,-0.9278231097855436
0.0408163265306122,0.5918367346938773,-0.8795099069533903
0.1224489795918364,0.5918367346938773,-0.7783507397217835
0.204081632653061,0.5918367346938773,-0.6265630277536692
0.2857142857142856,0.5918367346938773,-0.4285105880786982
0.3673469387755101,0.5918367346938773,-0.1905615905007329
0.4489795918367343,0.5918367346938773,0.0791245092908838
0.5306122448979589,0.5918367346938773,0.3708810589063162
0.6122448979591835,0.5918367346938773,0.6738893207364486
0.693877551020408,0.5918367346938773,0.9766046057303632
0.7755102040816326,0.5918367346938773,1.2672534294690507
0.8571428571428568,0.5918367346938773,1.53440169053537
0.9387755102040812,0.5918367346938773,1.767593871180256
1.020408163265306,0.5918367346938773,1.9580632602851609
1.1020408163265305,0.5918367346938773,2.099513198620753
1.1836734693877546,0.5918367346938773,2.188969346401855
1.2653061224489792,0.5918367346938773,2.227702973138627
1.3469387755102038,0.5918367346938773,2.2222252697839955
1.4285714285714284,0.5918367346938773,2.185352683177326
1.510204081632653,0.5918367346938773,2.1373432727843387
1.591836734693877,0.5918367346938773,2.1071040897332804
1.6734693877551017,0.5918367346938773,2.133469578147318
1.7551020408163265,0.5918367346938773,2.266550998773202
1.8367346938775508,0.5918367346938773,2.5691568749061755
1.9183673469387756,0.5918367346938773,3.118284460611076
2.0,0.5918367346938773,4.00668223123978
-2.0,0.6326530612244896,1.507827543974774
-1.9183673469387756,0.6326530612244896,0.7193881240332829
-1.836734693877551,0.6326530612244896,0.2702188890155945
-1.7551020408163265,0.6326530612244896,0.0675713635698398
-1.673469387755102,0.6326530612244896,0.0344482936311651
-1.5918367346938775,0.6326530612244896,0.1080411559043426
-1.510204081632653,0.6326530612244896,0.2382386896426145
-1.4285714285714286,0.6326530612244896,0.3862064507228153
-1.3469387755102042,0.6326530612244896,0.5230373880166985
-1.2653061224489797,0.6326530612244896,0.6284734420585434
-1.183673469387755,0.6326530612244896,0.6896981660089851
-1.1020408163265307,0.6326530612244896,0.7002003689150966
-1.020408163265306,0.6326530612244896,0.6587087812667187
-0.9387755102040818,0.6326530612244896,0.5681977428490279
-0.8571428571428572,0.6326530612244896,0.434963912891356
-0.7755102040816328,0.6326530612244896,0.2677740025122501
-0.6938775510204083,0.6326530612244896,0.0770835294607756
-0.6122448979591837,0.6326530612244896,-0.1256734048459251
-0.5306122448979593,0.6326530612244896,-0.3287233159888433
-0.4489795918367347,0.6326530612244896,-0.5205215149170619
-0.3673469387755104,0.6326530612244896,-0.6902492640214662
-0.2857142857142858,0.6326530612244896,-0.8282399109122178
-0.2040816326530614,0.6326530612244896,-0.926333999899975
-0.1224489795918368,0.6326530612244896,-0.9781633611808758
-0.0408163265306122,0.6326530612244896,-0.9793641777252696
0.0408163265306122,0.6326530612244896,-0.9277190298702092
0.1224489795918364,0.6326530612244896,-0.8232279176156951
0.204081632653061,0.6326530612244896,-0.6681082606246738
0.2857142857142856,0.6326530612244896,-0.4667238759267956
0.3673469387755101,0.6326530612244896,-0.2254429333259233
0.4489795918367343,0.6326530612244896,0.0475751114886007
0.5306122448979589,0.6326530612244896,0.3426636061269401
0.6122448979591835,0.6326530612244896,0.6490038129799796
0.693877551020408,0.6326530612244896,0.9550510429968012
0.7755102040816326,0.6326530612244896,1.2490318117583965
0.8571428571428568,0.6326530612244896,1.519512017847623
0.9387755102040812,0.6326530612244896,1.7560361435154157
1.020408163265306,0.6326530612244896,1.9498374776432277
1.1020408163265305,0.6326530612244896,2.094619361001727
1.1836734693877546,0.6326530612244896,2.1874074538057355
1.2653061224489792,0.6326530612244896,2.229473025565415
1.3469387755102038,0.6326530612244896,2.227327267233691
1.4285714285714284,0.6326530612244896,2.193786625649928
1.510204081632653,0.6326530612244896,2.149109160279848
1.591836734693877,0.6326530612244896,2.122201922251697
1.6734693877551017,0.6326530612244896,2.151899355688641
1.7551020408163265,0.6326530612244896,2.288312721337433
1.8367346938775508,0.6326530612244896,2.594250542493313
1.9183673469387756,0.6326530612244896,3.1467100732211204
2.0,0.6326530612244896,4.038439788872733
-2.0,0.6734693877551019,1.3950208746725723
-1.9183673469387756,0.6734693877551019,0.6099133997539883
-1.836734693877551,0.6734693877551019,0.1640761097592069
-1.7551020408163265,0.6734693877551019,-0.0352394706636405
-1.673469387755102,0.6734693877551019,-0.0650305955794081
-1.5918367346938775,0.6734693877551019,0.0118942117166764
-1.510204081632653,0.6734693877551019,0.1454236904778554
-1.4285714285714286,0.6734693877551019,0.2967233965809634
-1.3469387755102042,0.6734693877551019,0.4368862788977536
-1.2653061224489797,0.6734693877551019,0.5456542779625058
-1.183673469387755,0.6734693877551019,0.6102109469358545
-1.1020408163265307,0.6734693877551019,0.6240450948648733
-1.020408163265306,0.6734693877551019,0.5858854522394024
-0.9387755102040818,0.6734693877551019,0.4987063588446188
-0.8571428571428572,0.6734693877551019,0.3688044739098539
-0.7755102040816328,0.6734693877551019,0.2049465085536552
-0.6938775510204083,0.6734693877551019,0.0175879805250878
-0.6122448979591837,0.6734693877551019,-0.1818370087587058
-0.5306122448979593,0.6734693877551019,-0.3815549748787168
-0.4489795918367347,0.6734693877551019,-0.5700212287840284
-0.3673469387755104,0.6734693877551019,-0.7364170328655255
-0.2857142857142858,0.6734693877551019,-0.8710757347333701
-0.2040816326530614,0.6734693877551019,-0.96583787869822
-0.1224489795918368,0.6734693877551019,-1.0143352949562137
-0.0408163265306122,0.6734693877551019,-1.0122041664777004
0.0408163265306122,0.6734693877551019,-0.9572270735997328
0.1224489795918364,0.6734693877551019,-0.8494040163223118
0.204081632653061,0.6734693877551019,-0.6909524143083833
0.2857142857142856,0.6734693877551019,-0.486236084587598
0.3673469387755101,0.6734693877551019,-0.2416231969638185
0.4489795918367343,0.6734693877551019,0.0347267928736125
0.5306122448979589,0.6734693877551019,0.3331472325348592
0.6122448979591835,0.6734693877551019,0.6428193844108057
0.693877551020408,0.6734693877551019,0.9521985594505348
0.7755102040816326,0.6734693877551019,1.2495112732350369
0.8571428571428568,0.6734693877551019,1.5233234243471705
0.9387755102040812,0.6734693877551019,1.7631794950378703
1.020408163265306,0.6734693877551019,1.9603127741885893
1.1020408163265305,0.6734693877551019,2.108426602569996
1.1836734693877546,0.6734693877551019,2.204546640396912
1.2653061224489792,0.6734693877551019,2.249944157179498
1.3469387755102038,0.6734693877551019,2.251130343870681
1.4285714285714284,0.6734693877551019,2.220921647309825
1.510204081632653,0.6734693877551019,2.179576126962653
1.591836734693877,0.6734693877551019,2.156000833957409
1.6734693877551017,0.6734693877551019,2.189030212417261
1.7551020408163265,0.6734693877551019,2.328775523088958
1.8367346938775508,0.6734693877551019,2.6380452892677466
1.9183673469387756,0.6734693877551019,3.1938367650184607
2.0,0.6734693877551019,4.08889842569298
-2.0,0.7142857142857142,1.3051783978897658
-1.9183673469387756,0.7142857142857142,0.5234028679940887
-1.836734693877551,0.7142857142857142,0.0808975230222146
-1.7551020408163265,0.7142857142857142,-0.1150861123777258
-1.673469387755102,0.7142857142857142,-0.1415452922705862
-1.5918367346938775,0.7142857142857142,-0.0612885399515943
-1.510204081632653,0.7142857142857142,0.0755728838324916
-1.4285714285714286,0.7142857142857142,0.2302045349585069
-1.3469387755102042,0.7142857142857142,0.3736993622982041
-1.2653061224489797,0.7142857142857142,0.4857993063858634
-1.183673469387755,0.7142857142857142,0.5536879203821192
-1.1020408163265307,0.7142857142857142,0.5708540133340452
-1.020408163265306,0.7142857142857142,0.5360263157314813
-0.9387755102040818,0.7142857142857142,0.4521791673596049
-0.8571428571428572,0.7142857142857142,0.3256092274477471
-0.7755102040816328,0.7142857142857142,0.1650832071144554
-0.6938775510204083,0.7142857142857142,-0.0189433758912047
-0.6122448979591837,0.7142857142857142,-0.2150364201520911
-0.5306122448979593,0.7142857142857142,-0.4114224412491951
-0.4489795918367347,0.7142857142857142,-0.5965567501315996
-0.3673469387755104,0.7142857142857142,-0.7596206091901896
-0.2857142857142858,0.7142857142857142,-0.8909473660351269
-0.2040816326530614,0.7142857142857142,-0.98237756497707
-0.1224489795918368,0.7142857142857142,-1.0275430362121565
-0.0408163265306122,0.7142857142857142,-1.022079962710736
0.0408163265306122,0.7142857142857142,-0.9637709248098612
0.1224489795918364,0.7142857142857142,-0.852615922509533
0.204081632653061,0.7142857142857142,-0.6908323754726975
0.2857142857142856,0.7142857142857142,-0.482784100729005
0.3673469387755101,0.7142857142857142,-0.2348392680823183
0.4489795918367343,0.7142857142857142,0.0448426667780197
0.5306122448979589,0.7142857142857142,0.3465950514621734
0.6122448979591835,0.7142857142857142,0.6595991483610271
0.693877551020408,0.7142857142857142,0.9723102684236632
0.7755102040816326,0.7142857142857142,1.2729549272310725
0.8571428571428568,0.7142857142857142,1.550099023366113
0.9387755102040812,0.7142857142857142,1.7932870390797202
1.020408163265306,0.7142857142857142,1.9937522632533464
1.1020408163265305,0.7142857142857142,2.14519803665766
1.1836734693877546,0.7142857142857142,2.244650019507483
1.2653061224489792,0.7142857142857142,2.293379481312977
1.3469387755102038,0.7142857142857142,2.2978976130270667
1.4285714285714284,0.7142857142857142,2.2710208614891183
1.510204081632653,0.7142857142857142,2.2330072861648524
1.591836734693877,0.7142857142857142,2.2127639381825155
1.6734693877551017,0.7142857142857142,2.2491252616652746
1.7551020408163265,0.7142857142857142,2.39220251735988
1.8367346938775508,0.7142857142857142,2.704804228561575
1.9183673469387756,0.7142857142857142,3.263927649335196
2.0,0.7142857142857142,4.162321255032623
-2.0,0.7551020408163265,1.2428296715417095
-1.9183673469387756,0.7551020408163265,0.4643860866689397
-1.836734693877551,0.7551020408163265,0.0252126867199726
-1.7551020408163265,0.7551020408163265,-0.1674390036570605
-1.673469387755102,0.7551020408163265,-0.1905662385270139
-1.5918367346938775,0.7551020408163265,-0.106977541185115
-1.510204081632653,0.7551020408163265,0.0332158276218781
-1.4285714285714286,0.7551020408163265,0.1911794237708004
-1.3469387755102042,0.7551020408163265,0.3380061961334049
-1.2653061224489797,0.7551020408163265,0.4534380852439714
-1.183673469387755,0.7551020408163265,0.5246586442631342
-1.1020408163265307,0.7551020408163265,0.5451566822379672
-1.020408163265306,0.7551020408163265,0.5136609296583108
-0.9387755102040818,0.7551020408163265,0.4331457263093414
-0.8571428571428572,0.7551020408163265,0.3099077314203906
-0.7755102040816328,0.7551020408163265,0.1527136561100059
-0.6938775510204083,0.7551020408163265,-0.0279809818727468
-0.6122448979591837,0.7551020408163265,-0.2207420811107263
-0.5306122448979593,0.7551020408163265,-0.4137961571849231
-0.4489795918367347,0.7551020408163265,-0.5955985210444203
-0.3673469387755104,0.7551020408163265,-0.7553304350801033
-0.2857142857142858,0.7551020408163265,-0.8833252469021335
-0.2040816326530614,0.7551020408163265,-0.9714235008211694
-0.1224489795918368,0.7551020408163265,-1.0132570270333487
-0.0408163265306122,0.7551020408163265,-1.0044620085090212
0.0408163265306122,0.7551020408163265,-0.9428210255852392
0.1224489795918364,0.7551020408163265,-0.828334078262004
0.204081632653061,0.7551020408163265,-0.6632185862022613
0.2857142857142856,0.7551020408163265,-0.4518383664356618
0.3673469387755101,0.7551020408163265,-0.2005615887660679
0.4489795918367343,0.7551020408163265,0.0824522911171772
0.5306122448979589,0.7551020408163265,0.3875366208242381
0.6122448979591835,0.7551020408163265,0.703872662745999
0.693877551020408,0.7551020408163265,1.019915727831542
0.7755102040816326,0.7551020408163265,1.3238923316618585
0.8571428571428568,0.7551020408163265,1.6043683728198064
0.9387755102040812,0.7551020408163265,1.8508883335563209
1.020408163265306,0.7551020408163265,2.0546855027528537
1.1020408163265305,0.7551020408163265,2.2094632211800747
1.1836734693877546,0.7551020408163265,2.312247149052805
1.2653061224489792,0.7551020408163265,2.3643085558812054
1.3469387755102038,0.7551020408163265,2.372158632618203
1.4285714285714284,0.7551020408163265,2.3486138261031613
1.510204081632653,0.7551020408163265,2.313932195801802
1.591836734693877,0.7551020408163265,2.297020792842373
1.6734693877551017,0.7551020408163265,2.3367140613480397
1.7551020408163265,0.7551020408163265,2.4831232620655515
1.8367346938775508,0.7551020408163265,2.799056918290153
1.9183673469387756,0.7551020408163265,3.3615122840866816
2.0,0.7551020408163265,4.263237834807015
-2.0,0.7959183673469385,1.2127706981270157
-1.9183673469387756,0.7959183673469385,0.437659058277153
-1.836734693877551,0.7959183673469385,0.0018176033510931
-1.7551020408163265,0.7959183673469385,-0.187502142003033
-1.673469387755102,0.7959183673469385,-0.2072974318500792
-1.5918367346938775,0.7959183673469385,-0.1203767894852733
-1.510204081632653,0.7959183673469385,0.0231485243446271
-1.4285714285714286,0.7959183673469385,0.1844440655164564
-1.3469387755102042,0.7959183673469385,0.3346027829019681
-1.2653061224489797,0.7959183673469385,0.4533666170354414
-1.183673469387755,0.7959183673469385,0.5279191210775115
-1.1020408163265307,0.7959183673469385,0.5517491040752517
-1.020408163265306,0.7959183673469385,0.523585296518502
-0.9387755102040818,0.7959183673469385,0.4464020381924399
-0.8571428571428572,0.7959183673469385,0.3264959883263963
-0.7755102040816328,0.7959183673469385,0.1726338580389189
-0.6938775510204083,0.7959183673469385,-0.0047288349209269
-0.6122448979591837,0.7959183673469385,-0.1941579891359991
-0.5306122448979593,0.7959183673469385,-0.3838801201872889
-0.4489795918367347,0.7959183673469385,-0.5623505390238791
-0.3673469387755104,0.7959183673469385,-0.718750508036655
-0.2857142857142858,0.7959183673469385,-0.843413374835778
-0.2040816326530614,0.7959183673469385,-0.9281796837319068
-0.1224489795918368,0.7959183673469385,-0.966681264921179
-0.0408163265306122,0.7959183673469385,-0.9545543013739444
0.0408163265306122,0.7959183673469385,-0.8895813734272554
0.1224489795918364,0.7959183673469385,-0.771762481081113
0.204081632653061,0.7959183673469385,-0.6033150439984631
0.2857142857142856,0.7959183673469385,-0.3886028792089565
0.3673469387755101,0.7959183673469385,-0.1339941565164556
0.4489795918367343,0.7959183673469385,0.1523516683896967
0.5306122448979589,0.7959183673469385,0.4607679431196646
0.6122448979591835,0.7959183673469385,0.7804359300643325
0.693877551020408,0.7959183673469385,1.099810940172783
0.7755102040816326,0.7959183673469385,1.407119489026006
0.8571428571428568,0.7959183673469385,1.6909274752068608
0.9387755102040812,0.7959183673469385,1.9407793809662823
1.020408163265306,0.7959183673469385,2.147908495185723
1.1020408163265305,0.7959183673469385,2.306018158635851
1.1836734693877546,0.7959183673469385,2.412134031531488
1.2653061224489792,0.7959183673469385,2.467527383382796
1.3469387755102038,0.7959183673469385,2.4787094051427
1.4285714285714284,0.7959183673469385,2.4584965436505657
1.510204081632653,0.7959183673469385,2.4271468583721143
1.591836734693877,0.7959183673469385,2.413567400435592
1.6734693877551017,0.7959183673469385,2.4565926139641654
1.7551020408163265,0.7959183673469385,2.606333759704585
1.8367346938775508,0.7959183673469385,2.925599360952094
1.9183673469387756,0.7959183673469385,3.4913866717715294
2.0,0.7959183673469385,4.39644416751477
-2.0,0.8367346938775508,1.220063924727552
-1.9183673469387756,0.8367346938775508,0.4482842299005966
-1.836734693877551,0.8367346938775508,0.0157747199974437
-1.7551020408163265,0.8367346938775508,-0.1702130803337752
-1.673469387755102,0.8367346938775508,-0.1866764251579143
-1.5918367346938775,0.8367346938775508,-0.0964238377702012
-1.510204081632653,0.8367346938775508,0.0504334210826061
-1.4285714285714286,0.8367346938775508,0.2150609072773427
-1.3469387755102042,0.8367346938775508,0.3685515696857614
-1.2653061224489797,0.8367346938775508,0.490647348842142
-1.183673469387755,0.8367346938775508,0.5685317979071193
-1.1020408163265307,0.8367346938775508,0.5956937259277663
-1.020408163265306,0.8367346938775508,0.5708618633939239
-0.9387755102040818,0.8367346938775508,0.497010550090769
-0.8571428571428572,0.8367346938775508,0.3804364452476326
-0.7755102040816328,0.8367346938775508,0.229906259983062
-0.6938775510204083,0.8367346938775508,0.0558755120461234
-0.6122448979591837,0.8367346938775508,-0.1302216971460417
-0.5306122448979593,0.8367346938775508,-0.3166118831744243
-0.4489795918367347,0.8367346938775508,-0.4917503569881074
-0.3673469387755104,0.8367346938775508,-0.6448183809779762
-0.2857142857142858,0.8367346938775508,-0.7661493027541921
-0.2040816326530614,0.8367346938775508,-0.8475836666274137
-0.1224489795918368,0.8367346938775508,-0.8827533027937787
-0.0408163265306122,0.8367346938775508,-0.867294394223637
0.0408163265306122,0.8367346938775508,-0.7989895212540409
0.1224489795918364,0.8367346938775508,-0.6778386838849914
0.204081632653061,0.8367346938775508,-0.5060593017794345
0.2857142857142856,0.8367346938775508,-0.2880151919670206
0.3673469387755101,0.8367346938775508,-0.0300745242516126
0.4489795918367343,0.8367346938775508,0.2596032456774467
0.5306122448979589,0.8367346938775508,0.5713514654303219
0.6122448979591835,0.8367346938775508,0.894351397397897
0.693877551020408,0.8367346938775508,1.2170583525292544
0.7755102040816326,0.8367346938775508,1.527698846405385
0.8571428571428568,0.8367346938775508,1.8148387776091468
0.9387755102040812,0.8367346938775508,2.0680226283914758
1.020408163265306,0.8367346938775508,2.278483687633823
1.1020408163265305,0.8367346938775508,2.439925296106858
1.1836734693877546,0.8367346938775508,2.549373114025402
1.2653061224489792,0.8367346938775508,2.608098410899617
1.3469387755102038,0.8367346938775508,2.6226123776824286
1.4285714285714284,0.8367346938775508,2.605731461213201
1.510204081632653,0.8367346938775508,2.5777137209576573
1.591836734693877,0.8367346938775508,2.567466208044042
1.6734693877551017,0.8367346938775508,2.613823366595522
1.7551020408163265,0.8367346938775508,2.7668964573588486
1.8367346938775508,0.8367346938775508,3.089494003629265
1.9183673469387756,0.8367346938775508,3.658613259471608
2.0,0.8367346938775508,4.567002700237755
-2.0,0.8775510204081631,1.2700382430084434
-1.9183673469387756,0.8775510204081631,0.5015904932043949
-1.836734693877551,0.8775510204081631,0.0724129283241492
-1.7551020408163265,0.8775510204081631,-0.1102429269841627
-1.673469387755102,0.8775510204081631,-0.1233743267853946
-1.5918367346938775,0.8775510204081631,-0.0297897943747744
-1.510204081632653,0.8775510204081631,0.1203994095009401
-1.4285714285714286,0.8775510204081631,0.2883588407185837
-1.3469387755102042,0.8775510204081631,0.4451814481499097
-1.2653061224489797,0.8775510204081631,0.5706091723291973
-1.183673469387755,0.8775510204081631,0.6518255664170818
-1.1020408163265307,0.8775510204081631,0.682319439460636
-1.020408163265306,0.8775510204081631,0.6608195219497006
-0.9387755102040818,0.8775510204081631,0.5903001536694528
-0.8571428571428572,0.8775510204081631,0.4770579938492234
-0.7755102040816328,0.8775510204081631,0.3298597536075602
-0.6938775510204083,0.8775510204081631,0.1591609506935286
-0.6122448979591837,0.8775510204081631,-0.0236043134757293
-0.5306122448979593,0.8775510204081631,-0.2066625544812048
-0.4489795918367347,0.8775510204081631,-0.3784690832719807
-0.3673469387755104,0.8775510204081631,-0.5282051622389423
-0.2857142857142858,0.8775510204081631,-0.6462041389922512
-0.2040816326530614,0.8775510204081631,-0.7243065578425656
-0.1224489795918368,0.8775510204081631,-0.7561442489860236
-0.0408163265306122,0.8775510204081631,-0.7373533953929747
0.0408163265306122,0.8775510204081631,-0.6657165774004715
0.1224489795918364,0.8775510204081631,-0.5412337950085149
0.204081632653061,0.8775510204081631,-0.3661224678800507
0.2857142857142856,0.8775510204081631,-0.1447464130447298
0.3673469387755101,0.8775510204081631,0.1165261996935853
0.4489795918367343,0.8775510204081631,0.4095359146455519
0.5306122448979589,0.8775510204081631,0.7246160794213341
0.6122448979591835,0.8775510204081631,1.0509479564118165
0.693877551020408,0.8775510204081631,1.376986856566081
0.7755102040816326,0.8775510204081631,1.6909592954651187
0.8571428571428568,0.8775510204081631,1.9814311716917876
0.9387755102040812,0.8775510204081631,2.237946967497023
1.020408163265306,0.8775510204081631,2.4517399717622776
1.1020408163265305,0.8775510204081631,2.6165135252582203
1.1836734693877546,0.8775510204081631,2.7292932881996714
1.2653061224489792,0.8775510204081631,2.7913505300967936
1.3469387755102038,0.8775510204081631,2.809196441902512
1.4285714285714284,0.8775510204081631,2.795647470456192
1.510204081632653,0.8775510204081631,2.770961675223555
1.591836734693877,0.8775510204081631,2.764046107332846
1.6734693877551017,0.8775510204081631,2.813735210907234
1.7551020408163265,0.8775510204081631,2.970140246693468
1.8367346938775508,0.8775510204081631,3.296069737986791
1.9183673469387756,0.8775510204081631,3.8685209388520407
2.0,0.8775510204081631,4.780242324641096
-2.0,0.9183673469387754,1.3682889892180694
-1.9183673469387756,0.9183673469387754,0.6031731844369282
-1.836734693877551,0.9183673469387754,0.1773275645795896
-1.7551020408163265,0.9183673469387754,-0.001996345705815
-1.673469387755102,0.9183673469387754,-0.0117958004841399
-1.5918367346938775,0.9183673469387754,0.0851206769493874
-1.510204081632653,0.9183673469387754,0.238641825848009
-1.4285714285714286,0.9183673469387754,0.4099332020885599
-1.3469387755102042,0.9183673469387754,0.5700877545427928
-1.2653061224489797,0.9183673469387754,0.6988474237449877
-1.183673469387755,0.9183673469387754,0.7833957628557792
-1.1020408163265307,0.9183673469387754,0.8172215809222406
-1.020408163265306,0.9183673469387754,0.7990536084342125
-0.9387755102040818,0.9183673469387754,0.7318661851768716
-0.8571428571428572,0.9183673469387754,0.6219559703795495
-0.7755102040816328,0.9183673469387754,0.4780896751607933
-0.6938775510204083,0.9183673469387754,0.3107228172696687
-0.6122448979591837,0.9183673469387754,0.1312894981233179
-0.5306122448979593,0.9183673469387754,-0.0484367978592504
-0.4489795918367347,0.9183673469387754,-0.2169113816271191
-0.3673469387755104,0.9183673469387754,-0.3633155155711736
-0.2857142857142858,0.9183673469387754,-0.4779825473015754
-0.2040816326530614,0.9183673469387754,-0.5527530211289827
-0.1224489795918368,0.9183673469387754,-0.5812587672495335
-0.0408163265306122,0.9183673469387754,-0.5591359686335775
0.0408163265306122,0.9183673469387754,-0.4841672056181672
0.1224489795918364,0.9183673469387754,-0.3563524782033034
0.204081632653061,0.9183673469387754,-0.1779092060519322
0.2857142857142856,0.9183673469387754,0.0467987938062958
0.3673469387755101,0.9183673469387754,0.3114033515675181
0.4489795918367343,0.9183673469387754,0.6077450115423918
0.5306122448979589,0.9183673469387754,0.9261571213410812
0.6122448979591835,0.9183673469387754,1.2558209433544705
0.693877551020408,0.9183673469387754,1.5851917885316422
0.7755102040816326,0.9183673469387754,1.9024961724535867
0.8571428571428568,0.9183673469387754,2.196299993703163
0.9387755102040812,0.9183673469387754,2.456147734531306
1.020408163265306,0.9183673469387754,2.673272683819468
1.1020408163265305,0.9183673469387754,2.841378182338317
1.1836734693877546,0.9183673469387754,2.9574898903026754
1.2653061224489792,0.9183673469387754,3.0228790772227048
1.3469387755102038,0.9183673469387754,3.0440569340513304
1.4285714285714284,0.9183673469387754,3.0338399076279177
1.510204081632653,0.9183673469387754,3.0124860574181875
1.591836734693877,0.9183673469387754,3.0089024345503863
1.6734693877551017,0.9183673469387754,3.0619234831476807
1.7551020408163265,0.9183673469387754,3.221660463956822
1.8367346938775508,0.9183673469387754,3.550921900273052
1.9183673469387756,0.9183673469387754,4.126705046161209
2.0,0.9183673469387754,5.041758376973172
-2.0,0.9591836734693876,1.520677944188068
-1.9183673469387756,0.9591836734693876,0.7588940844298337
-1.836734693877551,0.9591836734693876,0.3363804095954023
-1.7551020408163265,0.9591836734693876,0.1603884443329046
-1.673469387755102,0.9591836734693876,0.1539209345774869
-1.5918367346938775,0.9591836734693876,0.2541693570339213
-1.510204081632653,0.9591836734693876,0.4110224509554502
-1.4285714285714286,0.9591836734693876,0.5856457722189081
-1.3469387755102042,0.9591836734693876,0.7491322696960483
-1.2653061224489797,0.9591836734693876,0.8812238839211501
-1.183673469387755,0.9591836734693876,0.9691041680548488
-1.1020408163265307,0.9591836734693876,1.0062619311442174
-1.020408163265306,0.9591836734693876,0.9914259036790964
-0.9387755102040818,0.9591836734693876,0.9275704254446626
-0.8571428571428572,0.9591836734693876,0.8209921556702477
-0.7755102040816328,0.9591836734693876,0.6804578054743986
-0.6938775510204083,0.9591836734693876,0.5164228926061813
-0.6122448979591837,0.9591836734693876,0.3403215184827375
-0.5306122448979593,0.9591836734693876,0.1639271675230763
-0.4489795918367347,0.9591836734693876,-0.0012154712218853
-0.3673469387755104,0.9591836734693876,-0.1442876601430327
-0.2857142857142858,0.9591836734693876,-0.2556227468505273
-0.2040816326530614,0.9591836734693876,-0.3270612756550275
-0.1224489795918368,0.9591836734693876,-0.3522350767526712
-0.0408163265306122,0.9591836734693876,-0.326780333113808
0.0408163265306122,0.9591836734693876,-0.2484796250754906
0.1224489795918364,0.9591836734693876,-0.1173329526377197
0.204081632653061,0.9591836734693876,0.0644422645365586
0.2857142857142856,0.9591836734693876,0.2924822094176937
0.3673469387755101,0.9591836734693876,0.5604187122018232
0.4489795918367343,0.9591836734693876,0.860092317199604
0.5306122448979589,0.9591836734693876,1.1818363720212004
0.6122448979591835,0.9591836734693876,1.514832139057497
0.693877551020408,0.9591836734693876,1.847534929257576
0.7755102040816326,0.9591836734693876,2.1681712582024275
0.8571428571428568,0.9591836734693876,2.4653070244749107
0.9387755102040812,0.9591836734693876,2.728486710325961
1.020408163265306,0.9591836734693876,2.9489436046370296
1.1020408163265305,0.9591836734693876,3.120381048178786
1.1836734693877546,0.9591836734693876,3.2398247011660515
1.2653061224489792,0.9591836734693876,3.308545833108988
1.3469387755102038,0.9591836734693876,3.333055634960521
1.4285714285714284,0.9591836734693876,3.3261705535600155
1.510204081632653,0.9591836734693876,3.308148648373192
1.591836734693877,0.9591836734693876,3.307896970528298
1.6734693877551017,0.9591836734693876,3.3642499641485
1.7551020408163265,0.9591836734693876,3.527318889980548
1.8367346938775508,0.9591836734693876,3.859912271319686
1.9183673469387756,0.9591836734693876,4.43902736223075
2.0,0.9591836734693876,5.357412638065619
-2.0,1.0,1.7333333333333307
-1.9183673469387756,1.0,0.9748814185980036
-1.836734693877551,1.0,0.5556996887864794
-1.7551020408163265,1.0,0.3830396685468888
-1.673469387755102,1.0,0.3799041038143782
-1.5918367346938775,1.0,0.4834844712937198
-1.510204081632653,1.0,0.6436695102381558
-1.4285714285714286,1.0,0.8216247765245208
-1.3469387755102042,1.0,0.988443219024568
-1.2653061224489797,1.0,1.123866778272577
-1.183673469387755,1.0,1.2150790074291828
-1.1020408163265307,1.0,1.2555687155414583
-1.020408163265306,1.0,1.2440646330992446
-0.9387755102040818,1.0,1.183541099887718
-0.8571428571428572,1.0,1.0802947751362102
-0.7755102040816328,1.0,0.9430923699632684
-0.6938775510204083,1.0,0.782389402117958
-0.6122448979591837,1.0,0.6096199730174214
-0.5306122448979593,1.0,0.4365575670806673
-0.4489795918367347,1.0,0.2747468733586128
-0.3673469387755104,1.0,0.1350066294603725
-0.2857142857142858,1.0,0.027003487775785
-0.2040816326530614,1.0,-0.041103096005808
-0.1224489795918368,1.0,-0.0629449520805445
-0.0408163265306122,1.0,-0.0341582634187742
0.0408163265306122,1.0,0.0474743896424502
0.1224489795918364,1.0,0.1819530071031282
0.204081632653061,1.0,0.3670601693003137
0.2857142857142856,1.0,0.598432059204356
0.3673469387755101,1.0,0.8697005070113926
0.4489795918367343,1.0,1.1727060570320806
0.5306122448979589,1.0,1.497782056876584
0.6122448979591835,1.0,1.834109768935788
0.693877551020408,1.0,2.170144504158774
0.7755102040816326,1.0,2.4941127781265324
0.8571428571428568,1.0,2.7945804894219237
0.9387755102040812,1.0,3.0610921202958803
1.020408163265306,1.0,3.2848809596298563
1.1020408163265305,1.0,3.45965034819452
1.1836734693877546,1.0,3.582425946204693
1.2653061224489792,1.0,3.654479023170536
1.3469387755102038,1.0,3.682320770044976
1.4285714285714284,1.0,3.678767633667378
1.510204081632653,1.0,3.6640776735034617
1.591836734693877,1.0,3.6671579406814745
1.6734693877551017,1.0,3.726842879324584
1.7551020408163265,1.0,3.8932437501795385
1.8367346938775508,1.0,4.229169076541584
1.9183673469387756,1.0,4.811616112475555
2.0,1.0,5.733333333333331
