x0,x1,y
1.065134809101789,1.0958241942238534,-0.04062387030959691
1.024510938792192,1.065134809101789,-0.050379706758642895
0.9741312320335491,1.024510938792192,-0.060145554801029455
0.9139856772325197,0.9741312320335491,-0.07012096306338744
0.8438647141691322,0.9139856772325197,-0.08050548017234815
0.7633592339967841,0.8438647141691322,-0.091498654754542
0.6718605792422421,0.7633592339967841,-0.10330003543660016
0.5685605438056419,0.6718605792422421,-0.11610824168360623
0.4524523021220357,0.5685605438056419,-0.13011643488760816
0.32233586723442753,0.4524523021220357,-0.14539484911599426
0.17694101811843327,0.32233586723442753,-0.16166113627657397
0.0152798818418593,0.17694101811843327,-0.17840402980263959
-0.16312414796078029,0.0152798818418593,-0.19447124030925528
-0.35759538827003556,-0.16312414796078029,-0.2077642878567738
-0.5653596761268094,-0.35759538827003556,-0.21595768975768226
-0.7813173658844916,-0.5653596761268094,-0.2154837462000898
-0.9968011120845814,-0.7813173658844916,-0.20432402894777035
-1.2011251410323518,-0.9968011120845814,-0.18308744533112797
-1.3842125863634798,-1.2011251410323518,-0.1526887971699038
-1.5369013835333836,-1.3842125863634798,-0.11765674748709154
-1.654558131020475,-1.5369013835333836,-0.08260408692624743
-1.7371622179467225,-1.654558131020475,-0.05000946270255091
-1.7871716806492735,-1.7371622179467225,-0.022377226962444707
-1.8095489076117182,-1.7871716806492735,-0.00046253555657305157
-1.8100114431682912,-1.8095489076117182,0.01721021823465141
-1.7928012249336398,-1.8100114431682912,0.0312116404407361
-1.7615895844929037,-1.7928012249336398,0.04220971410090657
-1.7193798703919971,-1.7615895844929037,0.05140383974183038
-1.6679760306501668,-1.7193798703919971,0.05939069188359669
-1.60858533876657,-1.6679760306501668,0.06659142609396373
-1.5419939126726063,-1.60858533876657,0.0734516837794017
-1.4685422288932046,-1.5419939126726063,0.08033148752983554
-1.388210741363369,-1.4685422288932046,0.08751040802595322
-1.3007003333374159,-1.388210741363369,0.09526931097684388
-1.205431022360572,-1.3007003333374159,0.10388906209159887
-1.101541960268973,-1.205431022360572,0.1135645405736434
-0.9879774196953297,-1.101541960268973,0.12479727279225561
-0.8631801469030741,-0.9879774196953297,0.1380090105277637
-0.7251711363753104,-0.8631801469030741,0.15336431412892804
-0.5718068222463824,-0.7251711363753104,0.17102756068141367
-0.4007792615649687,-0.5718068222463824,0.19116312727087814
-0.20961613429409054,-0.4007792615649687,0.21330776411530675
0.003691629821216208,-0.20961613429409054,0.23696874520715458
0.2406603750283708,0.003691629821216208,0.2588936066780926
0.49955398170646337,0.2406603750283708,0.2741487422889314
0.7737027239953947,0.49955398170646337,0.27780018672842177
1.0515029107238165,0.7737027239953947,0.26480154893546004
1.3163044596592766,1.0515029107238165,0.23309951338296253
1.549403973042239,1.3163044596592766,0.18864289881799
1.738046871860229,1.549403973042239,0.13898450398143458
-0.101067524831503,-0.24448624099179073,0.15921504779008752
0.058147522958584524,-0.101067524831503,0.17544987043797286
0.23359739339655738,0.058147522958584524,0.19030777453871223
0.4239051679352696,0.23359739339655738,0.2016229224271267
0.6255280903623963,0.4239051679352696,0.20722947643803646
0.8327575668004328,0.6255280903623963,0.2048068060754613
1.037564372875894,0.8327575668004328,0.19177336287079094
1.229337735746685,1.037564372875894,0.16943917799967778
1.3987769137463628,1.229337735746685,0.14086535372070852
1.5396422674670713,1.3987769137463628,0.10912781022936358
1.648770077696435,1.5396422674670713,0.07698601500054947
1.7257560926969844,1.648770077696435,0.04655375168196452
1.772309844378949,1.7257560926969844,0.02095133642250291
1.7932611808014518,1.772309844378949,-2.9245179960613044e-05
1.7932319356214912,1.7932611808014518,-0.01693896630105951
1.7762929693204317,1.7932319356214912,-0.030321036441540716
1.745971932878891,1.7762929693204317,-0.041053720739886
1.704918212139005,1.745971932878891,-0.050340557528411045
1.654577654610594,1.704918212139005,-0.058544038444624746
1.5960336161659692,1.654577654610594,-0.06592843935474191
1.5301051768112273,1.5960336161659692,-0.07276693758170727
1.45733823922952,1.5301051768112273,-0.07953026588986312
1.3778079733396569,1.45733823922952,-0.08659286472049721
1.2912151086191597,1.3778079733396569,-0.09421277431654973
1.19700233430261,1.2912151086191597,-0.10266715476202037
1.0943351795405896,1.19700233430261,-0.11223206983708689
0.9821031097035027,1.0943351795405896,-0.12319719175099353
0.8589059179525091,0.9821031097035027,-0.13596099829261177
0.7229449196598974,0.8589059179525091,-0.15080062032581965
0.5721442993340777,0.7229449196598974,-0.16795698440635098
0.40418731492772675,0.5721442993340777,-0.18740638616390354
0.2167809287638232,0.40418731492772675,-0.2093590533095861
0.007421875454237115,0.2167809287638232,-0.23227299447589644
-0.22485111902165933,0.007421875454237115,-0.2531638400852647
-0.47801495910692404,-0.22485111902165933,-0.26896149698984595
-0.74697645609677,-0.47801495910692404,-0.273396470089722
-1.020372926186492,-0.74697645609677,-0.2614484934979808
-1.2818214196844728,-1.020372926186492,-0.23305609598510224
-1.514877515669575,-1.2818214196844728,-0.189957095426178
-1.704834611095753,-1.514877515669575,-0.1413519644101804
-1.8461865755059335,-1.704834611095753,-0.09391155469637513
-1.9400981302023086,-1.8461865755059335,-0.05272392722806307
-1.9928220574303717,-1.9400981302023086,-0.02134280128181154
-2.014164858712183,-1.9928220574303717,0.00223294486466985
-2.0119319138475134,-2.014164858712183,0.019304907460630405
-1.992627006386883,-2.0119319138475134,0.031866522439546685
-1.9607604839473363,-1.992627006386883,0.04138763218889974
-1.9193728517584365,-1.9607604839473363,0.04864213761160863
-1.870730714146828,-1.9193728517584365,0.05461525916279708
-1.8161154549840308,-1.870730714146828,0.05978794444574431
1.504462836213726,1.4343916796455298,0.04729647137344695
1.551759307587173,1.504462836213726,0.026566653603228074
1.578325961190401,1.551759307587173,0.008244394908552222
1.5865703560989532,1.578325961190401,-0.007744578052426565
1.5788257780465267,1.5865703560989532,-0.021474538621555794
1.557351239424971,1.5788257780465267,-0.033055671902988415
1.5242955675219825,1.557351239424971,-0.043121439532220585
1.481174127989762,1.5242955675219825,-0.05227284187525316
1.4289012861145087,1.481174127989762,-0.06079630293314087
1.3681049831813679,1.4289012861145087,-0.06897494744550547
1.2991300357358624,1.3681049831813679,-0.07709190015196943
1.222038135583893,1.2991300357358624,-0.08542941061266429
1.1366087249712287,1.222038135583893,-0.09400798144772704
1.0426007435235016,1.1366087249712287,-0.10345542312218159
0.93914532040132,1.0426007435235016,-0.11427261068529049
0.8248727097160296,0.93914532040132,-0.12658053157968152
0.698292178136348,0.8248727097160296,-0.1405001732479838
0.5577920048883642,0.698292178136348,-0.15615252313282735
0.4016394817555369,0.5577920048883642,-0.17365856867683893
0.22798091307869794,0.4016394817555369,-0.19311168823007252
0.034869224848625424,0.22798091307869794,-0.21363890277240039
-0.17876967792377496,0.034869224848625424,-0.23313297414376982
-0.4119026520675448,-0.17876967792377496,-0.2484903180376638
-0.6603929701052086,-0.4119026520675448,-0.25531762860978935
-0.9157105987149979,-0.6603929701052086,-0.2492858252447866
-1.1649964239597845,-0.9157105987149979,-0.22805198957314388
-1.3930484135329284,-1.1649964239597845,-0.1931688846143278
-1.5862172981472562,-1.3930484135329284,-0.15025955476336073
-1.736476852910617,-1.5862172981472562,-0.10553453662518542
-1.8420113895358023,-1.736476852910617,-0.06517446449295594
-1.9071858540287583,-1.8420113895358023,-0.03225938501463532
-1.9394452390433936,-1.9071858540287583,-0.006337576201144612
-1.9457828152445382,-1.9394452390433936,0.013279940375499288
-1.932502874869039,-1.9457828152445382,0.02792598271429747
-1.9045768921547415,-1.932502874869039,0.03928251102206182
-1.8652943811326796,-1.9045768921547415,0.048116103459094006
-1.8171782776735856,-1.8652943811326796,0.05530890312313663
-1.761869374550449,-1.8171782776735856,0.06159394323763223
-1.7002754313128168,-1.761869374550449,0.06733333822742193
-1.6329420930853948,-1.7002754313128168,0.07288585697409133
-1.5600562361113035,-1.6329420930853948,0.07853742976535805
-1.4815188063459455,-1.5600562361113035,0.08450955789845005
-1.3970092484474954,-1.4815188063459455,0.0910226428225065
-1.305986605624989,-1.3970092484474954,0.09829699029997774
-1.2076896153250112,-1.305986605624989,0.10652160670213529
-1.101168008622876,-1.2076896153250112,0.11605340235621264
-0.9851146062666633,-1.101168008622876,0.12723184893622097
-0.8578827573304423,-0.9851146062666633,0.1403211165309025
-0.7175616407995398,-0.8578827573304423,0.1555853752290075
-0.5619762655705323,-0.7175616407995398,0.1732887951192822
0.7069199939018431,0.7894721162374556,-0.09498330878371508
0.611936685118128,0.7069199939018431,-0.10859459411224459
0.5033420910058835,0.611936685118128,-0.12356949460605382
0.37977259639982963,0.5033420910058835,-0.13975098111876127
0.24002161528106836,0.37977259639982963,-0.15698202450398557
0.08303959077708278,0.24002161528106836,-0.1751055956153451
-0.09206600483826233,0.08303959077708278,-0.19412846867924122
-0.28619447351750354,-0.09206600483826233,-0.21086488235903184
-0.4970593558765354,-0.28619447351750354,-0.22173269052691158
-0.718792046403447,-0.4970593558765354,-0.22487986013981065
-0.9436719065432576,-0.718792046403447,-0.21846224195151864
-1.1621341484947763,-0.9436719065432576,-0.2006356867158252
-1.3627698352106015,-1.1621341484947763,-0.17073398194529932
-1.5335038171559008,-1.3627698352106015,-0.13479715453706964
-1.6683009716929704,-1.5335038171559008,-0.09748652920160694
-1.7657875008945774,-1.6683009716929704,-0.062407036525933046
-1.8281945374205104,-1.7657875008945774,-0.03286694166830073
-1.8610614790888111,-1.8281945374205104,-0.009094726365614703
-1.8701562054544258,-1.8610614790888111,0.009650078499374048
-1.8605061269550518,-1.8701562054544258,0.023952084750338054
-1.8365540422047137,-1.8605061269550518,0.03508828114060747
-1.8014657610641063,-1.8365540422047137,0.044218502345216404
-1.7572472587188899,-1.8014657610641063,0.051742526462791316
-1.7055047322560986,-1.7572472587188899,0.058072798723279195
-1.6474319335328194,-1.7055047322560986,0.06385783621990604
-1.5835740973129133,-1.6474319335328194,0.06942231563560974
-1.5141517816773036,-1.5835740973129133,0.07498506780830594
-1.4391667138689976,-1.5141517816773036,0.0807680345956514
-1.3583986792733462,-1.4391667138689976,0.08697021151463047
-1.2714284677587158,-1.3583986792733462,0.09382542000537208
-1.1776030477533437,-1.2714284677587158,0.10157231725758886
-1.0760307304957548,-1.1776030477533437,0.11044764216805869
-0.9655830883276961,-1.0760307304957548,0.12068813363355713
-0.844894954694139,-0.9655830883276961,0.1325305305508624
-0.7123644241432766,-0.844894954694139,0.14621157181675282
-0.5661528523265238,-0.7123644241432766,0.16193455001498175
-0.40421830231154204,-0.5661528523265238,0.179980514555161
-0.22423778775638104,-0.40421830231154204,0.2000732533009868
-0.024164534455394238,-0.22423778775638104,0.22077230334841202
0.1966077688930178,-0.024164534455394238,0.24052968066236668
0.43713744955538447,0.1966077688930178,0.25555542577805823
0.6926928753334427,0.43713744955538447,0.26062673874555675
0.9533196140789995,0.6926928753334427,0.2524706834512329
1.2057902975302324,0.9533196140789995,0.22830463371317733
1.4340949312434097,1.2057902975302324,0.19044997668270058
1.6245449079261103,1.4340949312434097,0.14541582272543585
1.7699607306515461,1.6245449079261103,0.0997431740482464
1.8697039046997925,1.7699607306515461,0.059610880078085016
1.9293147847778775,1.8697039046997925,0.02722484791262958
1.9565396326905071,1.9293147847778775,0.0021022517502522486
-1.4899609306115091,-1.6232906084494019,0.13186143979709053
-1.3580994908144186,-1.4899609306115091,0.13406268613121353
-1.224036804683205,-1.3580994908144186,0.1396147357002142
-1.0844220689829909,-1.224036804683205,0.1482710625073459
-0.936151006475645,-1.0844220689829909,0.15976939711464222
-0.7763816093610028,-0.936151006475645,0.17400079343115293
-0.6023808159298498,-0.7763816093610028,0.1920291097504268
-0.410351706179423,-0.6023808159298498,0.21323643775406437
-0.19711526842535865,-0.410351706179423,0.23655717996956904
0.039441911544210395,-0.19711526842535865,0.2610683679856335
0.3005102795298439,0.039441911544210395,0.2831359315618758
0.5836462110917197,0.3005102795298439,0.29433071296881097
0.8779769240605306,0.5836462110917197,0.29070512455155373
1.1686820486120844,0.8779769240605306,0.2688345278459727
1.437516576458057,1.1686820486120844,0.22676288298520242
1.6642794594432595,1.437516576458057,0.17376555420941164
1.8380450136526711,1.6642794594432595,0.11944624083868938
1.9574912544913605,1.8380450136526711,0.07095565077852717
2.0284469052698877,1.9574912544913605,0.03342294833794668
2.0618698536078344,2.0284469052698877,0.00512717529793516
2.0669970289057695,2.0618698536078344,-0.01503993436006379
2.0519570945457057,2.0669970289057695,-0.029227348134362785
2.022729746411343,2.0519570945457057,-0.03988723623311463
1.9828425101782283,2.022729746411343,-0.04777565839693887
1.9350668517812895,1.9828425101782283,-0.053976532231251095
1.8810903195500384,1.9350668517812895,-0.05928930169933189
1.8218010178507065,1.8810903195500384,-0.0640313919052784
1.757769625945428,1.8218010178507065,-0.06856043625650599
1.689209189688922,1.757769625945428,-0.07313924253609327
1.6160699471528288,1.689209189688922,-0.07793530766764167
1.5381346394851871,1.6160699471528288,-0.08311323546883753
1.4550214040163496,1.5381346394851871,-0.08875614291518485
1.3662652611011648,1.4550214040163496,-0.09509769603195894
1.2711675650692058,1.3662652611011648,-0.10250909860405488
1.168658466465151,1.2711675650692058,-0.11121650207666134
1.0574419643884896,1.168658466465151,-0.12144550652378894
0.9359964578647006,1.0574419643884896,-0.13342171201944986
0.8025747458452508,0.9359964578647006,-0.14737071863765572
0.6552040272075951,0.8025747458452508,-0.1635181264524178
0.49168590075517726,0.6552040272075951,-0.1820838268956526
0.30960207385952465,0.49168590075517726,-0.20319491759363845
0.1064071562658862,0.30960207385952465,-0.22635314232650772
-0.11994598606062151,0.1064071562658862,-0.2489770548576304
-0.3689230409182519,-0.11994598606062151,-0.2681045273467907
-0.6370275682650426,-0.3689230409182519,-0.2780466982742559
-0.9150742665392985,-0.6370275682650426,-0.2727435829709276
-1.187817849510226,-0.9150742665392985,-0.2504051145611499
-1.438222964071376,-1.187817849510226,-0.21103040819830854
-1.6492533722696845,-1.438222964071376,-0.16230380803094202
-1.8115571803006265,-1.6492533722696845,-0.1123605476039562
2.0014836360962596,1.9024894065470237,0.05506821397034445
2.056551850066604,2.0014836360962596,0.02098302015101572
2.0775348702176197,2.056551850066604,-0.004089760400958209
2.0734451098166615,2.0775348702176197,-0.02139749916402156
2.05204761065264,2.0734451098166615,-0.034037676701113906
2.018009933951526,2.05204761065264,-0.043382501416371344
1.9746274325351547,2.018009933951526,-0.050354233262274395
1.9242731992728803,1.9746274325351547,-0.056111164694251814
1.8681620345786285,1.9242731992728803,-0.06107210416755304
1.8070899304110755,1.8681620345786285,-0.06561333141423731
1.7414765989968382,1.8070899304110755,-0.07007885871284758
1.6713977402839906,1.7414765989968382,-0.07465184823056448
1.596745892053426,1.6713977402839906,-0.07949524729186153
1.5172506447615646,1.596745892053426,-0.08477981012487512
1.4324708346366894,1.5172506447615646,-0.09065985757560213
1.3418109770610873,1.4324708346366894,-0.09733230580536212
1.2444786712557252,1.3418109770610873,-0.10504825183381072
1.1394304194219145,1.2444786712557252,-0.11405941066386438
1.02537100875805,1.1394304194219145,-0.1246174972984383
0.9007535114596118,1.02537100875805,-0.13697422674045112
0.7637792847191607,0.9007535114596118,-0.1513813111701544
0.6123979735490063,0.7637792847191607,-0.16814525291001314
0.4442527206389931,0.6123979735490063,-0.18781142036538023
0.2564413002736129,0.4442527206389931,-0.20972111321022424
0.04672018706338865,0.2564413002736129,-0.23279400733722005
-0.1860738202738314,0.04672018706338865,-0.25521392005295607
-0.44128774032678747,-0.1860738202738314,-0.27213123304512626
-0.7134189733719137,-0.44128774032678747,-0.2783481255125737
-0.9917670988844874,-0.7134189733719137,-0.2688827236568446
-1.260649822541332,-0.9917670988844874,-0.24092471398352
-1.501574536524852,-1.260649822541332,-0.19806044397883382
-1.6996349805036859,-1.501574536524852,-0.14809173454009184
-1.8477267150437777,-1.6996349805036859,-0.09927269510881431
-1.946999410152592,-1.8477267150437777,-0.05790544759132543
-2.0049048577439175,-1.946999410152592,-0.02505940129689188
-2.0299642590408093,-2.0049048577439175,-0.0005595971488721041
-2.0305238561896815,-2.0299642590408093,0.01743919123357207
-2.0130846649561094,-2.0305238561896815,0.030439628689922893
-1.9826450362661865,-2.0130846649561094,0.04006058444071359
-1.942584451825473,-1.9826450362661865,0.047499199103134604
-1.8950852527223383,-1.942584451825473,0.05342740875808771
-1.8416578439642506,-1.8950852527223383,0.0585464900568351
-1.7831113539074155,-1.8416578439642506,0.06320057696851311
-1.7199107769389024,-1.7831113539074155,0.06762860538855464
-1.6522821715503477,-1.7199107769389024,0.07210018265719609
-1.5801819888931516,-1.6522821715503477,0.07678841530122327
-1.5033935735919284,-1.5801819888931516,0.08185030768597623
-1.4215432659059521,-1.5033935735919284,0.08744779444244744
-1.3340954714635047,-1.4215432659059521,0.09374337497646734
-1.2403520964870374,-1.3340954714635047,0.10092257417749395
0.9928472151449861,1.0445588079614119,-0.06318013107204346
0.9296670840729426,0.9928472151449861,-0.0749968305759503
0.8546702534969923,0.9296670840729426,-0.08755066796587718
0.7671195855311151,0.8546702534969923,-0.10100078056015882
0.6661188049709563,0.7671195855311151,-0.1155063056771295
0.5506124992938268,0.6661188049709563,-0.1312263806351237
0.4193861186587031,0.5506124992938268,-0.1483201427524764
0.2710659759062267,0.4193861186587031,-0.16694672934752142
0.1041192465587053,0.2710659759062267,-0.18716680118850626
-0.08304755462980094,0.1041192465587053,-0.20750614906101783
-0.2905537036908188,-0.08304755462980094,-0.2257147599326108
-0.5162684636234296,-0.2905537036908188,-0.2387386386909166
-0.7550071023143462,-0.5162684636234296,-0.24237454919449875
-0.997381651508845,-0.7550071023143462,-0.23329755373745154
-1.2306792052462965,-0.997381651508845,-0.21016674049105077
-1.4408459457373473,-1.2306792052462965,-0.17561619929297145
-1.6164621450303187,-1.4408459457373473,-0.13500051999001794
-1.7514626650203367,-1.6164621450303187,-0.09380360513879293
-1.8452662701591296,-1.7514626650203367,-0.0574202083040567
-1.9026864784631863,-1.8452662701591296,-0.02788683933779068
-1.930573317800977,-1.9026864784631863,-0.004621215892107955
-1.935194533693085,-1.930573317800977,0.012996788479747057
-1.9221977452133379,-1.935194533693085,0.02622018675870441
-1.8959775584546334,-1.9221977452133379,0.03643173831322022
-1.8595458201414132,-1.8959775584546334,0.04436646602973049
-1.8151793541116827,-1.8595458201414132,0.05084896636699887
-1.7643303877446839,-1.8151793541116827,0.056412978387557544
-1.7079174093571263,-1.7643303877446839,0.061407169770221204
-1.6465102395869051,-1.7079174093571263,0.06616678308979584
-1.5803434564971093,-1.6465102395869051,0.07091866496296073
-1.5094247915341485,-1.5803434564971093,0.07583116130172529
-1.4335936302324233,-1.5094247915341485,0.08107200144997195
-1.3525216287824513,-1.4335936302324233,0.08662023109284966
-1.2659013976896016,-1.3525216287824513,0.09278182010877467
-1.173119577580827,-1.2659013976896016,0.10009697077258162
-1.0730226068082453,-1.173119577580827,0.10868801813862028
-0.9643345886696251,-1.0730226068082453,0.1186747858245576
-0.8456598028450675,-0.9643345886696251,0.1301770974480596
-0.7154827053970079,-0.8456598028450675,0.14331477662679226
-0.5721679287702156,-0.7154827053970079,0.15820764697842515
-0.41396028179179045,-0.5721679287702156,0.17497553212061945
-0.238984749671171,-0.41396028179179045,0.193646111872471
-0.045338637798699996,-0.238984749671171,0.21343531516460212
0.16809667736590211,-0.045338637798699996,0.2325354866243758
0.4006321639902779,0.16809667736590211,0.24725886614336068
0.6478910301336386,0.4006321639902779,0.2537059102985141
0.9015969404321527,0.6478910301336386,0.24801829597234137
1.149615236404494,0.9015969404321527,0.2268224700295629
1.376437706434057,1.149615236404494,0.1926128458099361
1.569050552243993,1.376437706434057,0.15068992035682904
1.05348833139805,1.1442572211078152,-0.10003065345212381
0.9534576779459263,1.05348833139805,-0.11040409388941574
0.8430535840565105,0.9534576779459263,-0.12230441559499916
0.7207491684615114,0.8430535840565105,-0.13581843535669502
0.5849307331048164,0.7207491684615114,-0.15103295383867432
0.43389777926614204,0.5849307331048164,-0.1680347717051075
0.26586300756103454,0.43389777926614204,-0.18691395342664435
0.0789490541343902,0.26586300756103454,-0.20787327781892617
-0.12892422368453596,0.0789490541343902,-0.22770624902846784
-0.3566304727130038,-0.12892422368453596,-0.24291657834809993
-0.5995470510611037,-0.3566304727130038,-0.25082860802538665
-0.8503756590864904,-0.5995470510611037,-0.24876668030789206
-1.0991423393943824,-0.8503756590864904,-0.23405513744318363
-1.333197476837566,-1.0991423393943824,-0.20405972917485116
-1.5372572060124172,-1.333197476837566,-0.16197100611342652
-1.6992282121258437,-1.5372572060124172,-0.11767155160105958
-1.8168997637269033,-1.6992282121258437,-0.07581813756499312
-1.8927179012918964,-1.8168997637269033,-0.04055847574248106
-1.9332763770343775,-1.8927179012918964,-0.012738800053895272
-1.9460151770882728,-1.9332763770343775,0.008585871071423723
-1.937429306016849,-1.9460151770882728,0.02434215345175894
-1.91308715256509,-1.937429306016849,0.03649826585498195
-1.8765888867101082,-1.91308715256509,0.04612126366281477
-1.8304676230472934,-1.8765888867101082,0.05370602178328987
-1.7767616012640035,-1.8304676230472934,0.06012740549550455
-1.716634195768499,-1.7767616012640035,0.06600114698762782
-1.6506330487808711,-1.716634195768499,0.07159671294136438
-1.5790363358395068,-1.6506330487808711,0.07721437350451543
-1.5018219623349913,-1.5790363358395068,0.08310213477565509
-1.4187198275593362,-1.5018219623349913,0.08946233526776637
-1.3292574922915699,-1.4187198275593362,0.09653796944888438
-1.2327195228426855,-1.3292574922915699,0.10457237210806825
-1.1281471507346172,-1.2327195228426855,0.113808878034378
-1.0143382727002392,-1.1281471507346172,0.12452432908077804
-0.8898139436194612,-1.0143382727002392,0.13708740599918057
-0.7527265376202806,-0.8898139436194612,0.1518124335462795
-0.6009141040740011,-0.7527265376202806,0.16896672629110282
-0.4319473777828983,-0.6009141040740011,0.1887662670797287
-0.2431811107031696,-0.4319473777828983,0.2109339119423831
-0.03224719876078652,-0.2431811107031696,0.23413288119943793
0.2018856824386514,-0.03224719876078652,0.25679508059987466
0.45868076303852606,0.2018856824386514,0.27313362354305076
0.7318143865815768,0.45868076303852606,0.27803695966162334
1.0098513462432002,0.7318143865815768,0.2677520060826539
1.277603352325854,1.0098513462432002,0.23893821703383056
1.5165415693596846,1.277603352325854,0.1952529699990213
1.711794539358706,1.5165415693596846,0.14522552205167516
1.8570200614103811,1.711794539358706,0.09624537378032594
1.953265435190707,1.8570200614103811,0.055039765886505165
2.008305201077212,1.953265435190707,0.022959069806411492
-1.4101882526119933,-1.4875454692978165,0.08309738421527268
-1.3270908683967206,-1.4101882526119933,0.08924143776559279
-1.2378494306311278,-1.3270908683967206,0.09660083097113348
-1.1412485996599944,-1.2378494306311278,0.10527877616214054
-1.0359698234978538,-1.1412485996599944,0.11537578192565712
-0.9205940415721967,-1.0359698234978538,0.12699235684872545
-0.7936016847234713,-0.9205940415721967,0.1402290095183899
-0.6533726752050814,-0.7936016847234713,0.1551862485216925
-0.49818642668338886,-0.6533726752050814,0.17196458244567703
-0.32622184423771183,-0.49818642668338886,0.19066451987738642
-0.13555732436032542,-0.32622184423771183,0.21136086442569368
0.07580354006536826,-0.13555732436032542,0.23253309011061402
0.3083366301759823,0.07580354006536826,0.2508384771790772
0.5591751073550595,0.3083366301759823,0.26219673065026616
0.8213718380053256,0.5591751073550595,0.26158417453499805
1.0829560125403237,0.8213718380053256,0.24521270835550912
1.3281687208958328,1.0829560125403237,0.21314016140076308
1.541308882296596,1.3281687208958328,0.170846262459873
1.712155144756469,1.541308882296596,0.12469446762050551
1.8368496123769744,1.712155144756469,0.08085022520993435
1.9176998375869088,1.8368496123769744,0.044025249845045966
1.9617250874319547,1.9176998375869088,0.014944483980978696
1.9766695714129334,1.9617250874319547,-0.007274909544245922
1.9693946618686875,1.9766695714129334,-0.023569144217358007
1.9458255176513295,1.9693946618686875,-0.03571385114146741
1.910111666509862,1.9458255176513295,-0.04523966988422923
1.8648719966256329,1.910111666509862,-0.05275204336218242
1.8121199532634504,1.8648719966256329,-0.059033317209181924
1.7530866360542685,1.8121199532634504,-0.06470114874690092
1.6883854873073676,1.7530866360542685,-0.07004852738551093
1.6183369599218567,1.6883854873073676,-0.07538067009433491
1.5429562898275218,1.6183369599218567,-0.08093071702947463
1.4620255727980471,1.5429562898275218,-0.08690447595095008
1.375121096847097,1.4620255727980471,-0.09352080314601396
1.281600293701083,1.375121096847097,-0.10099855490192144
1.1806017387991616,1.281600293701083,-0.10955853534031346
1.0710432034588482,1.1806017387991616,-0.11948450402267641
0.9515586994361718,1.0710432034588482,-0.13111526664153472
0.820443432794637,0.9515586994361718,-0.1447584297656611
0.6756850030289759,0.820443432794637,-0.16071897246628597
0.51496603056269,0.6756850030289759,-0.179023923529404
0.335942107033286,0.51496603056269,-0.20036894191014315
0.13557316512314282,0.335942107033286,-0.22354264686308595
-0.08796948173994312,0.13557316512314282,-0.24632380001635712
-0.33429328175630024,-0.08796948173994312,-0.2664177300605559
-0.6007110118168562,-0.33429328175630024,-0.2781431427238059
-0.8788541545406621,-0.6007110118168562,-0.2751043058619942
-1.1539584604026563,-0.8788541545406621,-0.2551283956767567
-1.409086856079413,-1.1539584604026563,-0.21764456138689026
-1.6267314174663032,-1.409086856079413,-0.16934672796914696
-0.3513283042788573,-0.19845624841773146,-0.16357602087249812
-0.5149043251513554,-0.3513283042788573,-0.1703699285588457
-0.6852742537102011,-0.5149043251513554,-0.17206132316357403
-0.8573355768737752,-0.6852742537102011,-0.16781748073190106
-1.0251530576056762,-0.8573355768737752,-0.1568056773090447
-1.181958734914721,-1.0251530576056762,-0.1385399320969214
-1.3204986670116423,-1.181958734914721,-0.11529832288752995
-1.4357969898991723,-1.3204986670116423,-0.08956770163592531
-1.5253646915350976,-1.4357969898991723,-0.06334847827119372
-1.5887131698062913,-1.5253646915350976,-0.03865760848311384
-1.6273707782894051,-1.5887131698062913,-0.01711310225299134
-1.6444838805423965,-1.6273707782894051,0.0012708641580909674
-1.6432130163843055,-1.6444838805423965,0.016827120369974136
-1.6263858960143314,-1.6432130163843055,0.029856220227606256
-1.596529675786725,-1.6263858960143314,0.040773144310488174
-1.555756531476237,-1.596529675786725,0.0503624244529175
-1.5053941070233194,-1.555756531476237,0.05906712708046746
-1.446326979942852,-1.5053941070233194,0.06721014480696952
-1.3791168351358825,-1.446326979942852,0.07511437024625423
-1.3040024648896282,-1.3791168351358825,0.08308170072470555
-1.2209207641649227,-1.3040024648896282,0.0914267285532413
-1.1294940356116814,-1.2209207641649227,0.10053059608141535
-1.028963439530266,-1.1294940356116814,0.11068562697936135
-0.9182778125509047,-1.028963439530266,0.12218018781674156
-0.7960976247341631,-0.9182778125509047,0.13530264516322
-0.6607949795709431,-0.7960976247341631,0.15034136558845812
-0.510453613982485,-0.6607949795709431,0.1675720658246681
-0.3428815481578169,-0.510453613982485,0.18704922522080686
-0.15583232293701005,-0.3428815481578169,0.20821004133542959
0.05237771839841954,-0.15583232293701005,0.22973467753313048
0.28211239593155,0.05237771839841954,0.24901640154767302
0.531128797479223,0.28211239593155,0.2618667025560183
0.7929955000352413,0.531128797479223,0.2635108710166063
1.0565063710518476,0.7929955000352413,0.24897039034277713
1.3054767613946248,1.0565063710518476,0.21926154161885836
1.5247383030134831,1.3054767613946248,0.1771170654800467
1.7018553684935298,1.5247383030134831,0.13049761747140476
1.8323529859649346,1.7018553684935298,0.08605736311797152
1.918410349082906,1.8323529859649346,0.047656975075758945
1.966067324158665,1.918410349082906,0.01790811892318156
1.9839754430818466,1.966067324158665,-0.004668382293948614
1.979307060787898,1.9839754430818466,-0.021246801692833994
1.958060259095064,1.979307060787898,-0.03358042793201399
1.92447983116305,1.958060259095064,-0.043080161793251026
1.881399669369799,1.92447983116305,-0.05046854758413377
1.8309311217856652,1.881399669369799,-0.056643030955513485
1.7742880908301517,1.8309311217856652,-0.062114996036523484
1.7121730947936282,1.7742880908301517,-0.06718103185670454
1.6449920629369237,1.7121730947936282,-0.07216317606265044
1.5728288868742732,1.6449920629369237,-0.0772943174206584
-0.6403740986414994,-0.5168079030696751,-0.12393496843557561
-0.764309067077075,-0.6403740986414994,-0.1204488834398939
-0.8847579505169689,-0.764309067077075,-0.11320432914646661
-0.9979622796634355,-0.8847579505169689,-0.10271036362371322
-1.1006726432871488,-0.9979622796634355,-0.0894760449400529
-1.1901486882272017,-1.1006726432871488,-0.07401043116390471
-1.2641591193911064,-1.1901486882272017,-0.05679975260837011
-1.3209588719994765,-1.2641591193911064,-0.03901814731233588
-1.3599770193118124,-1.3209588719994765,-0.021963725884746044
-1.3819407451965584,-1.3599770193118124,-0.005858116211448827
-1.3877988614080072,-1.3819407451965584,0.009130926744232326
-1.378667934663775,-1.3877988614080072,0.02283564801897464
-1.3558322866448003,-1.378667934663775,0.035088668790889344
-1.320743617853911,-1.3558322866448003,0.0461459344039703
-1.2745976834499406,-1.320743617853911,0.05662861760769489
-1.2179690658422457,-1.2745976834499406,0.0667677715856907
-1.151201294256555,-1.2179690658422457,0.07689384697198953
-1.0743074472845655,-1.151201294256555,0.08733729440062299
-0.9869701528839425,-1.0743074472845655,0.0984285645056222
-0.8885415883783203,-0.9869701528839425,0.11048514504387008
-0.7780564433344502,-0.8885415883783203,0.12366794900453082
-0.6543884943299194,-0.7780564433344502,0.13877745552939447
-0.515611038800525,-0.6543884943299194,0.15585655833404094
-0.359754480466484,-0.515611038800525,0.1746696312584171
-0.1850848492080669,-0.359754480466484,0.1949810481424722
0.009896198934405298,-0.1850848492080669,0.21658730860123945
0.22648350753564475,0.009896198934405298,0.2367733514962259
0.46325685903187064,0.22648350753564475,0.2508703886694822
0.7141272477013528,0.46325685903187064,0.25566539380027564
0.9697926415016285,0.7141272477013528,0.247999324550628
1.2177919660522565,0.9697926415016285,0.22478192318209933
1.4425738892343558,1.2177919660522565,0.187580748039736
1.6301546372740918,1.4425738892343558,0.14372318671878892
1.7738778239928807,1.6301546372740918,0.09952393979303809
1.8734017637859188,1.7738778239928807,0.06053614485807679
1.9339379086439956,1.8734017637859188,0.028810216614750583
1.9627481252587462,1.9339379086439956,0.004340697188261355
1.9670888224470076,1.9627481252587462,-0.014068112081373041
1.9530207103656345,1.9670888224470076,-0.027906165199019117
1.9251145451666154,1.9530207103656345,-0.03819871308063627
1.8869158320859791,1.9251145451666154,-0.04629441803422374
1.8406214140517554,1.8869158320859791,-0.05287892378435566
1.7877424902673997,1.8406214140517554,-0.05847153099574309
1.7292709592716566,1.7877424902673997,-0.06358934265501914
1.6656816166166375,1.7292709592716566,-0.06849713178656924
1.5971844848300683,1.6656816166166375,-0.07340117285312098
1.5237833119769473,1.5971844848300683,-0.07852084667036707
1.4452624653065802,1.5237833119769473,-0.08404413894252682
1.3612183263640534,1.4452624653065802,-0.09014499847076873
1.2710733278932846,1.3612183263640534,-0.09701363137509378
1.514726604034027,1.7070599553944072,-0.18259013906686183
1.3321364649671652,1.514726604034027,-0.18154017496995478
1.1505962899972104,1.3321364649671652,-0.1874292967191601
0.9631669932780503,1.1505962899972104,-0.19858108110755668
0.7645859121704937,0.9631669932780503,-0.21460108945177336
0.5499848227187203,0.7645859121704937,-0.23632967643153935
0.31365514628718094,0.5499848227187203,-0.26194835652049664
0.0517067897666843,0.31365514628718094,-0.2894133891495153
-0.237706599382831,0.0517067897666843,-0.3157073392443306
-0.5534139386271616,-0.237706599382831,-0.331077696320217
-0.8844916349473786,-0.5534139386271616,-0.32787050664954154
-1.2123621415969201,-0.8844916349473786,-0.3003236310874202
-1.5126857726843403,-1.2123621415969201,-0.24839655352741197
-1.7610823262117523,-1.5126857726843403,-0.1844939050867087
-1.945576231298461,-1.7610823262117523,-0.12071471549231538
-2.0662909467907764,-1.945576231298461,-0.06799199222294972
-2.134282939013726,-2.0662909467907764,-0.02831901562606909
-2.162601954639795,-2.134282939013726,-0.00021857181002582493
-2.162820526449821,-2.162601954639795,0.018894391417089818
-2.143926135032731,-2.162820526449821,0.032282589909096604
-2.1116435451236346,-2.143926135032731,0.04154915173238516
-2.0700943933912495,-2.1116435451236346,0.04846630464040658
-2.021628088750843,-2.0700943933912495,0.05382191029060701
-1.9678061784602359,-2.021628088750843,0.0583185117403926
-1.9094876667198433,-1.9678061784602359,0.06239392081831907
-1.8470937459015242,-1.9094876667198433,0.06625065576604783
-1.7808430901354764,-1.8470937459015242,0.07013858059830658
-1.7107045095371698,-1.7808430901354764,0.07422930322510823
-1.6364752063120616,-1.7107045095371698,0.07865095076728323
-1.5578242555447783,-1.6364752063120616,0.08353882910275923
-1.474285426442019,-1.5578242555447783,0.08902051434760083
-1.3852649120944183,-1.474285426442019,0.09522164666816901
-1.2900432654262493,-1.3852649120944183,0.10240385698548016
-1.187639408440769,-1.2900432654262493,0.1108259590079479
-1.0768134494328212,-1.187639408440769,0.12074191067637197
-0.9560715387564492,-1.0768134494328212,0.13240566993154967
-0.8236658688248996,-0.9560715387564492,0.1460711947142801
-0.6775946741106195,-0.8236658688248996,0.1619924429653613
-0.5156022311452582,-0.6775946741106195,0.1802776429560266
-0.33532458818923155,-0.5156022311452582,0.2016515654111995
-0.13367302277803206,-0.33532458818923155,0.22499221545983872
0.09131919268180666,-0.13367302277803206,0.24786783130899326
0.3391870239907999,0.09131919268180666,0.26783159926533884
0.6070186232561388,0.3391870239907999,0.2795057781092649
0.8865244013654037,0.6070186232561388,0.27588957509969636
1.1624139764651,0.8865244013654037,0.25526275014084443
1.4176767266059445,1.1624139764651,0.21711318266058455
1.634789909266529,1.4176767266059445,0.16844117090699173
1.8032310801735207,1.634789909266529,0.11794663673238914
1.9211777169059099,1.8032310801735207,0.07209449575147264
0.6933617101205443,0.5754604803226582,0.11768775933288556
0.8110494694534298,0.6933617101205443,0.11380435216016693
0.9248538216135967,0.8110494694534298,0.10641326423813557
1.0312670858517323,0.9248538216135967,0.09603634857244092
1.1273034344241732,1.0312670858517323,0.08319545816873153
1.2104988925929048,1.1273034344241732,0.06841244603265606
1.2789113386255608,1.2104988925929048,0.05219058139312227
1.331101920018683,1.2789113386255608,0.035674477539132
1.366776397557815,1.331101920018683,0.019902529580038353
1.3866789271378535,1.366776397557815,0.005046016645805729
1.3917249437836592,1.3866789271378535,-0.008751448378177207
1.382973495405482,1.3917249437836592,-0.021346252606521787
1.3616272427989602,1.382973495405482,-0.03259478315383979
1.3290324596451204,1.3616272427989602,-0.04266843213675653
1.2863640275083639,1.3290324596451204,-0.05218651288362075
1.2341775146247431,1.2863640275083639,-0.06131578338915844
1.1728617312355847,1.2341775146247431,-0.07033001607288125
1.1025317151627034,1.1728617312355847,-0.07950373078282591
1.0230279843798775,1.1025317151627034,-0.08911144736702936
0.9339165370128482,1.0230279843798775,-0.09941868246725338
0.8344978545455948,0.9339165370128482,-0.11053511752246825
0.7239627370231265,0.8344978545455948,-0.12314705785143976
0.6008156791716868,0.7239627370231265,-0.13739758495533044
0.4634180942163563,0.6008156791716868,-0.1531830589354955
0.3102350352808608,0.4634180942163563,-0.1703998398932921
0.13983519538756872,0.3102350352808608,-0.18895360970280417
-0.049118414315235455,0.13983519538756872,-0.20852823949127397
-0.2576466538065094,-0.049118414315235455,-0.22548917042160826
-0.4831358242281177,-0.2576466538065094,-0.23664236850123638
-0.7197781927293541,-0.4831358242281177,-0.23941850774324258
-0.9591967004725966,-0.7197781927293541,-0.2312482621607067
-1.1904449626333033,-0.9591967004725966,-0.2095730103346516
-1.400017972967955,-1.1904449626333033,-0.17535054120191318
-1.5753685141698681,-1.400017972967955,-0.13533867206658545
-1.7107071862364536,-1.5753685141698681,-0.09458409857974215
-1.8052912848161957,-1.7107071862364536,-0.057854088131301884
-1.8631453729474976,-1.8052912848161957,-0.02739191765166704
-1.8905372905991646,-1.8631453729474976,-0.0031797590538984455
-1.893717049653063,-1.8905372905991646,0.01536674698553031
-1.8783503026675328,-1.893717049653063,0.029825264754114622
-1.8485250379134182,-1.8783503026675328,0.041089069464950834
-1.8074359684484673,-1.8485250379134182,0.049977662815770874
-1.7574583056326964,-1.8074359684484673,0.05751917761009673
-1.6999391280225997,-1.7574583056326964,0.06419556164382056
-1.6357435663787792,-1.6999391280225997,0.07040337229186266
-1.5653401940869165,-1.6357435663787792,0.0765287569454689
-1.4888114371414476,-1.5653401940869165,0.0828430885182645
-1.405968348623183,-1.4888114371414476,0.08959503615957609
-1.316373312463607,-1.405968348623183,0.0970339406986429
-1.219339371764964,-1.316373312463607,0.10541117978603665
1.349164649815901,1.29104645308332,0.03988643493789357
1.3890510847537945,1.349164649815901,0.022540194931801816
1.4115912796855963,1.3890510847537945,0.00642505896533585
1.4180163386509321,1.4115912796855963,-0.008360391674270273
1.4096559469766619,1.4180163386509321,-0.021717575699784275
1.3879383712768776,1.4096559469766619,-0.033586863301076075
1.3543515079758015,1.3879383712768776,-0.04440942476905918
1.3099420832067423,1.3543515079758015,-0.05453764060202526
1.255404442604717,1.3099420832067423,-0.06424495406438613
1.191159488540331,1.255404442604717,-0.07383555108768225
1.1173239374526487,1.191159488540331,-0.08361361760345454
1.0337103198491941,1.1173239374526487,-0.0937718009173143
0.9399385189318799,1.0337103198491941,-0.10472317701293632
0.8352153419189435,0.9399385189318799,-0.11714311085626838
0.7180722310626751,0.8352153419189435,-0.13111361581747227
0.5869586152452029,0.7180722310626751,-0.14669661038477388
0.440262004860429,0.5869586152452029,-0.16395401304639934
0.27630799181402965,0.440262004860429,-0.18294774229057664
0.09336024952345301,0.27630799181402965,-0.20352463175158564
-0.11016438222813263,0.09336024952345301,-0.22398511540102073
-0.33414949762915336,-0.11016438222813263,-0.24133570499319035
-0.5754852026223437,-0.33414949762915336,-0.25172618827977866
-0.8272113909021224,-0.5754852026223437,-0.25125692692980195
-1.0784683178319243,-0.8272113909021224,-0.23622332947834423
-1.3146916473102686,-1.0784683178319243,-0.206328357058575
-1.5210200043688435,-1.3146916473102686,-0.16617532700673077
-1.6871953313755743,-1.5210200043688435,-0.12199752893404425
-1.8091928603096186,-1.6871953313755743,-0.08003220195556704
-1.8892250622651856,-1.8091928603096186,-0.044729843710469286
-1.933954905975655,-1.8892250622651856,-0.01650647562504326
-1.9504613816006982,-1.933954905975655,0.005131239500318907
-1.9453301421003792,-1.9504613816006982,0.02131983277515559
-1.9240103093252237,-1.9453301421003792,0.03375836076996519
-1.8902519485552585,-1.9240103093252237,0.04322465988293067
-1.8470272886723278,-1.8902519485552585,0.050716591823272816
-1.796310696849055,-1.8470272886723278,0.05709042556807553
-1.7392202712809794,-1.796310696849055,0.06271867337824388
-1.6765015979027356,-1.7392202712809794,0.0679803547657134
-1.6085212431370222,-1.6765015979027356,0.0732011734840039
-1.5353200696530183,-1.6085212431370222,0.07858831323425419
-1.456731756418764,-1.5353200696530183,0.08433801042993583
-1.3723937459888282,-1.456731756418764,0.09062131223192793
-1.2817724337569003,-1.3723937459888282,0.0974530953134547
-1.1843193384434456,-1.2817724337569003,0.10546635174510954
-1.078852986698336,-1.1843193384434456,0.1149492558196924
-0.9639037308786437,-1.078852986698336,0.12606719270107825
-0.8378365381775654,-0.9639037308786437,0.13898554755314996
-0.6988509906244155,-0.8378365381775654,0.1538697055397822
-0.5449812850846333,-0.6988509906244155,0.17088505182485647
-0.3740962332597768,-0.5449812850846333,0.19019697157225357
-0.13760822567344044,-0.22634320469067548,0.09894797128366561
-0.03866025438977483,-0.13760822567344044,0.10962908346373998
0.07096882907396515,-0.03866025438977483,0.12026880319791539
0.19123763227188054,0.07096882907396515,0.13010612629878468
0.3213437585706652,0.19123763227188054,0.13838004857894037
0.4597238071496056,0.3213437585706652,0.14432956585097534
0.6040533730005809,0.4597238071496056,0.14718873612477634
0.7512421091253573,0.6040533730005809,0.14556342628879204
0.8968055354141493,0.7512421091253573,0.1383805913128222
1.0351861267269715,0.8968055354141493,0.12632287517278695
1.1615090018997585,1.0351861267269715,0.11021743358763314
1.2717264354873916,1.1615090018997585,0.09089125971130296
1.3626176951986946,1.2717264354873916,0.06935481896341233
1.431972514162107,1.3626176951986946,0.04796731659394404
1.479939830756051,1.431972514162107,0.02778018848074071
1.5077200192367917,1.479939830756051,0.009190318180371193
1.5169103374171629,1.5077200192367917,-0.007405410750594088
1.5095049266665688,1.5169103374171629,-0.021666059744317012
1.4878388669222518,1.5095049266665688,-0.0340250941198359
1.4538137728024159,1.4878388669222518,-0.045132614754319844
1.408681158048096,1.4538137728024159,-0.05531643408826925
1.3533647239598268,1.408681158048096,-0.06489669555655508
1.2884680284032717,1.3533647239598268,-0.07419354259404831
1.2142744858092234,1.2884680284032717,-0.0834645639659064
1.130809921843317,1.2142744858092234,-0.093088674114848
1.037721247728469,1.130809921843317,-0.1036518982375434
0.9340693494909256,1.037721247728469,-0.11541279766555212
0.8186565518253734,0.9340693494909256,-0.12861699754637124
0.6900395542790022,0.8186565518253734,-0.14351012302749588
0.5465294312515063,0.6900395542790022,-0.16033779925642455
0.3861916319950818,0.5465294312515063,-0.17934565138065173
0.20684598061443005,0.3861916319950818,-0.20043359767112032
0.00641238294330973,0.20684598061443005,-0.2223382479730239
-0.21592586502971417,0.00641238294330973,-0.24286350825720832
-0.4587893732869225,-0.21592586502971417,-0.2583935190073019
-0.7171828922942244,-0.4587893732869225,-0.26398045973853246
-0.9811633520327568,-0.7171828922942244,-0.2544248555599714
-1.2355882075927282,-0.9811633520327568,-0.22839994110442818
-1.4639881486971564,-1.2355882075927282,-0.19105454504029362
-1.65504269373745,-1.4639881486971564,-0.1480804960845057
-1.8031231898219557,-1.65504269373745,-0.10516961745150577
-1.9082928072734615,-1.8031231898219557,-0.06562702511195173
-1.9739198323854132,-1.9082928072734615,-0.031635998862080905
-2.005555831247494,-1.9739198323854132,-0.0056139458173896095
-2.0111697770648838,-2.005555831247494,0.013350553495172113
-1.9978192235697116,-2.0111697770648838,0.027449103211881543
-1.97037012035783,-1.9978192235697116,0.03802275361804863
-1.9323473667397815,-1.97037012035783,0.04588144115854553
-1.886465925581236,-1.9323473667397815,0.0522558835766056
-1.8342100420046303,-1.886465925581236,0.057655557035272365
-0.9717637862445083,-1.0910451128608925,0.12984878110995746
-0.8419150051345509,-0.9717637862445083,0.1426327210312418
-0.6992822841033091,-0.8419150051345509,0.15792490649689894
-0.5413573776064101,-0.6992822841033091,0.1755756976636691
-0.365781679942741,-0.5413573776064101,0.19543545468829193
-0.1703462252544491,-0.365781679942741,0.2173921500658484
0.04704592481139931,-0.1703462252544491,0.2406541925932783
0.2877001174046776,0.04704592481139931,0.260233106739831
0.5479332241445086,0.2877001174046776,0.27192115748521706
0.8198543816297257,0.5479332241445086,0.27196246656340173
1.0918168481931274,0.8198543816297257,0.2566011557083483
1.3484180039014757,1.0918168481931274,0.22287971102323545
1.5712977149247112,1.3484180039014757,0.17687950977718336
1.7481772247018945,1.5712977149247112,0.12735993075067764
1.8755371554525722,1.7481772247018945,0.08160269747932003
1.9571398529318922,1.8755371554525722,0.04360402010664788
2.00074387303854,1.9571398529318922,0.014204076105594599
2.0149479491441347,2.00074387303854,-0.007799878295069895
2.0071480708490648,2.0149479491441347,-0.02368203387593293
1.9834660369731318,2.0071480708490648,-0.03552391438646918
1.9479421225866627,1.9834660369731318,-0.04448537066576552
1.9034567519208971,1.9479421225866627,-0.05146286690400226
1.8519938850168949,1.9034567519208971,-0.05735539531698919
1.7946384896999057,1.8519938850168949,-0.06254739066221982
1.7320910990376859,1.7946384896999057,-0.0673829937458732
1.6647081052918127,1.7320910990376859,-0.0721906911020429
1.5925174141897698,1.6647081052918127,-0.07716312787224022
1.5153542863175296,1.5925174141897698,-0.0824772565188665
1.432877029798663,1.5153542863175296,-0.08829009897224549
1.3445869308264176,1.432877029798663,-0.0945772724168461
1.2500096584095715,1.3445869308264176,-0.10193515036534007
1.1480745080442314,1.2500096584095715,-0.11067702577064864
1.0373974822735827,1.1480745080442314,-0.12097985608043405
0.9164176261931487,1.0373974822735827,-0.13302059874235683
0.7833970274507919,0.9164176261931487,-0.14697621120408033
0.6364208162467115,0.7833970274507919,-0.16302365091326365
0.4733971653334479,0.6364208162467115,-0.1813398753175699
0.292057290015878,0.4733971653334479,-0.20192041993629284
0.09013687007958514,0.292057290015878,-0.22423261034853575
-0.1340957402689506,0.09013687007958514,-0.24666999098351866
-0.38076573125246926,-0.1340957402689506,-0.264710392618252
-0.6454761238707213,-0.38076573125246926,-0.2736086424518437
-0.919084766322565,-0.6454761238707213,-0.2686063446028919
-1.1876911109254569,-0.919084766322565,-0.24555676432266882
-1.4332478752481257,-1.1876911109254569,-0.20687552087126604
-1.6401233961193917,-1.4332478752481257,-0.15960788989212227
-1.799731286011514,-1.6401233961193917,-0.11097862184079399
-1.910709907852308,-1.799731286011514,-0.06762179890683395
-1.978331706759142,-1.910709907852308,-0.03278898683850362
-2.0111206935976456,-1.978331706759142,-0.0061201521556291105
0.1986958729080265,0.2183391480633392,-0.02561351327753783
0.17308235963048868,0.1986958729080265,-0.032009327085094824
0.14107303254539386,0.17308235963048868,-0.03882015847128195
0.1022528740741119,0.14107303254539386,-0.04596536242605859
0.05628751164805332,0.1022528740741119,-0.05336429393938416
0.002923217708669157,0.05628751164805332,-0.060936308001218076
-0.05801309029254892,0.002923217708669157,-0.06860075960151973
-0.12661384989406865,-0.05801309029254892,-0.0762770037302486
-0.20289085362431725,-0.12661384989406865,-0.08381585661793756
-0.2867067102422548,-0.20289085362431725,-0.09078629145704087
-0.37749300169929567,-0.2867067102422548,-0.0967531848876313
-0.47424618658692697,-0.37749300169929567,-0.10129839987732492
-0.5755445864642519,-0.47424618658692697,-0.10400373816711861
-0.6795483246313705,-0.5755445864642519,-0.10445100149800768
-0.7839993261293782,-0.6795483246313705,-0.10222199161098977
-0.8862213177403679,-0.7839993261293782,-0.09692222240288062
-0.9831435401432486,-0.8862213177403679,-0.08873125779778779
-1.0718747979410364,-0.9831435401432486,-0.07810781294125113
-1.1499826108822875,-1.0718747979410364,-0.0656370346023678
-1.2156196454846553,-1.1499826108822875,-0.05197932051668852
-1.2675989660013438,-1.2156196454846553,-0.0377950684197601
-1.305394034421104,-1.2675989660013438,-0.02373604522754591
-1.3291300796486498,-1.305394034421104,-0.010386051710320032
-1.3395161313589699,-1.3291300796486498,0.0020530930498083855
-1.3374630383091615,-1.3395161313589699,0.013578918453557964
-1.3238841198556035,-1.3374630383091615,0.02419186244500393
-1.2996922574105996,-1.3238841198556035,0.03389634348001036
-1.2657959139305892,-1.2996922574105996,0.04291117070892603
-1.2228847432216632,-1.2657959139305892,0.05149237631073511
-1.171392366910928,-1.2228847432216632,0.05981921247662392
-1.1115731544343042,-1.171392366910928,0.06811036747702359
-1.0434627869572806,-1.1115731544343042,0.07658452958236683
-0.9668782573749137,-1.0434627869572806,0.08546038706308523
-0.8814178703118285,-0.9668782573749137,0.09492092324276036
-0.7864969470690681,-0.8814178703118285,0.10515606950119771
-0.6813408775678704,-0.7864969470690681,0.11667591475570216
-0.5646649628121683,-0.6813408775678704,0.12947871076164458
-0.4351862520505237,-0.5646649628121683,0.14349875953246977
-0.2916874925180539,-0.4351862520505237,0.1586703630816213
-0.13301712943643262,-0.2916874925180539,0.17493468162758136
0.04191755219114872,-0.13301712943643262,0.1917113753659338
0.23362892755708253,0.04191755219114872,0.20646354388752886
0.4400924714446114,0.23362892755708253,0.2167775945936975
0.6568700660383089,0.4400924714446114,0.22037559341783142
0.8772456594561403,0.6568700660383089,0.21497960629333546
1.0922252657494758,0.8772456594561403,0.19831740224351257
1.2905426679929883,1.0922252657494758,0.17044245566362992
1.4609851236566183,1.2905426679929883,0.13624719650881412
1.5972323201654324,1.4609851236566183,0.09953817447026836
1.6967704946357007,1.5972323201654324,0.0639930478242483
-1.7116568273711144,-1.7447309755832987,0.0419235068775099
-1.6697333204936045,-1.7116568273711144,0.049497846530985656
-1.6202354739626188,-1.6697333204936045,0.05616811064423444
-1.5640673633183844,-1.6202354739626188,0.06223274502267451
-1.5018346182957099,-1.5640673633183844,0.06801462920361367
-1.4338199890920962,-1.5018346182957099,0.07380540875846298
-1.3600145803336332,-1.4338199890920962,0.0798047791536931
-1.28020980117994,-1.3600145803336332,0.08622004751345069
-1.1939897536664894,-1.28020980117994,0.09325853049466581
-1.1007312231718236,-1.1939897536664894,0.10112006435220411
-0.9996111588196195,-1.1007312231718236,0.10994416127217166
-0.8896669975474478,-0.9996111588196195,0.12020280980184372
-0.7694641877456041,-0.8896669975474478,0.13208092485733136
-0.6373832628882727,-0.7694641877456041,0.14565798507251826
-0.4917252778157545,-0.6373832628882727,0.16101346908128922
-0.33071180873446526,-0.4917252778157545,0.17820612476895983
-0.15250568396550543,-0.33071180873446526,0.19663735544961852
0.044131671484113094,-0.15250568396550543,0.21573455345541506
0.25986622493952816,0.044131671484113094,0.23271189432471484
0.492578119264243,0.25986622493952816,0.24409540956168896
0.736673528825932,0.492578119264243,0.24641113067050568
0.9830846594964376,0.736673528825932,0.23618742296932538
1.219272082465763,0.9830846594964376,0.21118499816996028
1.4304570806357233,1.219272082465763,0.1745941214130109
1.6050512020487342,1.4304570806357233,0.13221705714449072
1.737268259193225,1.6050512020487342,0.08994517550598968
1.8272134346992146,1.737268259193225,0.05286329154288549
1.8800767262421,1.8272134346992146,0.02247926306370074
1.9025559893058008,1.8800767262421,-0.0014739970967132532
1.9010819922090876,1.9025559893058008,-0.0196766837714486
1.881405308437639,1.9010819922090876,-0.0339032203750238
1.8475020880626152,1.881405308437639,-0.04504795256350813
1.802454135499107,1.8475020880626152,-0.05388157789889725
1.7485725576002098,1.802454135499107,-0.061483116406891636
1.6870894411933182,1.7485725576002098,-0.06835314322864283
1.6187362979646753,1.6870894411933182,-0.07487436008776327
1.543861937876912,1.6187362979646753,-0.08143621533002143
1.4624257225468906,1.543861937876912,-0.08831593286621997
1.3741097896806707,1.4624257225468906,-0.09579588800721006
1.2783139016734606,1.3741097896806707,-0.10416529060175428
1.1741486110717063,1.2783139016734606,-0.11371335049860898
1.0604352605730973,1.1741486110717063,-0.12461532201727654
0.9358199385558208,1.0604352605730973,-0.13755746994749574
0.7982624686083251,0.9358199385558208,-0.1529791445404287
0.6452833240678963,0.7982624686083251,-0.17095176885059693
0.4743315552172994,0.6452833240678963,-0.1915467658130835
0.2827847894042159,0.4743315552172994,-0.21481122473905362
0.0679735646651623,0.2827847894042159,-0.23992056347903068
-0.17194699881386838,0.0679735646651623,-0.2643624248969508
-0.43630942371081916,-0.17194699881386838,-0.2833673888930225
1.1608654415700386,1.3105246879703283,-0.15710134648481966
1.003764095085219,1.1608654415700386,-0.1688175206518614
0.8349465744333575,1.003764095085219,-0.18505237597720914
0.6498941984561484,0.8349465744333575,-0.20528370254264217
0.4446104959135062,0.6498941984561484,-0.22898929042993954
0.21562120548356667,0.4446104959135062,-0.2556461276262784
-0.040024922142711736,0.21562120548356667,-0.28383736994809755
-0.3238622920908093,-0.040024922142711736,-0.30829069715368707
-0.6321529892444964,-0.3238622920908093,-0.32148957206975226
-0.9536425613142486,-0.6321529892444964,-0.3156699750889643
-1.269312536403213,-0.9536425613142486,-0.285101606825539
-1.554414143228752,-1.269312536403213,-0.2335081184896901
-1.787922261718442,-1.554414143228752,-0.17185122848652945
-1.9597734902049715,-1.787922261718442,-0.11212729989594505
-2.0719007901009165,-1.9597734902049715,-0.06348346022724494
-2.1353842503281615,-2.0719007901009165,-0.02685613567202294
-2.1622403860001844,-2.1353842503281615,-0.000862688858872307
-2.1631030748590567,-2.1622403860001844,0.017015140108789684
-2.146087934750267,-2.1631030748590567,0.029370482556847044
-2.11671745219342,-2.146087934750267,0.03795292373612735
-2.0787645284572926,-2.11671745219342,0.044268192033809495
-2.034496336423483,-2.0787645284572926,0.049057070046578
-1.9854392663769052,-2.034496336423483,0.05303676395042167
-1.9324025024264835,-1.9854392663769052,0.056506026918687446
-1.875896475507796,-1.9324025024264835,0.05969290726113674
-1.8162035682466593,-1.875896475507796,0.06285241436540034
-1.753351153881259,-1.8162035682466593,0.06609376853204907
-1.6872573853492099,-1.753351153881259,0.06951035261459482
-1.617747032734615,-1.6872573853492099,0.07320720455882035
-1.5445398281757947,-1.617747032734615,0.07728707796015666
-1.467252750215638,-1.5445398281757947,0.08180837989036971
-1.3854443703252683,-1.467252750215638,0.08692290100191435
-1.298521469323354,-1.3854443703252683,0.09278938347194443
-1.2057320858514096,-1.298521469323354,0.09956656947761289
-1.1061655163737967,-1.2057320858514096,0.10741320119607434
-0.9987523151777223,-1.1061655163737967,0.11648802080448029
-0.882264294373242,-0.9987523151777223,0.12695299484935962
-0.7553112995238824,-0.882264294373242,0.139244428686093
-0.6160668708377894,-0.7553112995238824,0.15364608112272626
-0.4624207897150632,-0.6160668708377894,0.1700182395655936
-0.2924025501494696,-0.4624207897150632,0.18820595410533558
-0.104196596044134,-0.2924025501494696,0.20773055953663047
0.10353396349249647,-0.104196596044134,0.22715627241731443
0.3306902359098109,0.10353396349249647,0.24343932515868866
0.5741295610684995,0.3306902359098109,0.25259576445025056
0.8267253255187501,0.5741295610684995,0.2506373900390302
1.0773627155577803,0.8267253255187501,0.2340986241572527
1.311461339715033,1.0773627155577803,0.20312825215558883
1.5145895918706218,1.311461339715033,0.16277538032314176
1.6773649721937636,1.5145895918706218,0.11884486000719008
0.3600273739869986,0.5266575964882594,-0.1867305426543507
0.17329683133264787,0.3600273739869986,-0.20949228098097203
-0.03619544964832416,0.17329683133264787,-0.23268294771322334
-0.2688783973615475,-0.03619544964832416,-0.25322480761745647
-0.522103204979004,-0.2688783973615475,-0.2680014924171187
-0.7901046973961227,-0.522103204979004,-0.2710624209046656
-1.0611671183007882,-0.7901046973961227,-0.2570859857144443
-1.3182531040152325,-1.0611671183007882,-0.22706469181244615
-1.5453177958276787,-1.3182531040152325,-0.18337613805354924
-1.728693933881228,-1.5453177958276787,-0.13511495793936557
-1.8638088918205935,-1.728693933881228,-0.08904030844429944
-1.952849200264893,-1.8638088918205935,-0.04941651164209193
-2.002265711906985,-1.952849200264893,-0.019306747067681762
-2.0215724589746666,-2.002265711906985,0.003176782821770363
-2.0183956761528963,-2.0215724589746666,0.019405811867881262
-1.998989864285015,-2.0183956761528963,0.031338110052516965
-1.967651754232498,-1.998989864285015,0.04031768921570489
-1.9273340650167932,-1.967651754232498,0.047141838768193
-1.8801922262486002,-1.9273340650167932,0.05275790369583966
-1.8274343225527605,-1.8801922262486002,0.057588925641719024
-1.7698453969110415,-1.8274343225527605,0.06194556808874374
-1.7078998288222977,-1.7698453969110415,0.06615793623967425
-1.6417418925826235,-1.7078998288222977,0.070413582649135
-1.5713283099334885,-1.6417418925826235,0.07485691964007968
-1.4964713902934088,-1.5713283099334885,0.0796295261314326
-1.4168418641619762,-1.4964713902934088,0.08481679265763375
-1.3320250715043425,-1.4168418641619762,0.0906552415813291
-1.2413698299230134,-1.3320250715043425,0.09737199086525306
-1.1439978390577603,-1.2413698299230134,0.10515984424475766
-1.0388379948130027,-1.1439978390577603,0.11421160545519704
-0.9246263893578056,-1.0388379948130027,0.124720078231922
-0.7999063111258836,-0.9246263893578056,0.1368780663102862
-0.6630282448155974,-0.7999063111258836,0.15087837342564214
-0.5121498713899553,-0.6630282448155974,0.16688085707962264
-0.34526901431033263,-0.5121498713899553,0.1850672259486657
-0.16020178836166693,-0.34526901431033263,0.20523939314040418
0.04503760477873725,-0.16020178836166693,0.22537416141415084
0.2704117661928881,0.04503760477873725,0.24324821628074067
0.5136599824736288,0.2704117661928881,0.25606935988655355
0.7697293423601823,0.5136599824736288,0.25667532153724704
1.0264046638974293,0.7697293423601823,0.24324087347595036
1.2696455373733797,1.0264046638974293,0.21603423927124732
1.485679776644627,1.2696455373733797,0.17603060708150653
1.6617103837261336,1.485679776644627,0.13087420483458723
1.7925845885607208,1.6617103837261336,0.0872137144429268
1.8797983030036476,1.7925845885607208,0.048759477981366484
1.928557780985014,1.8797983030036476,0.018512824208439138
1.9470706051934532,1.928557780985014,-0.004688209562812462
1.9423823956306407,1.9470706051934532,-0.02208656337729753
1.9202958322533432,1.9423823956306407,-0.03515571346919266
1.0953930228766382,1.0323509603414953,0.050913795290224106
1.1463068181668623,1.0953930228766382,0.038118941873470646
1.184425760040333,1.1463068181668623,0.025054969939529048
1.209480729979862,1.184425760040333,0.011982566232529468
1.2214632962123915,1.209480729979862,-0.0008375825033979378
1.2206257137089935,1.2214632962123915,-0.013144789524123679
1.2074809241848699,1.2206257137089935,-0.024679037379798707
1.1828018868050711,1.2074809241848699,-0.03537709744400597
1.1474247893610652,1.1828018868050711,-0.045574051628056056
1.1018507377330091,1.1474247893610652,-0.05551203794438542
1.0463386997886237,1.1018507377330091,-0.06542005059519107
0.9809186491934326,1.0463386997886237,-0.07552708378266915
0.9053915654107635,0.9809186491934326,-0.08606213170901811
0.8193294337017454,0.9053915654107635,-0.09725434728233129
0.7220750864194141,0.8193294337017454,-0.10938253517959295
0.6126925512398211,0.7220750864194141,-0.12274101507672763
0.4899515361630935,0.6126925512398211,-0.1374802643824264
0.3524712717806671,0.4899515361630935,-0.15367358170960776
0.19879769007105935,0.3524712717806671,-0.17121541450038275
0.027582275570676607,0.19879769007105935,-0.18931590262640446
-0.16173362705572786,0.027582275570676607,-0.20690947618817612
-0.368643103243904,-0.16173362705572786,-0.2217107547053238
-0.5903538579492278,-0.368643103243904,-0.22920741183847482
-0.8195612697877026,-0.5903538579492278,-0.2274055594353701
-1.0469668292230727,-0.8195612697877026,-0.21455252703908378
-1.2615193562621565,-1.0469668292230727,-0.18915824145236515
-1.4506775977145216,-1.2615193562621565,-0.15448191130886757
-1.6051595090233892,-1.4506775977145216,-0.11620243685338116
-1.7213619458767704,-1.6051595090233892,-0.07836360219152083
-1.7997255480682912,-1.7213619458767704,-0.04501014384848401
-1.8447356919167752,-1.7997255480682912,-0.01797799249448495
-1.8627136844112602,-1.8447356919167752,0.0036317594157158073
-1.8590819249955444,-1.8627136844112602,0.020398630859448375
-1.838683294136096,-1.8590819249955444,0.03318913764390219
-1.8054941564921938,-1.838683294136096,0.043591001608316304
-1.7619031548838775,-1.8054941564921938,0.052248100392106256
-1.7096550544917712,-1.7619031548838775,0.05955412884288913
-1.650100925648882,-1.7096550544917712,0.06606160327153998
-1.5840393223773421,-1.650100925648882,0.07232800651215565
-1.5117113158651865,-1.5840393223773421,0.07860499861766579
-1.4331063172475207,-1.5117113158651865,0.08514963200831627
-1.3479566852392044,-1.4331063172475207,0.09204709788886922
-1.2559095873503352,-1.3479566852392044,0.09966804137903229
-1.156241545971303,-1.2559095873503352,0.10863863919411365
-1.0476029067771893,-1.156241545971303,0.11914294105641343
-0.9284599657207758,-1.0476029067771893,0.13136037321549376
-0.7970995925052821,-0.9284599657207758,0.14547036192092544
-0.6516292305843566,-0.7970995925052821,0.1616523334222697
-0.4899768971620869,-0.6516292305843566,0.18008571396909512
-0.3098911831929918,-0.4899768971620869,0.2009457395708851
-0.5914573107129198,-0.5818961274805265,-0.004834530444472573
-0.5962918411573924,-0.5914573107129198,0.0002586905485272295
-0.5960331506088652,-0.5962918411573924,0.0056928614986641035
-0.5903402891102011,-0.5960331506088652,0.011451229161750343
-0.5788890599484507,-0.5903402891102011,0.01751704029359824
-0.5613720196548525,-0.5788890599484507,0.023873541650019536
-0.537498478004833,-0.5613720196548525,0.030503979986826635
-0.5069944980180063,-0.537498478004833,0.037379264643595755
-0.4696152333744106,-0.5069944980180063,0.04447512925382774
-0.42514010412058284,-0.4696152333744106,0.0520060219018364
-0.37313408221874644,-0.42514010412058284,0.05994948807044265
-0.3131845941483038,-0.37313408221874644,0.06823848510908187
-0.24494610903922193,-0.3131845941483038,0.07680597036718961
-0.1681401386720323,-0.24494610903922193,0.08558490119420009
-0.08255523747783222,-0.1681401386720323,0.09450823493954963
0.011952997461717407,-0.08255523747783222,0.10351104551826415
0.11546404297998156,0.011952997461717407,0.11260808325541194
0.2280721262353935,0.11546404297998156,0.12067917271945386
0.34875129895484736,0.2280721262353935,0.12685929584403094
0.4756105947988783,0.34875129895484736,0.13065529982810603
0.6062658946269843,0.4756105947988783,0.13157403187063943
0.7378399264976238,0.6062658946269843,0.12912233917059335
0.8669622656682171,0.7378399264976238,0.1228070689269295
0.9897693345951466,0.8669622656682171,0.11213506833860887
1.1019044029337555,0.9897693345951466,0.09715035770052372
1.1990547606342792,1.1019044029337555,0.07986310630002724
1.2789178669343064,1.1990547606342792,0.061195691836390065
1.3401135587706965,1.2789178669343064,0.042145493356951835
1.3822590521276483,1.3401135587706965,0.0237266176439217
1.40598566977157,1.3822590521276483,0.006689554768930961
1.412675224540501,1.40598566977157,-0.008774250176686982
1.403900974363814,1.412675224540501,-0.02276297540952199
1.381137998954292,1.403900974363814,-0.03540457986500378
1.3457334190892882,1.381137998954292,-0.04690888590089948
1.2988245331883888,1.3457334190892882,-0.05769743525445126
1.2411270979339375,1.2988245331883888,-0.068100627818521
1.1730264701154165,1.2411270979339375,-0.07847123333609773
1.0945552367793188,1.1730264701154165,-0.08916274559434023
1.0053924911849785,1.0945552367793188,-0.10052865838040437
0.9048638328045742,1.0053924911849785,-0.11286065835036296
0.7920031744542112,0.9048638328045742,-0.12651852462294788
0.6654846498312633,0.7920031744542112,-0.1422207134311685
0.5232639364000948,0.6654846498312633,-0.15991756710767402
0.3633463692924208,0.5232639364000948,-0.1794881357201995
0.1838582335722213,0.3633463692924208,-0.20081146206228864
-0.016953228490067335,0.1838582335722213,-0.22323732581800868
-0.240190554308076,-0.016953228490067335,-0.24391507224214498
-0.484105626550221,-0.240190554308076,-0.25876587610088103
-0.742871502651102,-0.484105626550221,-0.26351504393413194
-1.006386546585234,-0.742871502651102,-0.2538878822818087
1.8970338046783792,1.882792097579613,-0.006651408980523632
1.8903823956978556,1.8970338046783792,-0.022929096933384407
1.8674532987644712,1.8903823956978556,-0.035392506738198826
1.8320607920262724,1.8674532987644712,-0.04507641443705257
1.7869843775892198,1.8320607920262724,-0.05310961258948632
1.7338747649997335,1.7869843775892198,-0.05998904028839469
1.6738857247113388,1.7338747649997335,-0.06618520391056948
1.6077005208007693,1.6738857247113388,-0.07214368685215167
1.5355568339486176,1.6077005208007693,-0.07813502631140379
1.4574218076372139,1.5355568339486176,-0.08439717451259177
1.373024633124622,1.4574218076372139,-0.0910937148967037
1.2819309182279184,1.373024633124622,-0.09813015904415079
1.1838007591837676,1.2819309182279184,-0.10657343897604998
1.0772273202077176,1.1838007591837676,-0.1167097787964817
0.9605175414112359,1.0772273202077176,-0.1286400065819231
0.8318775348293128,0.9605175414112359,-0.14246495040884954
0.6894125844204633,0.8318775348293128,-0.15828543835373687
0.5311271460667264,0.6894125844204633,-0.17620229849306324
0.35492484757366316,0.5311271460667264,-0.19631635890330268
0.15860848867036048,0.35492484757366316,-0.21865374022679407
-0.06004525155643359,0.15860848867036048,-0.24165076913611427
-0.30169602069254786,-0.06004525155643359,-0.26188289358816785
-0.5635789142807157,-0.30169602069254786,-0.2747724428201359
-0.8383513571008516,-0.5635789142807157,-0.27433781407169255
-1.1126891711725442,-0.8383513571008516,-0.2567095062718221
-1.3693986774443663,-1.1126891711725442,-0.221627878398033
-1.5910265558423993,-1.3693986774443663,-0.17530572291586966
-1.766332278758269,-1.5910265558423993,-0.12499531117206986
-1.8913275899303388,-1.766332278758269,-0.07801795577552006
-1.9693455457058588,-1.8913275899303388,-0.04084076697823047
-2.0101863126840893,-1.9693455457058588,-0.012165907384506625
-2.022352220068596,-2.0101863126840893,0.00911319989497672
-2.013239020173619,-2.022352220068596,0.024106486622823775
-1.9891325335507954,-2.013239020173619,0.03544505168717005
-1.9536874818636254,-1.9891325335507954,0.0441765246299628
-1.9095109572336626,-1.9536874818636254,0.05077661583250159
-1.858734341401161,-1.9095109572336626,0.056276778855214316
-1.8024575625459467,-1.858734341401161,0.06118875596633622
-1.7412688065796105,-1.8024575625459467,0.0657561339731596
-1.6755126726064509,-1.7412688065796105,0.07026070541098273
-1.6052519671954681,-1.6755126726064509,0.07490822058322788
-1.5303437466122403,-1.6052519671954681,0.07985986343405149
-1.4504838831781888,-1.5303437466122403,0.08527811599700508
-1.3652057671811837,-1.4504838831781888,0.09132494502238209
-1.2738808221588016,-1.3652057671811837,0.09816398700218931
-1.1757168351566123,-1.2738808221588016,0.10603179857188083
-1.0696850365847315,-1.1757168351566123,0.1151854721387442
-0.9544995644459873,-1.0696850365847315,0.1258774621885982
-0.8286221022573891,-0.9544995644459873,0.13836022320726948
-0.6902618790501196,-0.8286221022573891,0.15288620968058164
1.6650401283725207,1.5724844852887907,0.06261113823984266
1.7276512666123633,1.6650401283725207,0.03639625837971372
1.764047524992077,1.7276512666123633,0.014311568009587106
1.7783590930016642,1.764047524992077,-0.0038770922532502805
1.774482000748414,1.7783590930016642,-0.018388822681797423
1.7560931780666165,1.774482000748414,-0.02998235182862885
1.7261108262379876,1.7560931780666165,-0.03971587240263563
1.686394953835352,1.7261108262379876,-0.04792536638082745
1.6384695874545245,1.686394953835352,-0.05490473868588586
1.5835648487686387,1.6384695874545245,-0.06107607168432039
1.5224887770843183,1.5835648487686387,-0.06697179781253504
1.4555169792717833,1.5224887770843183,-0.07281028648920818
1.382706692782575,1.4555169792717833,-0.07880845812672987
1.3038982346558452,1.382706692782575,-0.08509725320378081
1.2188009814520644,1.3038982346558452,-0.09150510931018041
1.127295872141884,1.2188009814520644,-0.09914939652540133
1.0281464756164826,1.127295872141884,-0.10825806300787666
0.919888412608606,1.0281464756164826,-0.11885212977946247
0.8010362828291435,0.919888412608606,-0.13095261786201107
0.6700836649671325,0.8010362828291435,-0.14458054827737865
0.5255031166897538,0.6700836649671325,-0.1597569420474192
0.3657461746423346,0.5255031166897538,-0.17650282019398678
0.18924335444834783,0.3657461746423346,-0.19483920373893615
-0.005595849290588317,0.18924335444834783,-0.21432584033228858
-0.2199216896228769,-0.005595849290588317,-0.23218239355376563
-0.4521040831766425,-0.2199216896228769,-0.2451914360506423
-0.6972955192272848,-0.4521040831766425,-0.2493590281038861
-0.9466545473311709,-0.6972955192272848,-0.24052593729692506
-1.187180484628096,-0.9466545473311709,-0.21740209723829373
-1.4045825818663897,-1.187180484628096,-0.181859439043619
-1.5864420209100087,-1.4045825818663897,-0.13985370483669257
-1.7262957257467013,-1.5864420209100087,-0.09652348613180672
-1.822819211878508,-1.7262957257467013,-0.057000408784875445
-1.8798196206633835,-1.822819211878508,-0.025630718672181585
-1.905450339335565,-1.8798196206633835,-0.0009135830829336555
-1.9063639224184987,-1.905450339335565,0.018128361336842147
-1.8882355610816566,-1.9063639224184987,0.032320942914226825
-1.8559146181674298,-1.8882355610816566,0.04349429066984167
-1.812420327497588,-1.8559146181674298,0.0526275108994434
-1.7597928165981447,-1.812420327497588,0.06023340519467313
-1.6995594114034716,-1.7597928165981447,0.06698574050583939
-1.6325736708976322,-1.6995594114034716,0.07342820377933079
-1.5591454671183014,-1.6325736708976322,0.07984605489700658
-1.4792994122212948,-1.5591454671183014,0.0865246773734385
-1.3927747348478563,-1.4792994122212948,0.09375351706760493
-1.2990212177802514,-1.3927747348478563,0.10177593600512713
-1.1972452817751242,-1.2990212177802514,0.11090668224799383
-1.0863385995271304,-1.1972452817751242,0.1214773982661248
-0.9648612012610056,-1.0863385995271304,0.13381972652944785
-0.8310414747315578,-0.9648612012610056,0.14826530950788774
1.1617018618462471,1.1135339882950475,0.034291203567684336
1.1959930654139315,1.1617018618462471,0.020464879491869814
1.2164579449058013,1.1959930654139315,0.006919160918703593
1.2233771058245049,1.2164579449058013,-0.006250073831933545
1.2171270319925713,1.2233771058245049,-0.018946946440161483
1.1981800855524098,1.2171270319925713,-0.03107557858609944
1.1671045069663104,1.1981800855524098,-0.04254009194986663
1.1245644150164438,1.1671045069663104,-0.05328891570081273
1.071275499315631,1.1245644150164438,-0.06386228622316725
1.0074132130924638,1.071275499315631,-0.07462194100309238
0.9327912720893714,1.0074132130924638,-0.0858020139126282
0.8469892581767432,0.9327912720893714,-0.09767785241705784
0.7493114057596854,0.8469892581767432,-0.11052480398166498
0.6387866017780204,0.7493114057596854,-0.12461821607173118
0.5141683857062892,0.6387866017780204,-0.1402334361525407
0.3739349495537485,0.5141683857062892,-0.15753895036838775
0.21639599918536076,0.3739349495537485,-0.1763425163859982
0.04005348279936255,0.21639599918536076,-0.19592582804160708
-0.15587234524224453,0.04005348279936255,-0.21494800212441023
-0.37082034736665476,-0.15587234524224453,-0.2308338133940438
-0.6016541607606986,-0.37082034736665476,-0.24001822876606194
-0.8416723895267605,-0.6016541607606986,-0.23872007774745974
-1.0803924672742202,-0.8416723895267605,-0.22355363788825078
-1.303946105162471,-1.0803924672742202,-0.19595854071239938
-1.4999046458748704,-1.303946105162471,-0.15853502141484088
-1.6584396672897113,-1.4999046458748704,-0.11762645438257135
-1.7760661216722826,-1.6584396672897113,-0.07853229453281507
-1.8545984162050977,-1.7760661216722826,-0.04425343883157362
-1.8988518550366713,-1.8545984162050977,-0.016970858927715105
-1.9158227139643864,-1.8988518550366713,0.004279059706856936
-1.9115436542575295,-1.9158227139643864,0.020421206544166903
-1.8911224477133626,-1.9115436542575295,0.032610433165830344
-1.8585120145475322,-1.8911224477133626,0.04225191808244988
-1.8162600964650824,-1.8585120145475322,0.04998353387680643
-1.766276562588276,-1.8162600964650824,0.05643680891480485
-1.709839753673471,-1.766276562588276,0.06223625559169377
-1.6476034980817773,-1.709839753673471,0.06767819644005435
-1.579925301641723,-1.6476034980817773,0.0730180676221237
-1.5069072340195993,-1.579925301641723,0.0785287124614491
-1.4283785215581501,-1.5069072340195993,0.08438612720743355
-1.3439923943507166,-1.4283785215581501,0.09079780272316951
-1.253194591627547,-1.3439923943507166,0.09798950863837153
-1.1552050829891756,-1.253194591627547,0.10618701458275037
-1.0490180684064252,-1.1552050829891756,0.1156157800824068
-0.9334022883240184,-1.0490180684064252,0.12631955262385752
-0.8070827357001609,-0.9334022883240184,0.1391207623700308
-0.6679619733301301,-0.8070827357001609,0.15431532218775001
-0.5136466511423801,-0.6679619733301301,0.1716626532676001
-0.34198399787477995,-0.5136466511423801,0.19092217680017698
-0.15106182107460298,-0.34198399787477995,0.2118533139760712
-1.1935243970074554,-1.2214451685921297,0.039639781639400073
-1.1538846153680553,-1.1935243970074554,0.050861101388346874
-1.1030235139797084,-1.1538846153680553,0.061855598076524076
-1.0411679159031844,-1.1030235139797084,0.072910559254585
-0.9682573566485994,-1.0411679159031844,0.08431327247318177
-0.8839440841754176,-0.9682573566485994,0.0963510252829669
-0.7875930588924507,-0.8839440841754176,0.10931027841685936
-0.6782827804755913,-0.7875930588924507,0.12352588168290846
-0.5547568987926829,-0.6782827804755913,0.13937304660371574
-0.4153838521889671,-0.5547568987926829,0.15691302707035992
-0.2584708251186072,-0.4153838521889671,0.17609856011583916
-0.08237226500276804,-0.2584708251186072,0.19649394344575274
0.11412167844298471,-0.08237226500276804,0.2168109556107093
0.330932634053694,0.11412167844298471,0.23421445954633202
0.565147093600026,0.330932634053694,0.2457251212027992
0.8108722148028252,0.565147093600026,0.24631098235469262
1.0571831971575179,0.8108722148028252,0.2328660681385848
1.2900492652961026,1.0571831971575179,0.20616930013593548
1.4962185654320381,1.2900492652961026,0.1679993893933085
1.6642179548253466,1.4962185654320381,0.12573018964389804
1.7899481444692447,1.6642179548253466,0.08469234574702211
1.8746404902162668,1.7899481444692447,0.04838059706686848
1.9230210872831353,1.8746404902162668,0.019845840937458004
1.9428669282205933,1.9230210872831353,-0.002050418597443482
1.9408165096231498,1.9428669282205933,-0.018521664274955274
1.9222948453481945,1.9408165096231498,-0.030820679864572043
1.8914741654836225,1.9222948453481945,-0.040412919433225225
1.8510612460503972,1.8914741654836225,-0.04796536911508098
1.8030958769353163,1.8510612460503972,-0.05418291314332979
1.7489129637919865,1.8030958769353163,-0.05968475171051191
1.6892282120814746,1.7489129637919865,-0.06475331211591895
1.6244748999655556,1.6892282120814746,-0.06965285155655754
1.554822048408998,1.6244748999655556,-0.07464512902240794
1.4801769193865901,1.554822048408998,-0.07990099488778823
1.400275924498802,1.4801769193865901,-0.08560358538076751
1.3146723391180344,1.400275924498802,-0.09193847096515406
1.2227338681528803,1.3146723391180344,-0.09909121948336441
1.123642648669516,1.2227338681528803,-0.1072437902426846
1.0163988584268313,1.123642648669516,-0.11669306367737475
0.8997057947494566,1.0163988584268313,-0.1277121236392057
0.7719936711102509,0.8997057947494566,-0.14052633409857185
0.631467337011679,0.7719936711102509,-0.15536105902587494
0.47610627798580407,0.631467337011679,-0.17214503351392157
0.3039612444718825,0.47610627798580407,-0.1912455951846887
0.1127156492871938,0.3039612444718825,-0.21246688177950457
-0.09975123249231077,0.1127156492871938,-0.23300162399076874
-0.3327528564830795,-0.09975123249231077,-0.2499497193900957
-0.5827025758731752,-0.3327528564830795,-0.2602613458300025
-0.8429639217031777,-0.5827025758731752,-0.2583106574354932
-1.1012745791386709,-0.8429639217031777,-0.24066848937307683
-0.10754598227279791,-0.1331159850918633,0.028418221559001547
-0.07912776071379636,-0.10754598227279791,0.03129218366851571
-0.04783557704528065,-0.07912776071379636,0.03416373472800031
-0.013671842317280344,-0.04783557704528065,0.03697525641847592
0.023303414101195574,-0.013671842317280344,0.03966913042096332
0.06297254452215889,0.023303414101195574,0.04218773841648274
0.10516028293864163,0.06297254452215889,0.04447346208605499
0.14963374502469662,0.10516028293864163,0.04646868311070085
0.19610242813539747,0.14963374502469662,0.04811208117115531
0.24421450930655278,0.19610242813539747,0.04927570005211032
0.2934902093586631,0.24421450930655278,0.04984163389959256
0.34333184325825566,0.2934902093586631,0.04975312567422169
0.39308496893247735,0.34333184325825566,0.04895547444943804
0.4420404433819154,0.39308496893247735,0.04739397929868161
0.489434422680597,0.4420404433819154,0.04501393929539288
0.5344483619759899,0.489434422680597,0.041760653513011725
0.5762090154890016,0.5344483619759899,0.037579421024978465
0.6137884365139801,0.5762090154890016,0.03241760945443195
0.646206045968412,0.6137884365139801,0.0263869026987561
0.6725929486671681,0.646206045968412,0.019725210113202052
0.6923181587803702,0.6725929486671681,0.012483484436491832
0.704801643216862,0.6923181587803702,0.004699879014912867
0.7095015222317749,0.704801643216862,-0.0035874528052476373
0.7059140694265272,0.7095015222317749,-0.012340357677702252
0.693573711748825,0.7059140694265272,-0.021520682256164103
0.6720530294926609,0.693573711748825,-0.03109027319434554
0.6409627562983153,0.6720530294926609,-0.04101097714595936
0.599951779152356,0.6409627562983153,-0.05122839453948147
0.5487233846128745,0.599951779152356,-0.06178420755892988
0.4869391770539446,0.5487233846128745,-0.07313786291603208
0.41380131413791255,0.4869391770539446,-0.08527461152928295
0.3285267026086296,0.41380131413791255,-0.09809980213948366
0.23042690046914593,0.3285267026086296,-0.1115187834874346
0.11890811698171133,0.23042690046914593,-0.12543690431393573
-0.006528787332224395,0.11890811698171133,-0.13976100443025413
-0.14628979176247853,-0.006528787332224395,-0.15423590394180603
-0.30052569570428456,-0.14628979176247853,-0.16692457808621808
-0.46745027379050264,-0.30052569570428456,-0.17614548839051392
-0.6435957621810166,-0.46745027379050264,-0.1805821916214123
-0.8241779538024289,-0.6435957621810166,-0.17891824454563643
-1.0030961983480653,-0.8241779538024289,-0.16983720392990076
-1.172933402277966,-1.0030961983480653,-0.15236468794311264
-1.3252980902210787,-1.172933402277966,-0.12878079984185264
-1.4540788900629313,-1.3252980902210787,-0.10182838153149065
-1.555907271594422,-1.4540788900629313,-0.07394868780791675
-1.6298559594023387,-1.555907271594422,-0.047620734738553994
-1.6774766941408927,-1.6298559594023387,-0.02462778261786802
-1.7021044767587608,-1.6774766941408927,-0.0051529122797004945
-1.7072573890384612,-1.7021044767587608,0.01104794302627754
-1.6962094460121837,-1.7072573890384612,0.024279041465691487
-1.88690760854687,-1.824784936851085,-0.030963513814402877
-1.9178711223612728,-1.88690760854687,-0.006270370725704355
-1.9241414930869771,-1.9178711223612728,0.012643697800610587
-1.9114977952863665,-1.9241414930869771,0.0267696372713222
-1.8847281580150443,-1.9114977952863665,0.037793955400990065
-1.8469342026140543,-1.8847281580150443,0.04650773213479842
-1.8004264704792559,-1.8469342026140543,0.05352952116457055
-1.7468969493146853,-1.8004264704792559,0.05965103248326975
-1.6872459168314156,-1.7468969493146853,0.06526010368745871
-1.6219858131439568,-1.6872459168314156,0.070628814702963
-1.5513569984409938,-1.6219858131439568,0.0760501068521855
-1.4753068915888083,-1.5513569984409938,0.08173203388654882
-1.3935748577022595,-1.4753068915888083,0.08787521023534284
-1.3056996474669167,-1.3935748577022595,0.09469916366832187
-1.2110004837985948,-1.3056996474669167,0.10242342195524201
-1.1085770618433528,-1.2110004837985948,0.11126810372862384
-0.997308958114729,-1.1085770618433528,0.12150220907505371
-0.8758067490396753,-0.997308958114729,0.1334516118715925
-0.7423551371680828,-0.8758067490396753,0.14739023958374642
-0.5949648975843363,-0.7423551371680828,0.1635495069163755
-0.43141539066796086,-0.5949648975843363,0.1821023638587414
-0.24931302680921946,-0.43141539066796086,0.20294320090710938
-0.046369825902110084,-0.24931302680921946,0.22466519133748003
0.17829536543536995,-0.046369825902110084,0.24574816311620984
0.4240435285515798,0.17829536543536995,0.26220037542870855
0.6862439039802883,0.4240435285515798,0.26817538078385983
0.9544192847641482,0.6862439039802883,0.2604203258823645
1.2148396106465127,0.9544192847641482,0.23596586718913715
1.4508054778356498,1.2148396106465127,0.19649930955733885
1.6473047873929887,1.4508054778356498,0.14968162801274953
1.7969864154057382,1.6473047873929887,0.10220941579660558
1.8991958312023438,1.7969864154057382,0.06067043961852958
1.9598662708208734,1.8991958312023438,0.027697166719101496
1.9875634375399749,1.9598662708208734,0.002316675713568417
1.9898801132535433,1.9875634375399749,-0.01628740447395427
1.973592708779589,1.9898801132535433,-0.030043285615969362
1.9435494231636197,1.973592708779589,-0.04061324174409342
1.9029361814195263,1.9435494231636197,-0.048666250510098985
1.8542699309094273,1.9029361814195263,-0.05520668741128154
1.7990632434981457,1.8542699309094273,-0.06092196253475701
1.7381412809633887,1.7990632434981457,-0.06612749341879787
1.6720137875445908,1.7381412809633887,-0.071164172503146
1.6008496150414449,1.6720137875445908,-0.07629778679790622
1.5245518282435386,1.6008496150414449,-0.08172037510655938
1.4428314531369792,1.5245518282435386,-0.08762328727920843
1.3552081658577708,1.4428314531369792,-0.09419918889108736
1.2610089769666835,1.3552081658577708,-0.10165937838464045
1.159349598582043,1.2610089769666835,-0.1102330629014634
1.0491165356805796,1.159349598582043,-0.12020357710910323
0.9289129585714764,1.0491165356805796,-0.13186374225270703
-1.5572156339776182,-1.3828420317298087,-0.13672532282142624
-1.6939409567990444,-1.5572156339776182,-0.09845606907707061
-1.792397025876115,-1.6939409567990444,-0.0628065222907137
-1.8552035481668288,-1.792397025876115,-0.03236757248888633
-1.887571120655715,-1.8552035481668288,-0.008551515441623136
-1.8961226360973382,-1.887571120655715,0.009991643894703417
-1.8861309922026348,-1.8961226360973382,0.024106319857003955
-1.8620246723456308,-1.8861309922026348,0.034969480130010666
-1.8270551922156202,-1.8620246723456308,0.04365682934243664
-1.7833983628731835,-1.8270551922156202,0.050716779813613666
-1.7326815830595699,-1.7833983628731835,0.05675133281221245
-1.6759302502473574,-1.7326815830595699,0.06225158366654626
-1.6136786665808112,-1.6759302502473574,0.06746758880176662
-1.5462110777790445,-1.6136786665808112,0.07263641353880601
-1.4735746642402385,-1.5462110777790445,0.07800495542469443
-1.395569708815544,-1.4735746642402385,0.08372734569304563
-1.3118423631224985,-1.395569708815544,0.090001393674904
-1.2218409694475945,-1.3118423631224985,0.09703855750802082
-1.1248024119395736,-1.2218409694475945,0.10505029533014687
-1.0197521166094268,-1.1248024119395736,0.1142480652790343
-0.9055040513303925,-1.0197521166094268,0.12485985478453321
-0.7806441965458593,-0.9055040513303925,0.137229993997245
-0.6434142025486143,-0.7806441965458593,0.15156804625758163
-0.4918461562910326,-0.6434142025486143,0.16798856343349183
-0.3238575928575408,-0.4918461562910326,0.18639200071686
-0.1374655921406808,-0.3238575928575408,0.20652664403214613
0.06906105189146533,-0.1374655921406808,0.2265761049932961
0.29563715688476144,0.06906105189146533,0.2440432260912896
0.539680382976051,0.29563715688476144,0.2556372781314601
0.7953176611075111,0.539680382976051,0.2551312499792703
1.0504489110867814,0.7953176611075111,0.2406653476958467
1.291114258782628,1.0504489110867814,0.21159969020793645
1.5027139489905645,1.291114258782628,0.17065761977734395
1.6733715687679085,1.5027139489905645,0.12595115139847124
1.7993227201663797,1.6733715687679085,0.08235948249615577
1.8816822026625355,1.7993227201663797,0.044348645658638386
1.9260308483211739,1.8816822026625355,0.015216806891841017
1.941247655213015,1.9260308483211739,-0.007092184695748349
1.9341554705172666,1.941247655213015,-0.023785800602749818
1.9103696699145167,1.9341554705172666,-0.0364064087329079
1.8739632611816088,1.9103696699145167,-0.04635401469342182
1.827609246488187,1.8739632611816088,-0.054318622571932096
1.773290623916255,1.827609246488187,-0.061107817911746354
1.7121828060045086,1.773290623916255,-0.06729978404801851
1.64488302195649,1.7121828060045086,-0.07320302032482107
1.571680001631669,1.64488302195649,-0.0791312600047549
1.492548741626914,1.571680001631669,-0.08536808422698483
1.4071806573999293,1.492548741626914,-0.09213904049561794
1.3150416169043113,1.4071806573999293,-0.09969808671565161
1.2153435301886597,1.3150416169043113,-0.10829977070572228
0.7017515616999898,0.7321958129698185,-0.039824527965797496
0.6619270337341923,0.7017515616999898,-0.04959291959669765
0.6123341141374946,0.6619270337341923,-0.05986974970198389
0.5524643644355107,0.6123341141374946,-0.07069741203571855
0.48176695239979217,0.5524643644355107,-0.08211830035196394
0.39964865204782823,0.48176695239979217,-0.0941748084047822
0.30547384364304603,0.39964865204782823,-0.1069093299482356
0.19856451369481043,0.30547384364304603,-0.12036425873638579
0.07820025495842464,0.19856451369481043,-0.13428525497576102
-0.05608500001733638,0.07820025495842464,-0.14847164049204878
-0.20455664050938516,-0.05608500001733638,-0.16192955345959092
-0.3664861939689761,-0.20455664050938516,-0.17307612143560924
-0.5395623154045853,-0.3664861939689761,-0.18032846778179723
-0.7198907831863826,-0.5395623154045853,-0.18210371585984597
-0.9019944990462285,-0.7198907831863826,-0.17681898903144955
-1.078813488077678,-0.9019944990462285,-0.1632693480000882
-1.2420828360777663,-1.078813488077678,-0.1423403865826003
-1.3844232226603665,-1.2420828360777663,-0.11646734741710141
-1.500890570077468,-1.3844232226603665,-0.08833480546853312
-1.589225375546001,-1.500890570077468,-0.06059021277613952
-1.6498155883221406,-1.589225375546001,-0.035565081311953683
-1.6853806696340943,-1.6498155883221406,-0.013978678234639386
-1.6993593478687337,-1.6853806696340943,0.004233963438589949
-1.6951253844301437,-1.6993593478687337,0.01913519737911873
-1.675990187051025,-1.6951253844301437,0.03135163793509155
-1.6446385491159334,-1.675990187051025,0.04187835456317601
-1.6027601945527574,-1.6446385491159334,0.05105127676901078
-1.5517089177837466,-1.6027601945527574,0.0591678991859379
-1.4925410185978087,-1.5517089177837466,0.06654001266586018
-1.4260010059319486,-1.4925410185978087,0.07364652374168146
-1.352354482190267,-1.4260010059319486,0.08085084707675017
-1.271503635113517,-1.352354482190267,0.08841933983189088
-1.183084295281626,-1.271503635113517,0.09662420111033332
-1.0864600941712927,-1.183084295281626,0.10573287324456881
-0.9807272209267239,-1.0864600941712927,0.11593784045524635
-0.8647893804714776,-0.9807272209267239,0.12778773040399172
-0.7370016500674859,-0.8647893804714776,0.141513380162418
-0.5954882699050679,-0.7370016500674859,0.15720028513373208
-0.4382879847713358,-0.5954882699050679,0.17493394072113966
-0.26335404405019613,-0.4382879847713358,0.19465479140329828
-0.06869925264689787,-0.26335404405019613,0.21559769993659889
0.14689844728970103,-0.06869925264689787,0.23631708580482602
0.38321553309452705,0.14689844728970103,0.25290232240932087
0.6361178555038479,0.38321553309452705,0.26119255189054347
0.8973104073943914,0.6361178555038479,0.2570269163889711
1.1543373237833625,0.8973104073943914,0.2366807464894891
1.3910180702728516,1.1543373237833625,0.20125484772334024
1.5922729179961919,1.3910180702728516,0.15692244821454238
1.7491953662107342,1.5922729179961919,0.11055257427180565
1.8597479404825399,1.7491953662107342,0.06874373258181787
0.8574787786803604,0.9790486236312685,-0.13289584652750552
0.7245829321528549,0.8574787786803604,-0.14641376829483532
0.5781691638580195,0.7245829321528549,-0.16225600056141615
0.4159131632966034,0.5781691638580195,-0.18010959918984654
0.23580356410675685,0.4159131632966034,-0.19966162004272547
0.03614194406403137,0.23580356410675685,-0.2206660624720242
-0.18452411840799282,0.03614194406403137,-0.24085315752031922
-0.42537727592831204,-0.18452411840799282,-0.2551937091251429
-0.6805709850534549,-0.42537727592831204,-0.26030803232865574
-0.9408790173821107,-0.6805709850534549,-0.25294922687386157
-1.1938282442559722,-0.9408790173821107,-0.2298980120940064
-1.4237262563499786,-1.1938282442559722,-0.1921098187520922
-1.6158360751020708,-1.4237262563499786,-0.14718761531712699
-1.7630236904191978,-1.6158360751020708,-0.10162298105576895
-1.8646466714749668,-1.7630236904191978,-0.06124842529241681
-1.9258950967673836,-1.8646466714749668,-0.028358234640585067
-1.9542533314079686,-1.9258950967673836,-0.0029176437693541057
-1.9571709751773227,-1.9542533314079686,0.016229082719450894
-1.9409418924578719,-1.9571709751773227,0.03074276019438682
-1.910199132263485,-1.9409418924578719,0.0416258610944098
-1.8685732711690752,-1.910199132263485,0.050246227831880264
-1.818327043337195,-1.8685732711690752,0.057404573079473886
-1.760922470257721,-1.818327043337195,0.06361016183586199
-1.697312308421859,-1.760922470257721,0.06939373526508663
-1.6279185731567725,-1.697312308421859,0.07508080246153948
-1.552837770695233,-1.6279185731567725,0.08090786872467448
-1.4719299019705585,-1.552837770695233,0.08710782273462092
-1.3848220792359376,-1.4719299019705585,0.09390211394862158
-1.290919965287316,-1.3848220792359376,0.1015643187399986
-1.1893556465473174,-1.290919965287316,0.11038559215209132
-1.078970054395226,-1.1893556465473174,0.12065642351936812
-0.958313630875858,-1.078970054395226,0.13266730217629852
-0.8256463286995595,-0.958313630875858,0.1467087174573528
-0.6789376112422066,-0.8256463286995595,0.16307115869699962
-0.515866452545207,-0.6789376112422066,0.1820039704212244
-0.3338624821239826,-0.515866452545207,0.20391725209842226
-0.12994523002556035,-0.3338624821239826,0.2276220385780836
0.09767680855252325,-0.12994523002556035,0.25124839666396886
0.3489252052164921,0.09767680855252325,0.2719837445818602
0.6209089497983523,0.3489252052164921,0.28288703933734727
0.9037959891356996,0.6209089497983523,0.27922194103128584
1.1830179301669854,0.9037959891356996,0.2572443988690294
1.4402623290360148,1.1830179301669854,0.217350509819507
1.6576128388555218,1.4402623290360148,0.16750170809197407
1.8251145469474959,1.6576128388555218,0.1159328400683377
1.9410473870158336,1.8251145469474959,0.07059922633235938
2.011646613348193,1.9410473870158336,0.03472919568730681
2.0463758090354998,2.011646613348193,0.007594122775888668
2.0539699318113884,2.0463758090354998,-0.011937863408083338
2.042032068403305,2.0539699318113884,-0.02606226765264541
1.8273032890598073,1.87003892973684,-0.05214969331139763
1.7751535957484097,1.8273032890598073,-0.06016587285820374
1.714987722890206,1.7751535957484097,-0.06727078160297673
1.6477169412872292,1.714987722890206,-0.07386561674839176
1.5738513245388375,1.6477169412872292,-0.08042714685213248
1.493424177686705,1.5738513245388375,-0.0872620578155563
1.4061621198711487,1.493424177686705,-0.0946470538342663
1.3115150660368824,1.4061621198711487,-0.10286677712827452
1.2086482889086079,1.3115150660368824,-0.11218770334607298
1.096460585562535,1.2086482889086079,-0.12296083943955705
0.9734997461229778,1.096460585562535,-0.1356632098932059
0.8378365362297719,0.9734997461229778,-0.15061424456166828
0.6872222916681037,0.8378365362297719,-0.16812447582540302
0.5190978158427006,0.6872222916681037,-0.18847108439173382
0.3306267314509668,0.5190978158427006,-0.21142201665463778
0.11920471479632905,0.3306267314509668,-0.23738750623716526
-0.11818279144083621,0.11920471479632905,-0.2629781110156514
-0.3811609024564876,-0.11818279144083621,-0.2837824874965139
-0.6649433899530015,-0.3811609024564876,-0.29517206589550904
-0.9601154558485105,-0.6649433899530015,-0.2888434798984245
-1.248958935746935,-0.9601154558485105,-0.26185519045869476
-1.5108141262056298,-1.248958935746935,-0.21786632519277327
-1.728680451398403,-1.5108141262056298,-0.16355112465949606
-1.8922315760578992,-1.728680451398403,-0.11098794299254311
-2.0032195190504423,-1.8922315760578992,-0.06505321656101071
-2.068272735611453,-2.0032195190504423,-0.029445739098850066
-2.097718474710303,-2.068272735611453,-0.0038519751555843307
-2.1015704498658874,-2.097718474710303,0.014213556985513076
-2.0873568928803743,-2.1015704498658874,0.026955442784622807
-2.0604014500957515,-2.0873568928803743,0.03614266089701923
-2.0242587891987323,-2.0604014500957515,0.04283762933980184
-1.9814211598589304,-2.0242587891987323,0.04810213450917211
-1.9333190253497583,-1.9814211598589304,0.052376811948890545
-1.8809422134008678,-1.9333190253497583,0.05608360167981985
-1.824858611721048,-1.8809422134008678,0.05955232150448486
-1.765306290216563,-1.824858611721048,0.06292062370566676
-1.7023856665108963,-1.765306290216563,0.06632180340434157
-1.6360638631065547,-1.7023856665108963,0.06990925464237097
-1.5661546084641838,-1.6360638631065547,0.07376417513128386
-1.4923904333329,-1.5661546084641838,0.07799781051684263
-1.4143926228160573,-1.4923904333329,0.0827270945597105
-1.3316655282563468,-1.4143926228160573,0.0880689610205545
-1.2435965672357923,-1.3316655282563468,0.09410611581295458
-1.1494904514228377,-1.2435965672357923,0.10093544271161847
-1.0485550087112192,-1.1494904514228377,0.10903150049670585
-0.9395235082145134,-1.0485550087112192,0.11854895891909589
-0.8209745492954175,-0.9395235082145134,0.12960040184078692
-0.6913741474546305,-0.8209745492954175,0.14229841312376834
-0.5490757343308622,-0.6913741474546305,0.1567555766300368
-0.3923201577008254,-0.5490757343308622,0.1730844762215874
-0.5445593948749526,-0.6966985674473922,0.16951911831710542
-0.3750402765578472,-0.5445593948749526,0.18987584215049153
-0.1851644344073557,-0.3750402765578472,0.21216002087869817
0.02699558647134248,-0.1851644344073557,0.23458398913335154
0.261579575604694,0.02699558647134248,0.2553502834658793
0.5169298590705733,0.261579575604694,0.2700631521731649
0.7869930112437382,0.5169298590705733,0.27189959166952726
1.0588926029132655,0.7869930112437382,0.2582425058169664
1.3171351087302319,1.0588926029132655,0.2272609111280801
1.544396019858312,1.3171351087302319,0.18312015769203915
1.7275161775503511,1.544396019858312,0.13427115269602452
1.8617873302463757,1.7275161775503511,0.08731274745543338
1.949100077701809,1.8617873302463757,0.04842193587767274
1.9975220135794818,1.949100077701809,0.018184824256286314
2.015706837835768,1.9975220135794818,-0.004543140114634081
2.011163697721134,2.015706837835768,-0.02078318666958001
1.990380511051554,2.011163697721134,-0.03289964551773128
1.9574808655338227,1.990380511051554,-0.04210913545951245
1.9153717300743103,1.9574808655338227,-0.04908739529065542
1.8662843347836549,1.9153717300743103,-0.05487655199068997
1.8114077827929649,1.8662843347836549,-0.05993827095830628
1.7514695118346586,1.8114077827929649,-0.06456952408522065
1.686899987749438,1.7514695118346586,-0.06909017146345753
1.6178098162859804,1.686899987749438,-0.0737099878181724
1.544099828467808,1.6178098162859804,-0.07858973380332812
1.46551009466448,1.544099828467808,-0.08389021210818504
1.3816198825562949,1.46551009466448,-0.08965533205435472
1.2919645505019401,1.3816198825562949,-0.09610055634180426
1.195863994160136,1.2919645505019401,-0.1037442944062077
1.0921196997539282,1.195863994160136,-0.11276004741833368
0.9793596523355945,1.0921196997539282,-0.1233138468282845
0.85604580550731,0.9793596523355945,-0.13557172408616291
0.7204740814211471,0.85604580550731,-0.14969971064207277
0.5707743707790743,0.7204740814211471,-0.1658638379461157
0.40491053283295864,0.5707743707790743,-0.18423013744839645
0.2206803953845622,0.40491053283295864,-0.20453298405607143
0.016147411328490763,0.2206803953845622,-0.22630116506849926
-0.2101537537400085,0.016147411328490763,-0.24663479075383837
-0.45678854449384687,-0.2101537537400085,-0.26133783690565004
-0.7181263813994969,-0.45678854449384687,-0.2662224606194049
-0.9843488420189018,-0.7181263813994969,-0.2564100147177567
-1.2407588567366585,-0.9843488420189018,-0.22940430133597234
-1.4701631580726309,-1.2407588567366585,-0.19025232283142657
-1.6604154809040574,-1.4701631580726309,-0.14499481601820197
-1.8054102969222594,-1.6604154809040574,-0.09889066605181496
-1.9043009629740744,-1.8054102969222594,-0.05839452982765336
-1.9626954928017277,-1.9043009629740744,-0.025903244866447128
-1.9885987376681749,-1.9626954928017277,-0.0009083600182715479
-1.9895070976864464,-1.9885987376681749,0.017576796716402
-1.9719303009700444,-1.9895070976864464,0.031309176920764736
-0.627516777523259,-0.5181611758605245,-0.10940002036976859
-0.7369167978930276,-0.627516777523259,-0.10634776816824676
-0.8432645660612743,-0.7369167978930276,-0.10025918402298051
-0.9435237500842548,-0.8432645660612743,-0.09150486225420407
-1.0350286123384589,-0.9435237500842548,-0.08045539718215111
-1.11548400952061,-1.0350286123384589,-0.06748138312705576
-1.1829653926476658,-1.11548400952061,-0.052949055089229535
-1.2359144477368953,-1.1829653926476658,-0.03750719105080691
-1.2734216387877022,-1.2359144477368953,-0.022325637273182153
-1.2957472760608844,-1.2734216387877022,-0.007688558271948809
-1.3034358343328332,-1.2957472760608844,0.006280896702129279
-1.2971549376307039,-1.3034358343328332,0.019459578398287825
-1.277695359232416,-1.2971549376307039,0.03172433756576298
-1.245971021666653,-1.277695359232416,0.042952025059532994
-1.20301899660712,-1.245971021666653,0.0534135151701427
-1.1496054814369774,-1.20301899660712,0.06370697314350626
-1.0858985082934711,-1.1496054814369774,0.07400004928101578
-1.0118984590124553,-1.0858985082934711,0.08460051802066704
-0.9272979409917883,-1.0118984590124553,0.09581615380045383
-0.8314817871913345,-0.9272979409917883,0.10795473105837161
-0.7235270561329629,-0.8314817871913345,0.12131888357972076
-0.6022081725532421,-0.7235270561329629,0.13615245972495904
-0.46605571282828306,-0.6022081725532421,0.1528556825668626
-0.31320003026142046,-0.46605571282828306,0.1712101140716592
-0.14198991618976126,-0.31320003026142046,0.19082919184489272
0.04883927565513148,-0.14198991618976126,0.21089574643869113
0.2597350220938226,0.04883927565513148,0.2292151299767372
0.4889501520705598,0.2597350220938226,0.2422916061116296
0.7312417581821894,0.4889501520705598,0.24624419674125453
0.9774859549234439,0.7312417581821894,0.23704605789856303
1.214532012822007,0.9774859549234439,0.21322900252736132
1.4277610153493683,1.214532012822007,0.17899216446470834
1.6067531798140766,1.4277610153493683,0.13916447734144488
1.7459176571555215,1.6067531798140766,0.09856659543714041
1.844484252592662,1.7459176571555215,0.061469573560750224
1.9059538261534121,1.844484252592662,0.030053145495428257
1.9360069716488404,1.9059538261534121,0.005308139265725043
1.9413151109145654,1.9360069716488404,-0.013365391713159758
1.9279497192014057,1.9413151109145654,-0.027343360382271475
1.9006063588191342,1.9279497192014057,-0.03825819577999101
1.8623481630391432,1.9006063588191342,-0.04674202642176839
1.8156061366173748,1.8623481630391432,-0.053560631645632295
1.7620455049717425,1.8156061366173748,-0.059528831966539464
1.702516673005203,1.7620455049717425,-0.06496390313673372
1.6375527698684693,1.702516673005203,-0.07016547185119149
1.5673872980172778,1.6375527698684693,-0.07542388918822662
1.4919634088290512,1.5673872980172778,-0.0809357782178699
1.4110276306111813,1.4919634088290512,-0.08690077917770789
1.3241268514334734,1.4110276306111813,-0.09352002269400606
1.2306068287394674,1.3241268514334734,-0.10099510934018108
-0.3104518293771244,-0.12177675489676831,-0.2041706773047149
-0.5146225066818393,-0.3104518293771244,-0.21470577484758535
-0.7293282815294246,-0.5146225066818393,-0.2177516096096439
-0.9470798911390685,-0.7293282815294246,-0.21094014719978804
-1.1580200383388566,-0.9470798911390685,-0.1925241921704286
-1.3505442305092852,-1.1580200383388566,-0.16429984070554293
-1.5148440712148281,-1.3505442305092852,-0.13010110318707113
-1.6449451744018992,-1.5148440712148281,-0.09426609458990409
-1.7392112689918033,-1.6449451744018992,-0.06093965772612964
-1.800150926717933,-1.7392112689918033,-0.03256389871484866
-1.8327148254327816,-1.800150926717933,-0.009261241514316065
-1.8419760669470977,-1.8327148254327816,0.00913386404511951
-1.8328422029019782,-1.8419760669470977,0.023513046460325926
-1.8093291564416523,-1.8328422029019782,0.03507691432028137
-1.774252242121371,-1.8093291564416523,0.04433626956470049
-1.7299159725566704,-1.774252242121371,0.05187266209404373
-1.6780433104626267,-1.7299159725566704,0.05849906300881402
-1.6195442474538126,-1.6780433104626267,0.06457594310737069
-1.554968304346442,-1.6195442474538126,0.07038786529876795
-1.484580439047674,-1.554968304346442,0.07623521362659291
-1.408345225421081,-1.484580439047674,0.08233316829764026
-1.3260120571234408,-1.408345225421081,0.08889279895452451
-1.2371192581689163,-1.3260120571234408,0.0961507823638863
-1.14096847580503,-1.2371192581689163,0.10434379529236604
-1.036624680512664,-1.14096847580503,0.1137085145066059
-0.9229161660060581,-1.036624680512664,0.12449282841116793
-0.7984233375948901,-0.9229161660060581,0.13702561664232826
-0.6613977209525619,-0.7984233375948901,0.15155842616752824
-0.5098392947850336,-0.6613977209525619,0.16825502305730644
-0.3415842717277272,-0.5098392947850336,0.18714741146122177
-0.15443686026650544,-0.3415842717277272,0.20769410184658488
0.05325724158007944,-0.15443686026650544,0.22849454676540804
0.2817517883454875,0.05325724158007944,0.24790550215858392
0.5296572905040714,0.2817517883454875,0.25927108058280623
0.7889283710868776,0.5296572905040714,0.2592312452924185
1.048159616379296,0.7889283710868776,0.24568950174352255
1.2938491181228187,1.048159616379296,0.2166139630324766
1.5104630811552953,1.2938491181228187,0.17477894445074083
1.685242025606036,1.5104630811552953,0.12902804046156136
1.8142700660675974,1.685242025606036,0.08462685519776936
1.8988969212653668,1.8142700660675974,0.04657602992335552
1.9454729511887223,1.8988969212653668,0.017032634826263715
1.962505586014986,1.9454729511887223,-0.005793134725617932
1.956712451289368,1.962505586014986,-0.02265879523680847
1.9340536560525596,1.956712451289368,-0.035119700931953046
1.8989339551206066,1.9340536560525596,-0.04493696448074269
1.853996990639864,1.8989339551206066,-0.05273779538511514
1.8012591952547488,1.853996990639864,-0.059231760047179005
1.7420274352075698,1.8012591952547488,-0.06509290600562756
1.6769345292019422,1.7420274352075698,-0.07062886050674755
-1.3228130927143036,-1.2421145636628572,-0.0629617432851659
-1.3857748359994695,-1.3228130927143036,-0.0452251573550706
-1.43099999335454,-1.3857748359994695,-0.028122028524258713
-1.4591220218787988,-1.43099999335454,-0.011977560580165303
-1.471099582458964,-1.4591220218787988,0.002883042689774129
-1.46821653976919,-1.471099582458964,0.016134577498124747
-1.4520819622710652,-1.46821653976919,0.027486803803763227
-1.424595158467302,-1.4520819622710652,0.03733251532944881
-1.3872626431378532,-1.424595158467302,0.046321592121249644
-1.3409410510166035,-1.3872626431378532,0.054715089038439135
-1.2862259619781644,-1.3409410510166035,0.06275912595495758
-1.2234668360232068,-1.2862259619781644,0.07069982274474484
-1.152767013278462,-1.2234668360232068,0.07878329928174166
-1.0739837139967203,-1.152767013278462,0.08695058720427351
-0.9870331267924468,-1.0739837139967203,0.09573594305595834
-0.8912971837364885,-0.9870331267924468,0.10587850033751178
-0.7854186833989767,-0.8912971837364885,0.11735837802457294
-0.6680603053744038,-0.7854186833989767,0.13015182541786452
-0.5379084799565392,-0.6680603053744038,0.14423509181810745
-0.3936733881384318,-0.5379084799565392,0.1595844265260249
-0.2340889616124069,-0.3936733881384318,0.17617607884233744
-0.05791288277006945,-0.2340889616124069,0.19396553151980223
0.13605264874973277,-0.05791288277006945,0.21140093167116625
0.347453580420899,0.13605264874973277,0.22566012984229133
0.5731137102631904,0.347453580420899,0.23372743056551748
0.8068411408287078,0.5731137102631904,0.23191396167052225
1.03875510249923,0.8068411408287078,0.21779622724645886
1.256551329745689,1.03875510249923,0.19121280895187387
1.4477641386975628,1.256551329745689,0.15570717143515078
1.6034713101327136,1.4477641386975628,0.11624114109164507
1.7197124512243587,1.6034713101327136,0.0770266870653642
1.7967391382897229,1.7197124512243587,0.042495537136088
1.8392346754258109,1.7967391382897229,0.015126491863673985
1.8543611672894849,1.8392346754258109,-0.0067678294215332
1.8475933378679517,1.8543611672894849,-0.02385310844428279
1.8237402294236689,1.8475933378679517,-0.03693600888924853
1.7868042205344203,1.8237402294236689,-0.04757947063115342
1.739224749903267,1.7868042205344203,-0.05653665911130168
1.6826880907919652,1.739224749903267,-0.06428921679880673
1.6183988739931585,1.6826880907919652,-0.07141130740424195
1.5469875665889166,1.6183988739931585,-0.07839393304008291
1.4685936335488337,1.5469875665889166,-0.0855372526331557
1.383056380915678,1.4685936335488337,-0.09313954773917921
1.2899168331764987,1.383056380915678,-0.10145333408490087
1.1884634990915979,1.2899168331764987,-0.11080629475940129
1.0776572043321966,1.1884634990915979,-0.12170377652292608
0.9559534278092705,1.0776572043321966,-0.13444401862523736
0.8215094091840331,0.9559534278092705,-0.1493166641547432
0.6721927450292899,0.8215094091840331,-0.1666113561998579
0.505581388829432,0.6721927450292899,-0.18661773784899516
-1.5517420988857724,-1.4803139786581134,-0.046734844928775
-1.5984769438145474,-1.5517420988857724,-0.02464531704706996
-1.6231222608616174,-1.5984769438145474,-0.005434837957474015
-1.6285570988190914,-1.6231222608616174,0.011044233511740886
-1.6175128653073505,-1.6285570988190914,0.024939538532301686
-1.5925733267750488,-1.6175128653073505,0.03651497303397511
-1.5560583537410737,-1.5925733267750488,0.046648597564001415
-1.5094097561770723,-1.5560583537410737,0.05586723093846313
-1.4535425252386092,-1.5094097561770723,0.06446544498262363
-1.3890770802559855,-1.4535425252386092,0.07273756247491936
-1.3163395177810662,-1.3890770802559855,0.08097790619378831
-1.2353616115872779,-1.3163395177810662,0.08940982146689391
-1.145951790120384,-1.2353616115872779,0.09837318361387548
-1.0475786065065085,-1.145951790120384,0.108400881172658
-0.9391777253338505,-1.0475786065065085,0.11975118261403284
-0.8194265427198176,-0.9391777253338505,0.13267448926752867
-0.686752053452289,-0.8194265427198176,0.14742120246267498
-0.539330850989614,-0.686752053452289,0.16424172352900301
-0.37508912746061096,-0.539330850989614,0.18332473918858003
-0.19176438827203093,-0.37508912746061096,0.20436578702859162
0.012601398756560689,-0.19176438827203093,0.2260781959416009
0.23867959469816158,0.012601398756560689,0.24606515044435562
0.4847447451425172,0.23867959469816158,0.26061957833004945
0.7453643234725666,0.4847447451425172,0.26435597956515733
1.009720303037724,0.7453643234725666,0.2534242353712455
1.2631445384089695,1.009720303037724,0.22587317357713887
1.4890177119861083,1.2631445384089695,0.18542176378988007
1.6744394757759884,1.4890177119861083,0.13880892965990643
1.8132484054358948,1.6744394757759884,0.09305523985700948
1.9063036452929043,1.8132484054358948,0.054062129352067556
1.9603657746449719,1.9063036452929043,0.023029345204642393
1.9833951198496143,1.9603657746449719,-0.0007213509714261157
1.9826737688781881,1.9833951198496143,-0.01818096223827137
1.9644928066399168,1.9826737688781881,-0.031352109413739226
1.9331406972261775,1.9644928066399168,-0.041304003593177985
1.8918366936329996,1.9331406972261775,-0.04894910607760261
1.842887587555397,1.8918366936329996,-0.05532315130032894
1.787564436255068,1.842887587555397,-0.06085116056113127
1.7267132756939367,1.787564436255068,-0.06591463367575057
1.6607986420181862,1.7267132756939367,-0.07086825869352498
1.5899303833246612,1.6607986420181862,-0.07592147861595011
1.514008904708711,1.5899303833246612,-0.08125898573858215
1.432749918970129,1.514008904708711,-0.08706138277265385
1.345688536197475,1.432749918970129,-0.09349429781509544
1.2521942383823796,1.345688536197475,-0.10081736477862324
1.1513768736037564,1.2521942383823796,-0.10928758406171313
1.0420892895420433,1.1513768736037564,-0.11915508717540235
0.9229342023666409,1.0420892895420433,-0.13067000563071907
0.7922641967359219,0.9229342023666409,-0.1440824709387003
0.6481817257972216,0.7922641967359219,-0.15964261461037876
-0.027568363156967646,-0.09718029509626502,0.07676159684977857
0.04919323369281093,-0.027568363156967646,0.08390496016128579
0.1330981938540967,0.04919323369281093,0.09073905548754294
0.22383724934163965,0.1330981938540967,0.0969029424601823
0.32074019180182195,0.22383724934163965,0.10203568071083635
0.4227758725126583,0.32074019180182195,0.10578072205566896
0.5285565945683273,0.4227758725126583,0.10771710545793656
0.6362737000262638,0.5285565945683273,0.10690737648965165
0.7431810765159155,0.6362737000262638,0.10325953705902102
0.8464406135749365,0.7431810765159155,0.09692979948250069
0.9433704130574372,0.8464406135749365,0.08807437607654633
1.0314447891339835,0.9433704130574372,0.07684947915761509
1.1082942682915986,1.0314447891339835,0.06342216656531852
1.1717164348569171,1.1082942682915986,0.04857922294541206
1.2202956578023292,1.1717164348569171,0.03349137848824091
1.25378703629057,1.2202956578023292,0.018499526587300474
1.2722865628778706,1.25378703629057,0.00386672297500934
1.27615328585288,1.2722865628778706,-0.01014397661621369
1.2660093092366662,1.27615328585288,-0.023269516453948924
1.2427397927827173,1.2660093092366662,-0.03528579192996828
1.207454000852749,1.2427397927827173,-0.04648207301938978
1.1609719278333592,1.207454000852749,-0.057250740227466235
1.103721187605893,1.1609719278333592,-0.06788717380075782
1.0358340138051352,1.103721187605893,-0.0786984487759479
0.9571355650291873,1.0358340138051352,-0.0899916401897205
0.8671439248394668,0.9571355650291873,-0.10207382307875812
0.7650701017607087,0.8671439248394668,-0.11525207247974412
0.6498180292809645,0.7650701017607087,-0.12975273010206423
0.5200652991789003,0.6498180292809645,-0.14600053939453395
0.3740647597843664,0.5200652991789003,-0.16413638782000461
0.20992837196436176,0.3740647597843664,-0.183652674902688
0.026275697061673764,0.20992837196436176,-0.2040241740744243
-0.17774847701275054,0.026275697061673764,-0.22390514229676695
-0.4016536193095175,-0.17774847701275054,-0.23968555435393857
-0.641339173663456,-0.4016536193095175,-0.2476646654557263
-0.8890038391191823,-0.641339173663456,-0.24422730233071466
-1.133231141449897,-0.8890038391191823,-0.22622656691331233
-1.3594577083632093,-1.133231141449897,-0.19461925565001148
-1.5540769640132208,-1.3594577083632093,-0.15430269238788363
-1.7083796564011045,-1.5540769640132208,-0.11143363498448378
-1.8198132913855882,-1.7083796564011045,-0.07194651620907
-1.8917598075946582,-1.8198132913855882,-0.038764335082261736
-1.93052414267692,-1.8917598075946582,-0.012343824071660459
-1.9428679667485804,-1.93052414267692,0.007759435598343467
-1.935108531150237,-1.9428679667485804,0.02308018894923869
-1.9120283422009983,-1.935108531150237,0.03454905815562204
-1.8774792840453762,-1.9120283422009983,0.04343501141030215
-1.834044272635074,-1.8774792840453762,0.0506551662000605
-1.7833891064350136,-1.834044272635074,0.05670555413515754
-1.726683552299856,-1.7833891064350136,0.062111330334770454
-1.0635859122558073,-1.0923626037964635,0.03961958937428167
-1.0239663228815257,-1.0635859122558073,0.050265918062788906
-0.9737004048187368,-1.0239663228815257,0.0609253161419685
-0.9127750886767683,-0.9737004048187368,0.07182279805372405
-0.8409522906230442,-0.9127750886767683,0.08318337823995825
-0.757768912383086,-0.8409522906230442,0.09523207114257415
-0.6625368412405118,-0.757768912383086,0.10819389120347445
-0.5543429500370374,-0.6625368412405118,0.12229780368564502
-0.43204514635139235,-0.5543429500370374,0.13780397963581648
-0.2942411667155759,-0.43204514635139235,0.1546834903932589
-0.13955767632231697,-0.2942411667155759,0.1726407990416267
0.03308312271930973,-0.13955767632231697,0.19096844314342754
0.22405156586273728,0.03308312271930973,0.20801820453454195
0.43206977039727923,0.22405156586273728,0.2214779773341573
0.6535477477314365,0.43206977039727923,0.22794557583358632
0.8814933235650229,0.6535477477314365,0.22356726315679043
1.1050605867218133,0.8814933235650229,0.20782820576032468
1.312888792482138,1.1050605867218133,0.18058099929011395
1.493469791772252,1.312888792482138,0.1450808765383238
1.6385506683105757,1.493469791772252,0.10728652172868491
1.7458371900392606,1.6385506683105757,0.07063613555337556
1.8164733255926362,1.7458371900392606,0.038451659276620864
1.854924984869257,1.8164733255926362,0.013106999306534473
1.8680319841757915,1.854924984869257,-0.006863658928018435
1.861168325247773,1.8680319841757915,-0.022318747495229108
1.838849577752544,1.861168325247773,-0.034204949250592476
1.8046446285019515,1.838849577752544,-0.043795963225735424
1.760848665276216,1.8046446285019515,-0.05168933682021115
1.709159328456005,1.760848665276216,-0.05840714123596458
1.6507521872200404,1.709159328456005,-0.06453170207414582
1.5862204851458945,1.6507521872200404,-0.07039355343892129
1.5158269317069732,1.5862204851458945,-0.07623884515195223
1.439588086555021,1.5158269317069732,-0.08231368475981138
1.3572744017952096,1.439588086555021,-0.08884497708857642
1.2684294247066332,1.3572744017952096,-0.09606312685932261
1.1723662978473106,1.2684294247066332,-0.1042272275996412
1.0681390702476694,1.1723662978473106,-0.11359766189951959
0.9545414083481498,1.0681390702476694,-0.12443481234894305
0.8301065959992068,0.9545414083481498,-0.13699906153789865
0.6931075344613081,0.8301065959992068,-0.1515506139233861
0.541556920537922,0.6931075344613081,-0.16831878197961098
0.37323813855831106,0.541556920537922,-0.18765077199057872
0.18558736656773234,0.37323813855831106,-0.20872750914242288
-0.023140142574690548,0.18558736656773234,-0.23031355509401003
-0.2534536976687006,-0.023140142574690548,-0.2503247425534693
-0.5037784402221699,-0.2534536976687006,-0.26383613520453897
-0.7676145754267089,-0.5037784402221699,-0.26631793019638084
-1.0339325056230897,-0.7676145754267089,-0.2535757689794509
-1.2875082746025406,-1.0339325056230897,-0.22404206503770085
-1.5115503396402414,-1.2875082746025406,-0.18194957990281102
0.7941704680847639,0.6792559787300414,0.11095086549762156
0.9051213335823854,0.7941704680847639,0.1034443401782571
1.0085656737606425,0.9051213335823854,0.0928613731361081
1.1014270468967506,1.0085656737606425,0.07985613467499153
1.1812831815717422,1.1014270468967506,0.06508279509872406
1.2463659766704662,1.1812831815717422,0.04919393353179191
1.2955599102022581,1.2463659766704662,0.03292105259184552
1.3284809627941037,1.2955599102022581,0.01731712770878202
1.3457980905028857,1.3284809627941037,0.002648064742299061
1.3484461552451847,1.3457980905028857,-0.011039180753018352
1.3374069744921664,1.3484461552451847,-0.023697653222585435
1.313709321269581,1.3374069744921664,-0.0352803971118163
1.2784289241577647,1.313709321269581,-0.04579920252671643
1.2326297216310482,1.2784289241577647,-0.05586052000227859
1.1767692016287696,1.2326297216310482,-0.06570220840237373
1.111066993226396,1.1767692016287696,-0.07556413477839241
1.0355028584480035,1.111066993226396,-0.08574696592465658
0.9497558925233469,1.0355028584480035,-0.09655136863548752
0.8532045238878594,0.9497558925233469,-0.10827431192838977
0.7449302119594696,0.8532045238878594,-0.12113246467093197
0.6237977472885377,0.7449302119594696,-0.1356952619825038
0.48810248530603384,0.6237977472885377,-0.15201148209690335
0.3360910032091305,0.48810248530603384,-0.1699159050078674
0.16617509820126308,0.3360910032091305,-0.18924062878247405
-0.023065530581210983,0.16617509820126308,-0.20926826627403983
-0.23233379685525082,-0.023065530581210983,-0.227760779508728
-0.4600945763639788,-0.23233379685525082,-0.241317844722498
-0.7014124210864768,-0.4600945763639788,-0.24629277555728013
-0.947705196643757,-0.7014124210864768,-0.23904098170116728
-1.1867461783449242,-0.947705196643757,-0.21723193103030858
-1.4039781093752328,-1.1867461783449242,-0.18304943771465831
-1.5870275470898911,-1.4039781093752328,-0.141870587584648
-1.7288981346745391,-1.5870275470898911,-0.09963643256785759
-1.8285345672423967,-1.7288981346745391,-0.06183435181782837
-1.890368919060225,-1.8285345672423967,-0.03049977977242535
-1.9208686988326504,-1.890368919060225,-0.0057117219693128
-1.9265804208019632,-1.9208686988326504,0.013118515576918233
-1.913461905225045,-1.9265804208019632,0.02760792344757479
-1.8858539817774702,-1.913461905225045,0.03861661744783462
-1.8472373643296356,-1.8858539817774702,0.04722031285608419
-1.8000170514735514,-1.8472373643296356,0.054395036128106256
-1.7456220153454451,-1.8000170514735514,0.06058257440314896
-1.6850394409422962,-1.7456220153454451,0.06622568297812426
-1.618813757964172,-1.6850394409422962,0.07171095485361212
-1.5471028031105598,-1.618813757964172,0.07726876636007685
-1.469834036750483,-1.5471028031105598,0.0831119973605785
-1.3867220393899045,-1.469834036750483,0.08945607690225965
-1.2972659624876448,-1.3867220393899045,0.09651775974911359
-1.2007482027385312,-1.2972659624876448,0.10452229810679503
-1.0962259046317362,-1.2007482027385312,0.11372810451493309
